{
  "Dataset": {
    "AtomTypeStyle": "chemicalsymbol",
    "Data": [
      {
        "AtomTypes": [
          "Pt",
          "Pt",
          "Pt",
          "Pt",
          "Pt",
          "Pt",
          "Pt",
          "Pt",
          "Pt",
          "Pt",
          "Pt",
          "Pt",
          "Pt",
          "Pt",
          "Pt",
          "Pt",
          "Pt",
          "Pt",
          "Pt",
          "Pt",
          "Pt",
          "Pt",
          "Pt",
          "Pt",
          "Pt",
          "Pt",
          "Pt",
          "Pt",
          "Pt",
          "Pt",
          "Pt",
          "Pt",
          "Pt",
          "Pt",
          "Pt",
          "Pt",
          "Pt",
          "Pt",
          "Pt",
          "Pt",
          "Pt",
          "Pt",
          "Pt",
          "Pt",
          "Pt",
          "Pt",
          "Pt",
          "Pt",
          "Pt",
          "Pt",
          "Pt",
          "Pt",
          "Pt",
          "Pt",
          "Pt",
          "Pt",
          "Pt",
          "Pt",
          "Pt",
          "Pt",
          "Pt",
          "Pt",
          "Pt",
          "Pt",
          "H",
          "H",
          "H"
        ],
        "Energy": -211.82464363,
        "Forces": [
          [
            -0.00857,
            0.024089,
            -0.084315
          ],
          [
            -0.001263,
            -0.024271,
            -0.050835
          ],
          [
            0.006062,
            0.024098,
            -0.08437
          ],
          [
            -0.001242,
            -0.094111,
            -0.110759
          ],
          [
            0.001308,
            0.029301,
            -0.07692
          ],
          [
            -0.021139,
            -0.083161,
            -0.115021
          ],
          [
            0.001323,
            -0.005045,
            -0.089716
          ],
          [
            0.023694,
            -0.083149,
            -0.115049
          ],
          [
            0.009226,
            0.003102,
            -0.059027
          ],
          [
            -0.062778,
            0.024883,
            -0.118477
          ],
          [
            -0.004236,
            -0.000851,
            -0.067792
          ],
          [
            0.005987,
            0.053584,
            -0.17006
          ],
          [
            -0.007386,
            0.002573,
            -0.059916
          ],
          [
            -0.004258,
            0.053021,
            -0.170949
          ],
          [
            0.00596,
            -0.001356,
            -0.068772
          ],
          [
            0.064434,
            0.024349,
            -0.119299
          ],
          [
            -0.003293,
            -0.036298,
            0.038909
          ],
          [
            -0.007354,
            0.002487,
            -0.012056
          ],
          [
            -0.003304,
            0.011641,
            -0.087113
          ],
          [
            0.000231,
            0.002412,
            -0.012639
          ],
          [
            0.027937,
            0.056762,
            0.364945
          ],
          [
            -0.008499,
            -0.011797,
            0.038993
          ],
          [
            -0.055065,
            0.008985,
            0.172175
          ],
          [
            0.012473,
            0.004119,
            0.071059
          ],
          [
            0.055465,
            0.007835,
            0.171546
          ],
          [
            0.008904,
            -0.012952,
            0.038038
          ],
          [
            -0.027781,
            0.055663,
            0.363716
          ],
          [
            -0.012279,
            0.002747,
            0.070846
          ],
          [
            -0.005928,
            -0.046368,
            0.128405
          ],
          [
            0.001225,
            0.031984,
            0.04335
          ],
          [
            0.008326,
            -0.046187,
            0.12852
          ],
          [
            0.001211,
            0.036504,
            -0.038616
          ],
          [
            -0.000218,
            0.002277,
            0.005888
          ],
          [
            -0.000423,
            0.004098,
            0.012131
          ],
          [
            -0.000453,
            0.005086,
            0.009685
          ],
          [
            0.000672,
            0.004821,
            0.010767
          ],
          [
            0.001608,
            0.00211,
            0.006528
          ],
          [
            -0.000356,
            0.012416,
            0.000795
          ],
          [
            -0.00289,
            0.001848,
            0.007365
          ],
          [
            -0.00075,
            0.004838,
            0.005996
          ],
          [
            0.002509,
            -0.003111,
            -0.005438
          ],
          [
            0.004409,
            -0.002114,
            -0.000779
          ],
          [
            0.00448,
            0.001552,
            0.007189
          ],
          [
            -0.001149,
            -0.008202,
            -0.003446
          ],
          [
            -0.00503,
            0.001701,
            0.006811
          ],
          [
            -0.003192,
            -0.001539,
            -0.001424
          ],
          [
            -0.002186,
            -0.00287,
            -0.005259
          ],
          [
            -1.2e-05,
            -0.007272,
            -0.003533
          ],
          [
            0.001479,
            0.00522,
            0.004697
          ],
          [
            0.00192,
            -0.016801,
            0.008522
          ],
          [
            0.003598,
            0.009894,
            0.01055
          ],
          [
            -0.007166,
            -0.010434,
            0.005907
          ],
          [
            -0.001408,
            0.004753,
            0.004473
          ],
          [
            0.007371,
            -0.010756,
            0.005453
          ],
          [
            -0.002776,
            0.009825,
            0.010015
          ],
          [
            -0.002588,
            -0.01667,
            0.008727
          ],
          [
            0.000541,
            -0.001491,
            0.004493
          ],
          [
            0.000359,
            -0.001497,
            0.004872
          ],
          [
            -7.1e-05,
            -0.002826,
            -0.114303
          ],
          [
            0.001207,
            -0.001956,
            0.004798
          ],
          [
            0.006191,
            0.001675,
            -0.115426
          ],
          [
            0.00056,
            0.001513,
            0.001885
          ],
          [
            -0.006674,
            0.001331,
            -0.115589
          ],
          [
            0.000687,
            -0.001287,
            0.002825
          ],
          [
            -0.014814,
            0.000314,
            0.100757
          ],
          [
            0.000101,
            -0.001318,
            0.094511
          ],
          [
            0.015072,
            0.00028,
            0.100755
          ]
        ],
        "Lattice": [
          [
            11.254311534,
            0.0,
            0.0
          ],
          [
            5.627155767,
            9.746519691,
            0.0
          ],
          [
            0.0,
            0.0,
            21.483230925
          ]
        ],
        "NumAtoms": 67,
        "Positions": [
          [
            4.22079,
            2.43687,
            0.0
          ],
          [
            7.03437,
            7.31013,
            0.0
          ],
          [
            9.84794,
            2.43687,
            0.0
          ],
          [
            12.66152,
            7.31013,
            0.0
          ],
          [
            1.40693,
            2.43687,
            0.0
          ],
          [
            4.22051,
            7.31013,
            0.0
          ],
          [
            7.03409,
            2.43687,
            0.0
          ],
          [
            9.84766,
            7.31013,
            0.0
          ],
          [
            2.81385,
            0.0,
            0.0
          ],
          [
            5.62743,
            4.87326,
            0.0
          ],
          [
            8.44101,
            0.0,
            0.0
          ],
          [
            11.25459,
            4.87326,
            0.0
          ],
          [
            0.0,
            0.0,
            0.0
          ],
          [
            2.81358,
            4.87326,
            0.0
          ],
          [
            5.62716,
            0.0,
            0.0
          ],
          [
            8.44073,
            4.87326,
            0.0
          ],
          [
            7.03462,
            4.06144,
            2.2975
          ],
          [
            9.8482,
            8.9347,
            2.2975
          ],
          [
            12.66177,
            4.06144,
            2.2975
          ],
          [
            15.47535,
            8.9347,
            2.2975
          ],
          [
            5.62769,
            1.62456,
            2.2975
          ],
          [
            8.44127,
            6.49782,
            2.2975
          ],
          [
            11.25484,
            1.62456,
            2.2975
          ],
          [
            14.06842,
            6.49782,
            2.2975
          ],
          [
            2.81383,
            1.62456,
            2.2975
          ],
          [
            5.62741,
            6.49782,
            2.2975
          ],
          [
            8.44098,
            1.62456,
            2.2975
          ],
          [
            11.25456,
            6.49782,
            2.2975
          ],
          [
            4.22076,
            4.06144,
            2.2975
          ],
          [
            7.03434,
            8.9347,
            2.2975
          ],
          [
            9.84791,
            4.06144,
            2.2975
          ],
          [
            12.66149,
            8.9347,
            2.2975
          ],
          [
            1.40729,
            0.81491,
            4.57109
          ],
          [
            4.22496,
            5.68039,
            4.56469
          ],
          [
            7.03444,
            0.83164,
            4.60618
          ],
          [
            9.84385,
            5.68035,
            4.56476
          ],
          [
            4.22273,
            0.83511,
            4.60049
          ],
          [
            7.03441,
            5.6716,
            4.56606
          ],
          [
            9.84606,
            0.83508,
            4.6004
          ],
          [
            12.66163,
            5.67626,
            4.56111
          ],
          [
            2.83219,
            3.24093,
            4.58884
          ],
          [
            5.62479,
            8.127,
            4.56659
          ],
          [
            8.43377,
            3.22836,
            4.62258
          ],
          [
            11.2558,
            8.13554,
            4.5643
          ],
          [
            5.63523,
            3.22846,
            4.62247
          ],
          [
            8.44391,
            8.12693,
            4.56654
          ],
          [
            11.23674,
            3.24094,
            4.58872
          ],
          [
            14.0674,
            8.13545,
            4.56424
          ],
          [
            8.43852,
            9.73566,
            6.8719
          ],
          [
            5.62526,
            4.88224,
            6.87053
          ],
          [
            14.06851,
            9.72531,
            6.87769
          ],
          [
            11.26194,
            4.8811,
            6.8726
          ],
          [
            5.62994,
            9.73569,
            6.87189
          ],
          [
            14.06101,
            4.88109,
            6.87261
          ],
          [
            11.25417,
            9.72536,
            6.87783
          ],
          [
            8.44349,
            4.88225,
            6.8705
          ],
          [
            12.66135,
            2.44248,
            6.86726
          ],
          [
            4.22145,
            7.30625,
            6.8719
          ],
          [
            7.0343,
            2.43557,
            7.03952
          ],
          [
            9.84688,
            7.30635,
            6.87184
          ],
          [
            4.21299,
            2.43331,
            7.02514
          ],
          [
            7.03418,
            7.30887,
            6.8726
          ],
          [
            9.85561,
            2.43332,
            7.02517
          ],
          [
            12.66133,
            7.30823,
            6.87311
          ],
          [
            4.15092,
            2.43951,
            8.58014
          ],
          [
            7.0341,
            2.43913,
            8.59535
          ],
          [
            9.91727,
            2.43945,
            8.58019
          ]
        ],
        "Stress": [
          [
            -45.56406,
            0.00043,
            0.00776
          ],
          [
            0.00043,
            -45.68833,
            0.02495
          ],
          [
            0.00776,
            0.02495,
            2.01144
          ]
        ],
        "computation_code": "VASP",
        "pseudopotential_information": [
          [
            "PAW_PBE",
            "Pt",
            "04Feb2005"
          ],
          [
            "PAW_PBE",
            "H",
            "15Jun2001"
          ]
        ]
      }
    ],
    "EnergyStyle": "electronvolt",
    "ForcesStyle": "electronvoltperangstrom",
    "LatticeStyle": "angstrom",
    "PositionsStyle": "angstrom",
    "StressStyle": "kB"
  }
}