{
  "Dataset": {
    "AtomTypeStyle": "chemicalsymbol",
    "Data": [
      {
        "AtomTypes": [
          "Pt",
          "Pt",
          "Pt",
          "Pt",
          "Pt",
          "Pt",
          "Pt",
          "Pt",
          "Pt",
          "Pt",
          "Pt",
          "Pt",
          "Pt",
          "Pt",
          "Pt",
          "Pt",
          "Pt",
          "Pt",
          "Pt",
          "Pt",
          "Pt",
          "Pt",
          "Pt",
          "Pt",
          "Pt",
          "Pt",
          "Pt",
          "Pt",
          "Pt",
          "Pt",
          "Pt",
          "Pt",
          "Pt",
          "Pt",
          "Pt",
          "Pt",
          "Pt",
          "Pt",
          "Pt",
          "Pt",
          "Pt",
          "Pt",
          "Pt",
          "Pt",
          "Pt",
          "Pt",
          "Pt",
          "Pt",
          "Pt",
          "Pt",
          "Pt",
          "Pt",
          "Pt",
          "Pt",
          "Pt",
          "Pt",
          "Pt",
          "Pt",
          "Pt",
          "Pt",
          "Pt",
          "Pt",
          "Pt",
          "Pt",
          "O",
          "O",
          "O"
        ],
        "Energy": -340.82234003,
        "Forces": [
          [
            -0.002862,
            0.0,
            0.334416
          ],
          [
            0.060526,
            0.0,
            0.300349
          ],
          [
            -0.020924,
            0.0,
            0.351472
          ],
          [
            -0.032695,
            0.0,
            0.187802
          ],
          [
            -0.016848,
            0.006544,
            0.420165
          ],
          [
            -0.016848,
            -0.006544,
            0.420165
          ],
          [
            0.027283,
            0.00132,
            0.409171
          ],
          [
            0.027283,
            -0.00132,
            0.409171
          ],
          [
            0.002862,
            0.0,
            0.334416
          ],
          [
            -0.060526,
            0.0,
            0.300349
          ],
          [
            0.020924,
            0.0,
            0.351472
          ],
          [
            0.032695,
            0.0,
            0.187802
          ],
          [
            0.016848,
            0.006544,
            0.420165
          ],
          [
            0.016848,
            -0.006544,
            0.420165
          ],
          [
            -0.027283,
            0.00132,
            0.409171
          ],
          [
            -0.027283,
            -0.00132,
            0.409171
          ],
          [
            -0.035163,
            -0.014485,
            -0.231876
          ],
          [
            -0.001067,
            -0.028111,
            -0.136293
          ],
          [
            0.035163,
            -0.014485,
            -0.231876
          ],
          [
            0.001067,
            -0.028111,
            -0.136293
          ],
          [
            -0.0,
            -0.051744,
            -0.302325
          ],
          [
            -0.0,
            -0.039607,
            -0.129033
          ],
          [
            -0.0,
            -0.052149,
            -0.281002
          ],
          [
            -0.0,
            0.007753,
            -0.127314
          ],
          [
            -0.035163,
            0.014485,
            -0.231876
          ],
          [
            -0.001067,
            0.028111,
            -0.136293
          ],
          [
            0.035163,
            0.014485,
            -0.231876
          ],
          [
            0.001067,
            0.028111,
            -0.136293
          ],
          [
            -0.0,
            0.051744,
            -0.302325
          ],
          [
            -0.0,
            0.039607,
            -0.129033
          ],
          [
            -0.0,
            0.052149,
            -0.281002
          ],
          [
            -0.0,
            -0.007753,
            -0.127314
          ],
          [
            -0.010513,
            0.0,
            -0.31835
          ],
          [
            0.006644,
            0.0,
            -0.010015
          ],
          [
            0.049756,
            0.0,
            -0.137718
          ],
          [
            0.00521,
            0.0,
            0.047447
          ],
          [
            0.010513,
            0.0,
            -0.31835
          ],
          [
            -0.006644,
            0.0,
            -0.010015
          ],
          [
            -0.049756,
            0.0,
            -0.137718
          ],
          [
            -0.00521,
            0.0,
            0.047447
          ],
          [
            -0.015595,
            0.183905,
            -0.185807
          ],
          [
            -0.015595,
            -0.183905,
            -0.185807
          ],
          [
            0.086573,
            0.12087,
            -0.123273
          ],
          [
            0.086573,
            -0.12087,
            -0.123273
          ],
          [
            0.015595,
            0.183905,
            -0.185807
          ],
          [
            0.015595,
            -0.183905,
            -0.185807
          ],
          [
            -0.086573,
            0.12087,
            -0.123273
          ],
          [
            -0.086573,
            -0.12087,
            -0.123273
          ],
          [
            -0.171179,
            0.270522,
            0.542124
          ],
          [
            -0.043633,
            0.341852,
            -0.238481
          ],
          [
            0.171179,
            0.270522,
            0.542124
          ],
          [
            0.043633,
            0.341852,
            -0.238481
          ],
          [
            -0.0,
            0.355711,
            0.575621
          ],
          [
            -0.0,
            0.378295,
            -0.203397
          ],
          [
            -0.0,
            -0.139526,
            -0.51779
          ],
          [
            -0.0,
            0.086179,
            -0.252248
          ],
          [
            -0.171179,
            -0.270522,
            0.542124
          ],
          [
            -0.043633,
            -0.341852,
            -0.238481
          ],
          [
            0.171179,
            -0.270522,
            0.542124
          ],
          [
            0.043633,
            -0.341852,
            -0.238481
          ],
          [
            -0.0,
            -0.355711,
            0.575621
          ],
          [
            -0.0,
            -0.378295,
            -0.203397
          ],
          [
            -0.0,
            0.139526,
            -0.51779
          ],
          [
            -0.0,
            -0.086179,
            -0.252248
          ],
          [
            0.004814,
            0.0,
            -0.226908
          ],
          [
            -0.004814,
            0.0,
            -0.226908
          ],
          [
            -0.0,
            0.0,
            -0.404929
          ]
        ],
        "Lattice": [
          [
            11.285424233,
            0.0,
            0.0
          ],
          [
            0.0,
            11.285424233,
            0.0
          ],
          [
            0.0,
            0.0,
            19.570980073
          ]
        ],
        "NumAtoms": 67,
        "Positions": [
          [
            4.23203,
            1.41068,
            0.0
          ],
          [
            4.23203,
            7.05339,
            0.0
          ],
          [
            9.87475,
            1.41068,
            0.0
          ],
          [
            9.87475,
            7.05339,
            0.0
          ],
          [
            4.23203,
            4.23203,
            0.0
          ],
          [
            4.23203,
            9.87475,
            0.0
          ],
          [
            9.87475,
            4.23203,
            0.0
          ],
          [
            9.87475,
            9.87475,
            0.0
          ],
          [
            1.41068,
            1.41068,
            0.0
          ],
          [
            1.41068,
            7.05339,
            0.0
          ],
          [
            7.05339,
            1.41068,
            0.0
          ],
          [
            7.05339,
            7.05339,
            0.0
          ],
          [
            1.41068,
            4.23203,
            0.0
          ],
          [
            1.41068,
            9.87475,
            0.0
          ],
          [
            7.05339,
            4.23203,
            0.0
          ],
          [
            7.05339,
            9.87475,
            0.0
          ],
          [
            0.0,
            0.0,
            1.99507
          ],
          [
            0.0,
            5.64271,
            1.99507
          ],
          [
            5.64271,
            0.0,
            1.99507
          ],
          [
            5.64271,
            5.64271,
            1.99507
          ],
          [
            2.82136,
            0.0,
            1.99507
          ],
          [
            2.82136,
            5.64271,
            1.99507
          ],
          [
            8.46407,
            0.0,
            1.99507
          ],
          [
            8.46407,
            5.64271,
            1.99507
          ],
          [
            0.0,
            2.82136,
            1.99507
          ],
          [
            0.0,
            8.46407,
            1.99507
          ],
          [
            5.64271,
            2.82136,
            1.99507
          ],
          [
            5.64271,
            8.46407,
            1.99507
          ],
          [
            2.82136,
            2.82136,
            1.99507
          ],
          [
            2.82136,
            8.46407,
            1.99507
          ],
          [
            8.46407,
            2.82136,
            1.99507
          ],
          [
            8.46407,
            8.46407,
            1.99507
          ],
          [
            1.41111,
            1.41068,
            3.96882
          ],
          [
            1.41089,
            7.05339,
            3.99107
          ],
          [
            7.05997,
            1.41068,
            3.98033
          ],
          [
            7.05318,
            7.05339,
            3.99245
          ],
          [
            4.2316,
            1.41068,
            3.96882
          ],
          [
            4.23182,
            7.05339,
            3.99107
          ],
          [
            9.86817,
            1.41068,
            3.98033
          ],
          [
            9.87496,
            7.05339,
            3.99245
          ],
          [
            1.41055,
            4.22968,
            3.99659
          ],
          [
            1.41055,
            9.8771,
            3.99659
          ],
          [
            7.05096,
            4.23073,
            3.99348
          ],
          [
            7.05096,
            9.87605,
            3.99348
          ],
          [
            4.23216,
            4.22968,
            3.99659
          ],
          [
            4.23216,
            9.8771,
            3.99659
          ],
          [
            9.87718,
            4.23073,
            3.99348
          ],
          [
            9.87718,
            9.87605,
            3.99348
          ],
          [
            -0.00723,
            -0.11514,
            5.92234
          ],
          [
            -0.00054,
            5.64344,
            5.97812
          ],
          [
            5.64995,
            -0.11514,
            5.92234
          ],
          [
            5.64325,
            5.64344,
            5.97812
          ],
          [
            2.82136,
            -0.11708,
            5.9207
          ],
          [
            2.82136,
            5.64374,
            5.97914
          ],
          [
            8.46407,
            -0.00433,
            5.97344
          ],
          [
            8.46407,
            5.64462,
            5.97961
          ],
          [
            -0.00723,
            2.9365,
            5.92234
          ],
          [
            -0.00054,
            8.46334,
            5.97812
          ],
          [
            5.64995,
            2.9365,
            5.92234
          ],
          [
            5.64325,
            8.46334,
            5.97812
          ],
          [
            2.82136,
            2.93844,
            5.9207
          ],
          [
            2.82136,
            8.46304,
            5.97914
          ],
          [
            8.46407,
            2.82569,
            5.97344
          ],
          [
            8.46407,
            8.46216,
            5.97961
          ],
          [
            0.00175,
            1.41068,
            7.16716
          ],
          [
            5.64096,
            1.41068,
            7.16716
          ],
          [
            2.82136,
            1.41068,
            7.16715
          ]
        ],
        "Stress": [
          [
            -31.33474,
            0.0,
            0.0
          ],
          [
            0.0,
            -32.26636,
            0.0
          ],
          [
            0.0,
            0.0,
            -13.82178
          ]
        ],
        "computation_code": "VASP",
        "pseudopotential_information": [
          [
            "PAW_PBE",
            "Pt",
            "04Feb2005"
          ],
          [
            "PAW_PBE",
            "O",
            "08Apr2002"
          ]
        ]
      }
    ],
    "EnergyStyle": "electronvolt",
    "ForcesStyle": "electronvoltperangstrom",
    "LatticeStyle": "angstrom",
    "PositionsStyle": "angstrom",
    "StressStyle": "kB"
  }
}