{
  "Dataset": {
    "AtomTypeStyle": "chemicalsymbol",
    "Data": [
      {
        "AtomTypes": [
          "Pt",
          "Pt",
          "Pt",
          "Pt",
          "Pt",
          "Pt",
          "Pt",
          "Pt",
          "Pt",
          "Pt",
          "Pt",
          "Pt",
          "Pt",
          "Pt",
          "Pt",
          "Pt",
          "Pt",
          "Pt",
          "Pt",
          "Pt",
          "Pt",
          "Pt",
          "Pt",
          "Pt",
          "Pt",
          "Pt",
          "Pt",
          "Pt",
          "Pt",
          "Pt",
          "Pt",
          "Pt",
          "Pt",
          "Pt",
          "Pt",
          "Pt",
          "Pt",
          "Pt",
          "Pt",
          "Pt",
          "Pt",
          "Pt",
          "Pt",
          "Pt",
          "Pt",
          "Pt",
          "Pt",
          "Pt",
          "Pt",
          "Pt",
          "Pt",
          "Pt",
          "Pt",
          "Pt",
          "Pt",
          "Pt",
          "Pt",
          "Pt",
          "Pt",
          "Pt",
          "Pt",
          "Pt",
          "Pt",
          "Pt",
          "O",
          "O",
          "O"
        ],
        "Energy": -340.8364362,
        "Forces": [
          [
            0.006715,
            0.005103,
            0.368804
          ],
          [
            0.068931,
            -0.031515,
            0.330071
          ],
          [
            -0.032131,
            -0.001763,
            0.34289
          ],
          [
            -0.077046,
            0.014818,
            0.32453
          ],
          [
            -0.012429,
            -0.002362,
            0.398539
          ],
          [
            -0.02113,
            0.021069,
            0.385989
          ],
          [
            0.01157,
            -0.022135,
            0.371522
          ],
          [
            -0.01234,
            0.026245,
            0.337873
          ],
          [
            0.024352,
            0.002471,
            0.372181
          ],
          [
            0.027929,
            -0.01945,
            0.368846
          ],
          [
            0.009886,
            -0.002894,
            0.306651
          ],
          [
            -0.022183,
            0.005581,
            0.125364
          ],
          [
            -0.024348,
            0.000933,
            0.409409
          ],
          [
            -0.026675,
            0.018008,
            0.398491
          ],
          [
            0.01603,
            0.022733,
            0.337468
          ],
          [
            0.071308,
            -0.032334,
            0.295407
          ],
          [
            0.132644,
            -0.005824,
            -0.330797
          ],
          [
            0.128913,
            -0.077298,
            -0.299834
          ],
          [
            -0.135691,
            -0.051552,
            -0.44807
          ],
          [
            -0.125194,
            0.063269,
            -0.453559
          ],
          [
            -0.038224,
            0.063566,
            -0.210317
          ],
          [
            -0.090608,
            -0.161687,
            -0.142687
          ],
          [
            0.071974,
            -0.051806,
            -0.483542
          ],
          [
            0.053536,
            0.032409,
            -0.53457
          ],
          [
            0.134154,
            -0.02597,
            -0.351787
          ],
          [
            0.138966,
            0.125642,
            -0.30158
          ],
          [
            -0.165599,
            -0.015805,
            -0.437397
          ],
          [
            -0.137617,
            -0.031999,
            -0.478152
          ],
          [
            -0.05611,
            0.04995,
            -0.215468
          ],
          [
            -0.080498,
            0.01846,
            -0.192143
          ],
          [
            0.095291,
            0.03788,
            -0.475575
          ],
          [
            0.071889,
            0.020775,
            -0.492367
          ],
          [
            -0.03319,
            -0.006307,
            -0.031303
          ],
          [
            0.004865,
            -0.017927,
            0.031707
          ],
          [
            -0.002746,
            0.009867,
            0.043998
          ],
          [
            0.007089,
            -0.010569,
            0.010283
          ],
          [
            0.019337,
            -0.020175,
            -0.103342
          ],
          [
            -0.050694,
            -0.004317,
            0.00671
          ],
          [
            -0.020675,
            0.017282,
            -0.02999
          ],
          [
            0.018803,
            -0.020083,
            0.055331
          ],
          [
            -0.002458,
            0.006974,
            -0.05984
          ],
          [
            0.037285,
            0.003965,
            -0.014884
          ],
          [
            0.001504,
            -0.018361,
            0.04091
          ],
          [
            0.007298,
            0.018449,
            0.028292
          ],
          [
            0.018743,
            0.02725,
            -0.090954
          ],
          [
            -0.027693,
            0.017744,
            0.020089
          ],
          [
            -0.006974,
            -0.000817,
            -0.00119
          ],
          [
            -0.008252,
            -0.016896,
            -0.038205
          ],
          [
            -0.000903,
            0.062213,
            0.050022
          ],
          [
            0.043059,
            -0.012212,
            0.090833
          ],
          [
            -0.034647,
            0.00337,
            0.013564
          ],
          [
            -0.056433,
            -0.0103,
            0.038254
          ],
          [
            -0.011811,
            0.018122,
            0.032691
          ],
          [
            -0.026159,
            -0.067201,
            0.031386
          ],
          [
            0.03077,
            0.025332,
            0.001723
          ],
          [
            0.011077,
            -0.015245,
            -0.086847
          ],
          [
            0.044393,
            -0.041814,
            0.0971
          ],
          [
            0.014892,
            0.004334,
            0.008291
          ],
          [
            -0.043355,
            -0.004575,
            0.079756
          ],
          [
            -0.014982,
            0.00094,
            -0.043448
          ],
          [
            0.082006,
            0.047524,
            0.197861
          ],
          [
            -0.000235,
            0.001942,
            -0.003277
          ],
          [
            8.5e-05,
            -0.011703,
            -0.018772
          ],
          [
            0.009478,
            0.005808,
            -0.046721
          ],
          [
            -0.068711,
            -0.009249,
            -0.030005
          ],
          [
            0.00193,
            -0.037215,
            0.004333
          ],
          [
            0.05104,
            0.059334,
            0.089459
          ]
        ],
        "Lattice": [
          [
            11.285424233,
            0.0,
            0.0
          ],
          [
            0.0,
            11.285424233,
            0.0
          ],
          [
            0.0,
            0.0,
            19.570980073
          ]
        ],
        "NumAtoms": 67,
        "Positions": [
          [
            4.23203,
            1.41068,
            0.0
          ],
          [
            4.23203,
            7.05339,
            0.0
          ],
          [
            9.87475,
            1.41068,
            0.0
          ],
          [
            9.87475,
            7.05339,
            0.0
          ],
          [
            4.23203,
            4.23203,
            0.0
          ],
          [
            4.23203,
            9.87475,
            0.0
          ],
          [
            9.87475,
            4.23203,
            0.0
          ],
          [
            9.87475,
            9.87475,
            0.0
          ],
          [
            1.41068,
            1.41068,
            0.0
          ],
          [
            1.41068,
            7.05339,
            0.0
          ],
          [
            7.05339,
            1.41068,
            0.0
          ],
          [
            7.05339,
            7.05339,
            0.0
          ],
          [
            1.41068,
            4.23203,
            0.0
          ],
          [
            1.41068,
            9.87475,
            0.0
          ],
          [
            7.05339,
            4.23203,
            0.0
          ],
          [
            7.05339,
            9.87475,
            0.0
          ],
          [
            0.0,
            0.0,
            1.99507
          ],
          [
            0.0,
            5.64271,
            1.99507
          ],
          [
            5.64271,
            0.0,
            1.99507
          ],
          [
            5.64271,
            5.64271,
            1.99507
          ],
          [
            2.82136,
            0.0,
            1.99507
          ],
          [
            2.82136,
            5.64271,
            1.99507
          ],
          [
            8.46407,
            0.0,
            1.99507
          ],
          [
            8.46407,
            5.64271,
            1.99507
          ],
          [
            0.0,
            2.82136,
            1.99507
          ],
          [
            0.0,
            8.46407,
            1.99507
          ],
          [
            5.64271,
            2.82136,
            1.99507
          ],
          [
            5.64271,
            8.46407,
            1.99507
          ],
          [
            2.82136,
            2.82136,
            1.99507
          ],
          [
            2.82136,
            8.46407,
            1.99507
          ],
          [
            8.46407,
            2.82136,
            1.99507
          ],
          [
            8.46407,
            8.46407,
            1.99507
          ],
          [
            1.42278,
            1.42132,
            4.00264
          ],
          [
            1.42286,
            7.04515,
            3.96936
          ],
          [
            7.05972,
            1.39887,
            3.90119
          ],
          [
            7.05737,
            7.06522,
            3.93287
          ],
          [
            4.20295,
            1.42058,
            3.98982
          ],
          [
            4.22638,
            7.04073,
            3.97437
          ],
          [
            9.89494,
            1.39724,
            3.95142
          ],
          [
            9.86982,
            7.06976,
            3.92117
          ],
          [
            1.41504,
            4.19868,
            4.04395
          ],
          [
            1.40296,
            9.89661,
            4.01279
          ],
          [
            7.05394,
            4.25556,
            3.89915
          ],
          [
            7.05554,
            9.8489,
            3.91694
          ],
          [
            4.19901,
            4.23242,
            3.99422
          ],
          [
            4.21746,
            9.87421,
            3.95955
          ],
          [
            9.88977,
            4.2277,
            3.94689
          ],
          [
            9.89225,
            9.88114,
            3.97534
          ],
          [
            -0.05779,
            -0.11817,
            5.99246
          ],
          [
            -0.08001,
            5.68477,
            5.87142
          ],
          [
            5.70173,
            -0.02594,
            5.85148
          ],
          [
            5.71572,
            5.66252,
            5.86041
          ],
          [
            2.87047,
            -0.14994,
            5.97742
          ],
          [
            2.81974,
            5.79917,
            6.00215
          ],
          [
            8.41391,
            -0.01746,
            5.85669
          ],
          [
            8.45242,
            5.65959,
            5.89999
          ],
          [
            -0.12795,
            2.92074,
            5.97469
          ],
          [
            -0.02658,
            8.43229,
            5.92316
          ],
          [
            5.73085,
            2.82146,
            5.82859
          ],
          [
            5.668,
            8.46378,
            5.9052
          ],
          [
            2.93382,
            2.83076,
            6.06472
          ],
          [
            2.83716,
            8.45864,
            5.93483
          ],
          [
            8.41445,
            2.847,
            5.84832
          ],
          [
            8.45303,
            8.44739,
            5.89535
          ],
          [
            -0.03662,
            1.41168,
            7.20592
          ],
          [
            2.82314,
            4.39,
            7.31464
          ],
          [
            2.85194,
            1.25949,
            7.28322
          ]
        ],
        "Stress": [
          [
            -26.82338,
            -0.32859,
            0.03189
          ],
          [
            -0.32859,
            -26.80817,
            0.04511
          ],
          [
            0.03189,
            0.04511,
            -7.82523
          ]
        ],
        "computation_code": "VASP",
        "pseudopotential_information": [
          [
            "PAW_PBE",
            "Pt",
            "04Feb2005"
          ],
          [
            "PAW_PBE",
            "O",
            "08Apr2002"
          ]
        ]
      }
    ],
    "EnergyStyle": "electronvolt",
    "ForcesStyle": "electronvoltperangstrom",
    "LatticeStyle": "angstrom",
    "PositionsStyle": "angstrom",
    "StressStyle": "kB"
  }
}