{
  "Dataset": {
    "AtomTypeStyle": "chemicalsymbol",
    "Data": [
      {
        "AtomTypes": [
          "Pt",
          "Pt",
          "Pt",
          "Pt",
          "Pt",
          "Pt",
          "Pt",
          "Pt",
          "Pt",
          "Pt",
          "Pt",
          "Pt",
          "Pt",
          "Pt",
          "Pt",
          "Pt",
          "Pt",
          "Pt",
          "Pt",
          "Pt",
          "Pt",
          "Pt",
          "Pt",
          "Pt",
          "Pt",
          "Pt",
          "Pt",
          "Pt",
          "Pt",
          "Pt",
          "Pt",
          "Pt",
          "Pt",
          "Pt",
          "Pt",
          "Pt",
          "Pt",
          "Pt",
          "Pt",
          "Pt",
          "Pt",
          "Pt",
          "Pt",
          "Pt",
          "Pt",
          "Pt",
          "Pt",
          "Pt",
          "Pt",
          "Pt",
          "Pt",
          "Pt",
          "Pt",
          "Pt",
          "Pt",
          "Pt",
          "Pt",
          "Pt",
          "Pt",
          "Pt",
          "Pt",
          "Pt",
          "Pt",
          "Pt",
          "O",
          "O",
          "O",
          "O",
          "O",
          "O",
          "O",
          "O",
          "O",
          "O",
          "O",
          "O"
        ],
        "Energy": -389.25393903,
        "Forces": [
          [
            -0.124935,
            -0.013283,
            0.327017
          ],
          [
            -0.055016,
            0.020939,
            0.256483
          ],
          [
            0.055016,
            0.020939,
            0.256483
          ],
          [
            0.124935,
            -0.013283,
            0.327017
          ],
          [
            0.055016,
            -0.020939,
            0.256483
          ],
          [
            0.124935,
            0.013283,
            0.327017
          ],
          [
            -0.124935,
            0.013283,
            0.327017
          ],
          [
            -0.055016,
            -0.020939,
            0.256483
          ],
          [
            0.031895,
            0.0078,
            0.236799
          ],
          [
            -0.031895,
            0.0078,
            0.236799
          ],
          [
            0.055293,
            0.008097,
            0.366489
          ],
          [
            -0.055293,
            0.008097,
            0.366489
          ],
          [
            0.055293,
            -0.008097,
            0.366489
          ],
          [
            -0.055293,
            -0.008097,
            0.366489
          ],
          [
            0.031895,
            -0.0078,
            0.236799
          ],
          [
            -0.031895,
            -0.0078,
            0.236799
          ],
          [
            0.016874,
            0.157824,
            -0.309242
          ],
          [
            0.010581,
            -0.008887,
            -0.274578
          ],
          [
            0.010581,
            0.008887,
            -0.274578
          ],
          [
            0.016874,
            -0.157824,
            -0.309242
          ],
          [
            -0.010581,
            -0.008887,
            -0.274578
          ],
          [
            -0.016874,
            0.157824,
            -0.309242
          ],
          [
            -0.016874,
            -0.157824,
            -0.309242
          ],
          [
            -0.010581,
            0.008887,
            -0.274578
          ],
          [
            -0.015612,
            -0.111847,
            -0.300408
          ],
          [
            0.027329,
            -0.021137,
            -0.282602
          ],
          [
            -0.015612,
            0.111847,
            -0.300408
          ],
          [
            0.027329,
            0.021137,
            -0.282602
          ],
          [
            -0.027329,
            -0.021137,
            -0.282602
          ],
          [
            0.015612,
            -0.111847,
            -0.300408
          ],
          [
            -0.027329,
            0.021137,
            -0.282602
          ],
          [
            0.015612,
            0.111847,
            -0.300408
          ],
          [
            -0.002675,
            -0.000883,
            -0.022257
          ],
          [
            0.002675,
            -0.000883,
            -0.022257
          ],
          [
            -0.003261,
            -0.004589,
            0.004558
          ],
          [
            0.003261,
            -0.004589,
            0.004558
          ],
          [
            0.000686,
            -0.002669,
            -0.006262
          ],
          [
            0.007539,
            -0.005889,
            -0.002918
          ],
          [
            -0.007539,
            -0.005889,
            -0.002918
          ],
          [
            -0.000686,
            -0.002669,
            -0.006262
          ],
          [
            -0.003261,
            0.004589,
            0.004558
          ],
          [
            0.003261,
            0.004589,
            0.004558
          ],
          [
            -0.002675,
            0.000883,
            -0.022257
          ],
          [
            0.002675,
            0.000883,
            -0.022257
          ],
          [
            -0.007539,
            0.005889,
            -0.002918
          ],
          [
            -0.000686,
            0.002669,
            -0.006262
          ],
          [
            0.000686,
            0.002669,
            -0.006262
          ],
          [
            0.007539,
            0.005889,
            -0.002918
          ],
          [
            0.003539,
            -0.012183,
            -0.011193
          ],
          [
            -0.00337,
            0.009531,
            0.015015
          ],
          [
            -0.00337,
            -0.009531,
            0.015015
          ],
          [
            0.003539,
            0.012183,
            -0.011193
          ],
          [
            0.00337,
            0.009531,
            0.015015
          ],
          [
            -0.003539,
            -0.012183,
            -0.011193
          ],
          [
            -0.003539,
            0.012183,
            -0.011193
          ],
          [
            0.00337,
            -0.009531,
            0.015015
          ],
          [
            -0.008698,
            0.01029,
            -0.01603
          ],
          [
            0.008463,
            0.025753,
            0.017872
          ],
          [
            -0.008698,
            -0.01029,
            -0.01603
          ],
          [
            0.008463,
            -0.025753,
            0.017872
          ],
          [
            -0.008463,
            0.025753,
            0.017872
          ],
          [
            0.008698,
            0.01029,
            -0.01603
          ],
          [
            -0.008463,
            -0.025753,
            0.017872
          ],
          [
            0.008698,
            -0.01029,
            -0.01603
          ],
          [
            -0.003795,
            0.003148,
            0.014572
          ],
          [
            -0.003795,
            -0.003148,
            0.014572
          ],
          [
            0.003795,
            -0.003148,
            0.014572
          ],
          [
            0.003795,
            0.003148,
            0.014572
          ],
          [
            -0.009438,
            0.001757,
            -0.005439
          ],
          [
            0.009438,
            -0.001757,
            -0.005439
          ],
          [
            0.009438,
            0.001757,
            -0.005439
          ],
          [
            -0.009438,
            -0.001757,
            -0.005439
          ],
          [
            -0.005647,
            0.013561,
            -0.007877
          ],
          [
            -0.005647,
            -0.013561,
            -0.007877
          ],
          [
            0.005647,
            -0.013561,
            -0.007877
          ],
          [
            0.005647,
            0.013561,
            -0.007877
          ]
        ],
        "Lattice": [
          [
            11.285424233,
            0.0,
            0.0
          ],
          [
            0.0,
            11.285424233,
            0.0
          ],
          [
            0.0,
            0.0,
            19.570980073
          ]
        ],
        "NumAtoms": 76,
        "Positions": [
          [
            4.23203,
            1.41068,
            0.0
          ],
          [
            4.23203,
            7.05339,
            0.0
          ],
          [
            9.87475,
            1.41068,
            0.0
          ],
          [
            9.87475,
            7.05339,
            0.0
          ],
          [
            4.23203,
            4.23203,
            0.0
          ],
          [
            4.23203,
            9.87475,
            0.0
          ],
          [
            9.87475,
            4.23203,
            0.0
          ],
          [
            9.87475,
            9.87475,
            0.0
          ],
          [
            1.41068,
            1.41068,
            0.0
          ],
          [
            1.41068,
            7.05339,
            0.0
          ],
          [
            7.05339,
            1.41068,
            0.0
          ],
          [
            7.05339,
            7.05339,
            0.0
          ],
          [
            1.41068,
            4.23203,
            0.0
          ],
          [
            1.41068,
            9.87475,
            0.0
          ],
          [
            7.05339,
            4.23203,
            0.0
          ],
          [
            7.05339,
            9.87475,
            0.0
          ],
          [
            0.0,
            0.0,
            1.99507
          ],
          [
            0.0,
            5.64271,
            1.99507
          ],
          [
            5.64271,
            0.0,
            1.99507
          ],
          [
            5.64271,
            5.64271,
            1.99507
          ],
          [
            2.82136,
            0.0,
            1.99507
          ],
          [
            2.82136,
            5.64271,
            1.99507
          ],
          [
            8.46407,
            0.0,
            1.99507
          ],
          [
            8.46407,
            5.64271,
            1.99507
          ],
          [
            0.0,
            2.82136,
            1.99507
          ],
          [
            0.0,
            8.46407,
            1.99507
          ],
          [
            5.64271,
            2.82136,
            1.99507
          ],
          [
            5.64271,
            8.46407,
            1.99507
          ],
          [
            2.82136,
            2.82136,
            1.99507
          ],
          [
            2.82136,
            8.46407,
            1.99507
          ],
          [
            8.46407,
            2.82136,
            1.99507
          ],
          [
            8.46407,
            8.46407,
            1.99507
          ],
          [
            1.3962,
            1.41772,
            4.01616
          ],
          [
            1.42515,
            7.06043,
            4.01616
          ],
          [
            7.05195,
            1.40841,
            3.94753
          ],
          [
            7.05483,
            7.05113,
            3.94753
          ],
          [
            4.21679,
            1.4405,
            3.97085
          ],
          [
            4.21478,
            7.0255,
            3.9885
          ],
          [
            9.892,
            1.38279,
            3.9885
          ],
          [
            9.88999,
            7.08321,
            3.97085
          ],
          [
            1.40924,
            4.2343,
            3.94753
          ],
          [
            1.41212,
            9.87701,
            3.94753
          ],
          [
            7.03892,
            4.22499,
            4.01616
          ],
          [
            7.06786,
            9.86771,
            4.01616
          ],
          [
            4.24929,
            4.25992,
            3.9885
          ],
          [
            4.24727,
            9.84493,
            3.97085
          ],
          [
            9.85951,
            4.20222,
            3.97085
          ],
          [
            9.85749,
            9.90264,
            3.9885
          ],
          [
            0.03259,
            -0.0102,
            6.04982
          ],
          [
            -0.01906,
            5.72264,
            5.93302
          ],
          [
            5.62365,
            -0.07993,
            5.93302
          ],
          [
            5.6753,
            5.65291,
            6.04982
          ],
          [
            2.84042,
            0.07993,
            5.93302
          ],
          [
            2.78877,
            5.63251,
            6.04982
          ],
          [
            8.43148,
            0.0102,
            6.04982
          ],
          [
            8.48313,
            5.56278,
            5.93302
          ],
          [
            -0.01761,
            2.85875,
            6.07238
          ],
          [
            0.01029,
            8.38836,
            5.93599
          ],
          [
            5.6251,
            2.78396,
            6.07238
          ],
          [
            5.653,
            8.53977,
            5.93599
          ],
          [
            2.81107,
            2.74565,
            5.93599
          ],
          [
            2.83897,
            8.50146,
            6.07238
          ],
          [
            8.45378,
            2.89706,
            5.93599
          ],
          [
            8.48168,
            8.42667,
            6.07238
          ],
          [
            0.00636,
            1.41251,
            7.39485
          ],
          [
            5.64907,
            4.2302,
            7.39485
          ],
          [
            8.45771,
            9.87291,
            7.39485
          ],
          [
            2.815,
            7.05522,
            7.39485
          ],
          [
            8.44829,
            1.54954,
            7.3091
          ],
          [
            0.01578,
            9.73588,
            7.3091
          ],
          [
            5.65849,
            7.19225,
            7.3091
          ],
          [
            2.80558,
            4.09317,
            7.3091
          ],
          [
            -0.02236,
            4.39518,
            7.3319
          ],
          [
            5.62035,
            1.24753,
            7.3319
          ],
          [
            8.48643,
            6.89024,
            7.3319
          ],
          [
            2.84372,
            10.03789,
            7.3319
          ]
        ],
        "Stress": [
          [
            -25.08398,
            0.0,
            0.0
          ],
          [
            0.0,
            -20.91629,
            0.0
          ],
          [
            0.0,
            0.0,
            -11.64887
          ]
        ],
        "computation_code": "VASP",
        "pseudopotential_information": [
          [
            "PAW_PBE",
            "Pt",
            "04Feb2005"
          ],
          [
            "PAW_PBE",
            "O",
            "08Apr2002"
          ]
        ]
      }
    ],
    "EnergyStyle": "electronvolt",
    "ForcesStyle": "electronvoltperangstrom",
    "LatticeStyle": "angstrom",
    "PositionsStyle": "angstrom",
    "StressStyle": "kB"
  }
}