{
  "Dataset": {
    "AtomTypeStyle": "chemicalsymbol",
    "Data": [
      {
        "AtomTypes": [
          "Pt",
          "Pt",
          "Pt",
          "Pt",
          "Pt",
          "Pt",
          "Pt",
          "Pt",
          "Pt",
          "Pt",
          "Pt",
          "Pt",
          "Pt",
          "Pt",
          "Pt",
          "Pt",
          "Pt",
          "Pt",
          "Pt",
          "Pt",
          "Pt",
          "Pt",
          "Pt",
          "Pt",
          "Pt",
          "Pt",
          "Pt",
          "Pt",
          "Pt",
          "Pt",
          "Pt",
          "Pt",
          "Pt",
          "Pt",
          "Pt",
          "Pt",
          "Pt",
          "Pt",
          "Pt",
          "Pt",
          "Pt",
          "Pt",
          "Pt",
          "Pt",
          "Pt",
          "Pt",
          "Pt",
          "Pt",
          "Pt",
          "Pt",
          "Pt",
          "Pt",
          "Pt",
          "Pt",
          "Pt",
          "Pt",
          "Pt",
          "Pt",
          "Pt",
          "Pt",
          "Pt",
          "Pt",
          "Pt",
          "Pt",
          "O",
          "O",
          "O",
          "O",
          "O",
          "O"
        ],
        "Energy": -356.19382838,
        "Forces": [
          [
            -0.001438,
            -0.012208,
            0.375077
          ],
          [
            0.02137,
            0.024582,
            0.256014
          ],
          [
            -0.026129,
            0.001972,
            0.32691
          ],
          [
            -0.009834,
            -0.002843,
            0.369473
          ],
          [
            -0.02137,
            -0.024582,
            0.256014
          ],
          [
            0.001438,
            0.012208,
            0.375077
          ],
          [
            0.009834,
            0.002843,
            0.369473
          ],
          [
            0.026129,
            -0.001972,
            0.32691
          ],
          [
            0.009299,
            -0.027063,
            0.384099
          ],
          [
            0.004892,
            0.012039,
            0.323918
          ],
          [
            0.006372,
            0.004707,
            0.331511
          ],
          [
            -0.036571,
            0.002901,
            0.345287
          ],
          [
            0.036571,
            -0.002901,
            0.345287
          ],
          [
            -0.006372,
            -0.004707,
            0.331511
          ],
          [
            -0.004892,
            -0.012039,
            0.323918
          ],
          [
            -0.009299,
            0.027063,
            0.384099
          ],
          [
            -0.021461,
            0.015427,
            -0.21667
          ],
          [
            0.022726,
            -0.020044,
            -0.179712
          ],
          [
            -0.00838,
            0.038309,
            -0.186642
          ],
          [
            -0.020432,
            -0.016773,
            -0.202802
          ],
          [
            0.00838,
            -0.038309,
            -0.186642
          ],
          [
            0.020432,
            0.016773,
            -0.202802
          ],
          [
            0.021461,
            -0.015427,
            -0.21667
          ],
          [
            -0.022726,
            0.020044,
            -0.179712
          ],
          [
            -0.012829,
            0.002459,
            -0.171388
          ],
          [
            -0.006813,
            0.003501,
            -0.191162
          ],
          [
            -0.001892,
            0.025141,
            -0.219267
          ],
          [
            -0.015873,
            -0.042976,
            -0.197555
          ],
          [
            0.015873,
            0.042976,
            -0.197555
          ],
          [
            0.001892,
            -0.025141,
            -0.219267
          ],
          [
            0.006813,
            -0.003501,
            -0.191162
          ],
          [
            0.012829,
            -0.002459,
            -0.171388
          ],
          [
            0.018166,
            -0.146085,
            -0.178873
          ],
          [
            -0.421178,
            0.203062,
            -0.17744
          ],
          [
            -0.225997,
            0.002228,
            -0.002465
          ],
          [
            0.017836,
            0.060925,
            0.35451
          ],
          [
            0.136313,
            0.163751,
            0.111946
          ],
          [
            0.357703,
            -0.183571,
            -0.217232
          ],
          [
            0.046511,
            -0.280641,
            -0.371697
          ],
          [
            0.041465,
            0.287511,
            0.289194
          ],
          [
            -0.017836,
            -0.060925,
            0.35451
          ],
          [
            0.225997,
            -0.002228,
            -0.002465
          ],
          [
            0.421178,
            -0.203062,
            -0.17744
          ],
          [
            -0.018166,
            0.146085,
            -0.178873
          ],
          [
            -0.357703,
            0.183571,
            -0.217232
          ],
          [
            -0.136313,
            -0.163751,
            0.111946
          ],
          [
            -0.041465,
            -0.287511,
            0.289194
          ],
          [
            -0.046511,
            0.280641,
            -0.371697
          ],
          [
            0.501846,
            0.010473,
            1.430964
          ],
          [
            -0.205457,
            -0.08728,
            -0.41421
          ],
          [
            -0.525632,
            0.032631,
            -0.472153
          ],
          [
            0.258396,
            0.313941,
            0.78244
          ],
          [
            0.525632,
            -0.032631,
            -0.472153
          ],
          [
            -0.258396,
            -0.313941,
            0.78244
          ],
          [
            -0.501846,
            -0.010473,
            1.430964
          ],
          [
            0.205457,
            0.08728,
            -0.41421
          ],
          [
            0.111126,
            0.554178,
            0.740786
          ],
          [
            -0.120572,
            -0.474901,
            0.638377
          ],
          [
            -0.276499,
            -0.391769,
            0.758863
          ],
          [
            -0.0105,
            0.02715,
            -0.528201
          ],
          [
            0.0105,
            -0.02715,
            -0.528201
          ],
          [
            0.276499,
            0.391769,
            0.758863
          ],
          [
            0.120572,
            0.474901,
            0.638377
          ],
          [
            -0.111126,
            -0.554178,
            0.740786
          ],
          [
            0.098463,
            0.727754,
            -1.275679
          ],
          [
            -0.015027,
            0.012094,
            -1.29313
          ],
          [
            -0.098463,
            -0.727754,
            -1.275679
          ],
          [
            0.015027,
            -0.012094,
            -1.29313
          ],
          [
            -0.062776,
            0.707283,
            -1.323089
          ],
          [
            0.062776,
            -0.707283,
            -1.323089
          ]
        ],
        "Lattice": [
          [
            11.285424233,
            0.0,
            0.0
          ],
          [
            0.0,
            11.285424233,
            0.0
          ],
          [
            0.0,
            0.0,
            19.570980073
          ]
        ],
        "NumAtoms": 70,
        "Positions": [
          [
            4.23203,
            1.41068,
            0.0
          ],
          [
            4.23203,
            7.05339,
            0.0
          ],
          [
            9.87475,
            1.41068,
            0.0
          ],
          [
            9.87475,
            7.05339,
            0.0
          ],
          [
            4.23203,
            4.23203,
            0.0
          ],
          [
            4.23203,
            9.87475,
            0.0
          ],
          [
            9.87475,
            4.23203,
            0.0
          ],
          [
            9.87475,
            9.87475,
            0.0
          ],
          [
            1.41068,
            1.41068,
            0.0
          ],
          [
            1.41068,
            7.05339,
            0.0
          ],
          [
            7.05339,
            1.41068,
            0.0
          ],
          [
            7.05339,
            7.05339,
            0.0
          ],
          [
            1.41068,
            4.23203,
            0.0
          ],
          [
            1.41068,
            9.87475,
            0.0
          ],
          [
            7.05339,
            4.23203,
            0.0
          ],
          [
            7.05339,
            9.87475,
            0.0
          ],
          [
            0.0,
            0.0,
            1.99507
          ],
          [
            0.0,
            5.64271,
            1.99507
          ],
          [
            5.64271,
            0.0,
            1.99507
          ],
          [
            5.64271,
            5.64271,
            1.99507
          ],
          [
            2.82136,
            0.0,
            1.99507
          ],
          [
            2.82136,
            5.64271,
            1.99507
          ],
          [
            8.46407,
            0.0,
            1.99507
          ],
          [
            8.46407,
            5.64271,
            1.99507
          ],
          [
            0.0,
            2.82136,
            1.99507
          ],
          [
            0.0,
            8.46407,
            1.99507
          ],
          [
            5.64271,
            2.82136,
            1.99507
          ],
          [
            5.64271,
            8.46407,
            1.99507
          ],
          [
            2.82136,
            2.82136,
            1.99507
          ],
          [
            2.82136,
            8.46407,
            1.99507
          ],
          [
            8.46407,
            2.82136,
            1.99507
          ],
          [
            8.46407,
            8.46407,
            1.99507
          ],
          [
            1.41068,
            1.41068,
            3.99013
          ],
          [
            1.41068,
            7.05339,
            3.99013
          ],
          [
            7.05339,
            1.41068,
            3.99013
          ],
          [
            7.05339,
            7.05339,
            3.99013
          ],
          [
            4.23203,
            1.41068,
            3.99013
          ],
          [
            4.23203,
            7.05339,
            3.99013
          ],
          [
            9.87475,
            1.41068,
            3.99013
          ],
          [
            9.87475,
            7.05339,
            3.99013
          ],
          [
            1.41068,
            4.23203,
            3.99013
          ],
          [
            1.41068,
            9.87475,
            3.99013
          ],
          [
            7.05339,
            4.23203,
            3.99013
          ],
          [
            7.05339,
            9.87475,
            3.99013
          ],
          [
            4.23203,
            4.23203,
            3.99013
          ],
          [
            4.23203,
            9.87475,
            3.99013
          ],
          [
            9.87475,
            4.23203,
            3.99013
          ],
          [
            9.87475,
            9.87475,
            3.99013
          ],
          [
            0.0,
            0.0,
            5.98539
          ],
          [
            0.0,
            5.64271,
            5.98539
          ],
          [
            5.64271,
            0.0,
            5.98539
          ],
          [
            5.64271,
            5.64271,
            5.98539
          ],
          [
            2.82136,
            0.0,
            5.98539
          ],
          [
            2.82136,
            5.64271,
            5.98539
          ],
          [
            8.46407,
            0.0,
            5.98539
          ],
          [
            8.46407,
            5.64271,
            5.98539
          ],
          [
            0.0,
            2.82136,
            5.98539
          ],
          [
            0.0,
            8.46407,
            5.98539
          ],
          [
            5.64271,
            2.82136,
            5.98539
          ],
          [
            5.64271,
            8.46407,
            5.98539
          ],
          [
            2.82136,
            2.82136,
            5.98539
          ],
          [
            2.82136,
            8.46407,
            5.98539
          ],
          [
            8.46407,
            2.82136,
            5.98539
          ],
          [
            8.46407,
            8.46407,
            5.98539
          ],
          [
            0.0,
            1.41068,
            7.4174
          ],
          [
            5.64271,
            4.23203,
            7.4174
          ],
          [
            8.46407,
            9.87475,
            7.4174
          ],
          [
            2.82136,
            7.05339,
            7.4174
          ],
          [
            8.46407,
            1.41068,
            7.4174
          ],
          [
            0.0,
            9.87475,
            7.4174
          ]
        ],
        "Stress": [
          [
            -32.27499,
            0.22183,
            0.0
          ],
          [
            0.22183,
            -36.84136,
            0.0
          ],
          [
            0.0,
            0.0,
            -22.73111
          ]
        ],
        "computation_code": "VASP",
        "pseudopotential_information": [
          [
            "PAW_PBE",
            "Pt",
            "04Feb2005"
          ],
          [
            "PAW_PBE",
            "O",
            "08Apr2002"
          ]
        ]
      }
    ],
    "EnergyStyle": "electronvolt",
    "ForcesStyle": "electronvoltperangstrom",
    "LatticeStyle": "angstrom",
    "PositionsStyle": "angstrom",
    "StressStyle": "kB"
  }
}