{
  "Dataset": {
    "AtomTypeStyle": "chemicalsymbol",
    "Data": [
      {
        "AtomTypes": [
          "Pt",
          "Pt",
          "Pt",
          "Pt",
          "Pt",
          "Pt",
          "Pt",
          "Pt",
          "Pt",
          "Pt",
          "Pt",
          "Pt",
          "Pt",
          "Pt",
          "Pt",
          "Pt",
          "Pt",
          "Pt",
          "Pt",
          "Pt",
          "Pt",
          "Pt",
          "Pt",
          "Pt",
          "Pt",
          "Pt",
          "Pt",
          "Pt",
          "Pt",
          "Pt",
          "Pt",
          "Pt",
          "Pt",
          "Pt",
          "Pt",
          "Pt",
          "Pt",
          "Pt",
          "Pt",
          "Pt",
          "Pt",
          "Pt",
          "Pt",
          "Pt",
          "Pt",
          "Pt",
          "Pt",
          "Pt",
          "Pt",
          "Pt",
          "Pt",
          "Pt",
          "Pt",
          "Pt",
          "Pt",
          "Pt",
          "Pt",
          "Pt",
          "Pt",
          "Pt",
          "Pt",
          "Pt",
          "Pt",
          "Pt",
          "O",
          "O",
          "O",
          "O",
          "O",
          "O",
          "O",
          "O",
          "O",
          "O",
          "O"
        ],
        "Energy": -384.08643308,
        "Forces": [
          [
            -0.113158,
            0.005602,
            0.313293
          ],
          [
            -0.035276,
            0.011943,
            0.222363
          ],
          [
            0.034329,
            0.020831,
            0.241982
          ],
          [
            0.106263,
            0.000483,
            0.337757
          ],
          [
            0.047535,
            -0.012044,
            0.240955
          ],
          [
            0.108441,
            0.013165,
            0.301976
          ],
          [
            -0.062656,
            0.016146,
            0.380541
          ],
          [
            -0.053988,
            -0.017697,
            0.284541
          ],
          [
            0.00747,
            0.005414,
            0.213679
          ],
          [
            -0.029009,
            0.029545,
            0.198092
          ],
          [
            0.061826,
            0.003499,
            0.332331
          ],
          [
            -0.032278,
            0.019255,
            0.354117
          ],
          [
            0.065498,
            -0.021519,
            0.389674
          ],
          [
            -0.03104,
            -0.025469,
            0.369478
          ],
          [
            -0.026946,
            -0.019071,
            0.394132
          ],
          [
            -0.055724,
            0.005109,
            0.275049
          ],
          [
            -0.021762,
            0.118318,
            -0.287117
          ],
          [
            -0.040505,
            -0.047856,
            -0.28858
          ],
          [
            0.075077,
            -0.007121,
            -0.296831
          ],
          [
            0.07449,
            -0.182702,
            -0.355866
          ],
          [
            -0.049699,
            0.009646,
            -0.297841
          ],
          [
            -0.024432,
            0.052687,
            -0.363233
          ],
          [
            -7.3e-05,
            -0.132945,
            -0.24034
          ],
          [
            -0.005004,
            0.019052,
            -0.232087
          ],
          [
            -0.056869,
            -0.111537,
            -0.296096
          ],
          [
            -0.03437,
            0.017331,
            -0.298592
          ],
          [
            0.051512,
            0.163077,
            -0.331153
          ],
          [
            0.064341,
            0.043355,
            -0.274296
          ],
          [
            -0.039744,
            0.059745,
            -0.377601
          ],
          [
            0.013964,
            -0.117618,
            -0.374932
          ],
          [
            -0.00861,
            -0.004196,
            -0.288254
          ],
          [
            -0.000783,
            0.107335,
            -0.275216
          ],
          [
            -0.005282,
            -0.017455,
            -0.008318
          ],
          [
            0.007276,
            0.014983,
            -0.015444
          ],
          [
            -0.002774,
            -0.004274,
            0.000318
          ],
          [
            0.004678,
            -0.003981,
            0.001892
          ],
          [
            -0.001196,
            -0.006875,
            -0.013034
          ],
          [
            -0.019234,
            0.004846,
            0.002241
          ],
          [
            0.012529,
            -0.001995,
            -8.4e-05
          ],
          [
            0.00485,
            -0.003129,
            -0.013793
          ],
          [
            0.001136,
            -0.007649,
            0.009008
          ],
          [
            0.002694,
            0.012596,
            -0.004702
          ],
          [
            -0.007632,
            -0.002757,
            -0.015153
          ],
          [
            0.000718,
            0.000334,
            -0.006538
          ],
          [
            -0.000928,
            -0.006893,
            0.008548
          ],
          [
            0.009805,
            0.016565,
            0.00535
          ],
          [
            -0.007681,
            0.000115,
            -0.004993
          ],
          [
            -0.001116,
            0.000339,
            0.009608
          ],
          [
            0.017773,
            0.007728,
            0.006869
          ],
          [
            -0.008973,
            -0.025106,
            0.017439
          ],
          [
            0.005676,
            -0.026207,
            -0.002248
          ],
          [
            0.002788,
            -0.024038,
            -0.006152
          ],
          [
            0.001989,
            0.00698,
            0.011043
          ],
          [
            -0.01257,
            -0.017971,
            -0.009407
          ],
          [
            0.005761,
            -0.021106,
            -0.002064
          ],
          [
            0.000413,
            -0.000299,
            0.010557
          ],
          [
            -0.002518,
            -0.012744,
            -0.004311
          ],
          [
            0.006231,
            0.028651,
            0.010544
          ],
          [
            0.000372,
            0.028611,
            -0.004414
          ],
          [
            -0.004551,
            0.019648,
            -0.007625
          ],
          [
            -0.001387,
            0.02573,
            0.017969
          ],
          [
            0.008,
            0.006865,
            0.010179
          ],
          [
            -0.00584,
            -0.000212,
            -0.004497
          ],
          [
            0.004662,
            0.013294,
            -0.004765
          ],
          [
            0.014215,
            -0.003819,
            -0.003839
          ],
          [
            -0.006364,
            -0.001563,
            -0.009683
          ],
          [
            0.00146,
            -0.005806,
            -0.000811
          ],
          [
            -0.00133,
            0.011697,
            -0.00106
          ],
          [
            -0.001872,
            -0.007022,
            0.040399
          ],
          [
            0.014954,
            -0.008179,
            0.011137
          ],
          [
            -0.000621,
            0.002054,
            0.007974
          ],
          [
            -0.014579,
            -0.007277,
            -0.016492
          ],
          [
            -0.002682,
            0.009775,
            -0.012006
          ],
          [
            -0.009042,
            -0.008791,
            0.007671
          ],
          [
            0.001369,
            -0.007425,
            0.010761
          ]
        ],
        "Lattice": [
          [
            11.285424233,
            0.0,
            0.0
          ],
          [
            0.0,
            11.285424233,
            0.0
          ],
          [
            0.0,
            0.0,
            19.570980073
          ]
        ],
        "NumAtoms": 75,
        "Positions": [
          [
            4.23203,
            1.41068,
            0.0
          ],
          [
            4.23203,
            7.05339,
            0.0
          ],
          [
            9.87475,
            1.41068,
            0.0
          ],
          [
            9.87475,
            7.05339,
            0.0
          ],
          [
            4.23203,
            4.23203,
            0.0
          ],
          [
            4.23203,
            9.87475,
            0.0
          ],
          [
            9.87475,
            4.23203,
            0.0
          ],
          [
            9.87475,
            9.87475,
            0.0
          ],
          [
            1.41068,
            1.41068,
            0.0
          ],
          [
            1.41068,
            7.05339,
            0.0
          ],
          [
            7.05339,
            1.41068,
            0.0
          ],
          [
            7.05339,
            7.05339,
            0.0
          ],
          [
            1.41068,
            4.23203,
            0.0
          ],
          [
            1.41068,
            9.87475,
            0.0
          ],
          [
            7.05339,
            4.23203,
            0.0
          ],
          [
            7.05339,
            9.87475,
            0.0
          ],
          [
            0.0,
            0.0,
            1.99507
          ],
          [
            0.0,
            5.64271,
            1.99507
          ],
          [
            5.64271,
            0.0,
            1.99507
          ],
          [
            5.64271,
            5.64271,
            1.99507
          ],
          [
            2.82136,
            0.0,
            1.99507
          ],
          [
            2.82136,
            5.64271,
            1.99507
          ],
          [
            8.46407,
            0.0,
            1.99507
          ],
          [
            8.46407,
            5.64271,
            1.99507
          ],
          [
            0.0,
            2.82136,
            1.99507
          ],
          [
            0.0,
            8.46407,
            1.99507
          ],
          [
            5.64271,
            2.82136,
            1.99507
          ],
          [
            5.64271,
            8.46407,
            1.99507
          ],
          [
            2.82136,
            2.82136,
            1.99507
          ],
          [
            2.82136,
            8.46407,
            1.99507
          ],
          [
            8.46407,
            2.82136,
            1.99507
          ],
          [
            8.46407,
            8.46407,
            1.99507
          ],
          [
            1.38393,
            1.4295,
            3.99825
          ],
          [
            1.40942,
            7.04083,
            3.98654
          ],
          [
            7.05433,
            1.3973,
            3.96142
          ],
          [
            7.05298,
            7.05975,
            3.96126
          ],
          [
            4.24333,
            1.4671,
            3.94371
          ],
          [
            4.23327,
            7.00605,
            3.95912
          ],
          [
            9.89249,
            1.37176,
            4.00276
          ],
          [
            9.88066,
            7.08536,
            3.9786
          ],
          [
            1.4109,
            4.23153,
            3.95508
          ],
          [
            1.40288,
            9.87622,
            3.94312
          ],
          [
            7.03918,
            4.22521,
            4.01787
          ],
          [
            7.06457,
            9.87046,
            4.03252
          ],
          [
            4.24572,
            4.25871,
            3.99961
          ],
          [
            4.26382,
            9.85874,
            3.94692
          ],
          [
            9.8607,
            4.20028,
            3.97545
          ],
          [
            9.8568,
            9.90662,
            3.99614
          ],
          [
            0.15167,
            -0.03195,
            6.12157
          ],
          [
            -0.01335,
            5.72878,
            5.94072
          ],
          [
            5.56477,
            -0.08362,
            5.97216
          ],
          [
            5.65995,
            5.66024,
            6.04772
          ],
          [
            2.86139,
            -0.00622,
            5.84051
          ],
          [
            2.77051,
            5.67001,
            6.07798
          ],
          [
            8.43236,
            0.00974,
            6.04488
          ],
          [
            8.48631,
            5.55939,
            5.93686
          ],
          [
            -0.00353,
            2.83832,
            6.05636
          ],
          [
            0.02968,
            8.39303,
            5.92407
          ],
          [
            5.6201,
            2.77673,
            6.07442
          ],
          [
            5.60237,
            8.54975,
            5.95188
          ],
          [
            2.81181,
            2.72464,
            5.93132
          ],
          [
            2.85178,
            8.5808,
            5.93992
          ],
          [
            8.4536,
            2.89314,
            5.93564
          ],
          [
            8.47169,
            8.43285,
            6.07184
          ],
          [
            0.024,
            1.42172,
            7.41992
          ],
          [
            5.6487,
            4.23191,
            7.39188
          ],
          [
            8.42792,
            9.87822,
            7.39546
          ],
          [
            2.834,
            7.22089,
            7.3108
          ],
          [
            8.46117,
            1.54421,
            7.30372
          ],
          [
            0.0746,
            9.69868,
            7.34606
          ],
          [
            5.61278,
            7.19204,
            7.31658
          ],
          [
            2.80248,
            4.09544,
            7.28633
          ],
          [
            -0.02577,
            4.38009,
            7.31914
          ],
          [
            5.59123,
            1.25392,
            7.35599
          ],
          [
            8.48283,
            6.89578,
            7.32654
          ]
        ],
        "Stress": [
          [
            -24.88856,
            0.47538,
            0.05318
          ],
          [
            0.47538,
            -22.39715,
            -0.13249
          ],
          [
            0.05318,
            -0.13249,
            -11.19696
          ]
        ],
        "computation_code": "VASP",
        "pseudopotential_information": [
          [
            "PAW_PBE",
            "Pt",
            "04Feb2005"
          ],
          [
            "PAW_PBE",
            "O",
            "08Apr2002"
          ]
        ]
      }
    ],
    "EnergyStyle": "electronvolt",
    "ForcesStyle": "electronvoltperangstrom",
    "LatticeStyle": "angstrom",
    "PositionsStyle": "angstrom",
    "StressStyle": "kB"
  }
}