{
  "Dataset": {
    "AtomTypeStyle": "chemicalsymbol",
    "Data": [
      {
        "AtomTypes": [
          "Pt",
          "Pt",
          "Pt",
          "Pt",
          "Pt",
          "Pt",
          "Pt",
          "Pt",
          "Pt",
          "Pt",
          "Pt",
          "Pt",
          "Pt",
          "Pt",
          "Pt",
          "Pt",
          "Pt",
          "Pt",
          "Pt",
          "Pt",
          "Pt",
          "Pt",
          "Pt",
          "Pt",
          "Pt",
          "Pt",
          "Pt",
          "Pt",
          "Pt",
          "Pt",
          "Pt",
          "Pt",
          "Pt",
          "Pt",
          "Pt",
          "Pt",
          "Pt",
          "Pt",
          "Pt",
          "Pt",
          "Pt",
          "Pt",
          "Pt",
          "Pt",
          "Pt",
          "Pt",
          "Pt",
          "Pt",
          "Pt",
          "Pt",
          "Pt",
          "Pt",
          "Pt",
          "Pt",
          "Pt",
          "Pt",
          "Pt",
          "Pt",
          "Pt",
          "Pt",
          "Pt",
          "Pt",
          "Pt",
          "Pt",
          "O",
          "O"
        ],
        "Energy": -334.78758481,
        "Forces": [
          [
            0.016813,
            -0.016813,
            0.372119
          ],
          [
            0.006728,
            -0.002874,
            0.347596
          ],
          [
            0.002874,
            -0.006728,
            0.347596
          ],
          [
            -0.047804,
            0.047804,
            0.228652
          ],
          [
            0.007324,
            0.027956,
            0.373577
          ],
          [
            -0.011984,
            0.018533,
            0.35161
          ],
          [
            0.026795,
            0.030874,
            0.367439
          ],
          [
            0.031726,
            -0.073512,
            0.306094
          ],
          [
            -0.027956,
            -0.007324,
            0.373577
          ],
          [
            -0.030874,
            -0.026795,
            0.367439
          ],
          [
            -0.018533,
            0.011984,
            0.35161
          ],
          [
            0.073512,
            -0.031726,
            0.306094
          ],
          [
            0.007715,
            -0.007715,
            0.403704
          ],
          [
            0.027327,
            0.033418,
            0.38554
          ],
          [
            -0.033418,
            -0.027327,
            0.38554
          ],
          [
            -0.005492,
            0.005492,
            0.377098
          ],
          [
            0.047529,
            0.053274,
            -0.372177
          ],
          [
            0.061906,
            -0.061906,
            -0.37674
          ],
          [
            0.00947,
            -0.00947,
            -0.387965
          ],
          [
            -0.053274,
            -0.047529,
            -0.372177
          ],
          [
            -0.015636,
            0.059076,
            -0.261675
          ],
          [
            -0.00388,
            -0.107505,
            -0.28803
          ],
          [
            0.009663,
            0.067385,
            -0.391234
          ],
          [
            -0.016439,
            -0.06523,
            -0.377536
          ],
          [
            0.107505,
            0.00388,
            -0.28803
          ],
          [
            0.06523,
            0.016439,
            -0.377536
          ],
          [
            -0.059076,
            0.015636,
            -0.261675
          ],
          [
            -0.067385,
            -0.009663,
            -0.391234
          ],
          [
            0.044723,
            -0.044723,
            -0.212641
          ],
          [
            0.039732,
            0.081981,
            -0.316825
          ],
          [
            -0.081981,
            -0.039732,
            -0.316825
          ],
          [
            -0.003232,
            0.003232,
            -0.403044
          ],
          [
            0.006471,
            0.023416,
            -0.037183
          ],
          [
            0.008957,
            0.011424,
            -0.007707
          ],
          [
            0.014297,
            0.009557,
            -0.028255
          ],
          [
            -0.007138,
            0.009782,
            -0.030461
          ],
          [
            -0.000957,
            0.000957,
            -0.039665
          ],
          [
            -0.008709,
            -0.004974,
            -0.000943
          ],
          [
            0.004974,
            0.008709,
            -0.000943
          ],
          [
            0.002233,
            -0.002233,
            -0.038798
          ],
          [
            0.028991,
            -0.028991,
            -0.032725
          ],
          [
            0.001873,
            -0.055122,
            -0.032997
          ],
          [
            0.055122,
            -0.001873,
            -0.032997
          ],
          [
            -0.010622,
            0.010622,
            -0.014442
          ],
          [
            -0.023416,
            -0.006471,
            -0.037183
          ],
          [
            -0.009557,
            -0.014297,
            -0.028255
          ],
          [
            -0.011424,
            -0.008957,
            -0.007707
          ],
          [
            -0.009782,
            0.007138,
            -0.030461
          ],
          [
            0.01677,
            -0.004646,
            0.02855
          ],
          [
            0.011221,
            -0.011221,
            -0.020259
          ],
          [
            -0.029562,
            0.029562,
            0.061892
          ],
          [
            0.004646,
            -0.01677,
            0.02855
          ],
          [
            -0.04438,
            0.129772,
            0.170027
          ],
          [
            -0.001893,
            -0.038254,
            0.027009
          ],
          [
            -0.011051,
            0.012119,
            -0.054153
          ],
          [
            -0.000755,
            -0.022251,
            -0.048352
          ],
          [
            0.038254,
            0.001893,
            0.027009
          ],
          [
            0.022251,
            0.000755,
            -0.048352
          ],
          [
            -0.129772,
            0.04438,
            0.170027
          ],
          [
            -0.012119,
            0.011051,
            -0.054153
          ],
          [
            -0.082289,
            0.082289,
            -0.030681
          ],
          [
            0.006975,
            0.024585,
            -0.042936
          ],
          [
            -0.024585,
            -0.006975,
            -0.042936
          ],
          [
            1.3e-05,
            -1.3e-05,
            -0.033212
          ],
          [
            -0.020656,
            -0.10601,
            0.006378
          ],
          [
            0.10601,
            0.020656,
            0.006378
          ]
        ],
        "Lattice": [
          [
            11.285424233,
            0.0,
            0.0
          ],
          [
            0.0,
            11.285424233,
            0.0
          ],
          [
            0.0,
            0.0,
            19.570980073
          ]
        ],
        "NumAtoms": 66,
        "Positions": [
          [
            4.23203,
            1.41068,
            0.0
          ],
          [
            4.23203,
            7.05339,
            0.0
          ],
          [
            9.87475,
            1.41068,
            0.0
          ],
          [
            9.87475,
            7.05339,
            0.0
          ],
          [
            4.23203,
            4.23203,
            0.0
          ],
          [
            4.23203,
            9.87475,
            0.0
          ],
          [
            9.87475,
            4.23203,
            0.0
          ],
          [
            9.87475,
            9.87475,
            0.0
          ],
          [
            1.41068,
            1.41068,
            0.0
          ],
          [
            1.41068,
            7.05339,
            0.0
          ],
          [
            7.05339,
            1.41068,
            0.0
          ],
          [
            7.05339,
            7.05339,
            0.0
          ],
          [
            1.41068,
            4.23203,
            0.0
          ],
          [
            1.41068,
            9.87475,
            0.0
          ],
          [
            7.05339,
            4.23203,
            0.0
          ],
          [
            7.05339,
            9.87475,
            0.0
          ],
          [
            0.0,
            0.0,
            1.99507
          ],
          [
            0.0,
            5.64271,
            1.99507
          ],
          [
            5.64271,
            0.0,
            1.99507
          ],
          [
            5.64271,
            5.64271,
            1.99507
          ],
          [
            2.82136,
            0.0,
            1.99507
          ],
          [
            2.82136,
            5.64271,
            1.99507
          ],
          [
            8.46407,
            0.0,
            1.99507
          ],
          [
            8.46407,
            5.64271,
            1.99507
          ],
          [
            0.0,
            2.82136,
            1.99507
          ],
          [
            0.0,
            8.46407,
            1.99507
          ],
          [
            5.64271,
            2.82136,
            1.99507
          ],
          [
            5.64271,
            8.46407,
            1.99507
          ],
          [
            2.82136,
            2.82136,
            1.99507
          ],
          [
            2.82136,
            8.46407,
            1.99507
          ],
          [
            8.46407,
            2.82136,
            1.99507
          ],
          [
            8.46407,
            8.46407,
            1.99507
          ],
          [
            1.43901,
            1.41733,
            4.00368
          ],
          [
            1.39723,
            7.05513,
            3.93877
          ],
          [
            7.04597,
            1.41982,
            3.97714
          ],
          [
            7.06722,
            7.05529,
            3.94498
          ],
          [
            4.22202,
            1.42069,
            3.98924
          ],
          [
            4.23158,
            7.05406,
            3.93634
          ],
          [
            9.87408,
            1.41113,
            3.93634
          ],
          [
            9.87281,
            7.05533,
            3.96084
          ],
          [
            1.42909,
            4.21363,
            3.98855
          ],
          [
            1.41141,
            9.87824,
            3.96864
          ],
          [
            7.0499,
            4.2313,
            3.96864
          ],
          [
            7.06769,
            9.86045,
            3.93268
          ],
          [
            4.22538,
            4.20371,
            4.00368
          ],
          [
            4.22289,
            9.88217,
            3.97714
          ],
          [
            9.873,
            4.24549,
            3.93877
          ],
          [
            9.87285,
            9.86092,
            3.94498
          ],
          [
            -0.07378,
            -0.02462,
            5.87214
          ],
          [
            -0.01292,
            5.65563,
            5.90286
          ],
          [
            5.70575,
            -0.06304,
            5.85761
          ],
          [
            5.66733,
            5.71649,
            5.87214
          ],
          [
            2.81375,
            -0.17069,
            5.93987
          ],
          [
            2.79808,
            5.68118,
            5.86717
          ],
          [
            8.47531,
            -0.0123,
            5.90836
          ],
          [
            8.48114,
            5.64992,
            5.90668
          ],
          [
            -0.03847,
            2.84463,
            5.86717
          ],
          [
            -0.00721,
            8.44699,
            5.90668
          ],
          [
            5.8134,
            2.82896,
            5.93987
          ],
          [
            5.65501,
            8.45283,
            5.90836
          ],
          [
            2.7411,
            2.90161,
            6.15902
          ],
          [
            2.8211,
            8.40857,
            5.9159
          ],
          [
            8.51956,
            2.82161,
            5.9159
          ],
          [
            8.46373,
            8.46441,
            5.9008
          ],
          [
            2.51947,
            1.21535,
            7.24526
          ],
          [
            4.42736,
            3.12324,
            7.24526
          ]
        ],
        "Stress": [
          [
            -28.13639,
            -0.40436,
            -0.33146
          ],
          [
            -0.40436,
            -28.13639,
            0.33146
          ],
          [
            -0.33146,
            0.33146,
            -8.98129
          ]
        ],
        "computation_code": "VASP",
        "pseudopotential_information": [
          [
            "PAW_PBE",
            "Pt",
            "04Feb2005"
          ],
          [
            "PAW_PBE",
            "O",
            "08Apr2002"
          ]
        ]
      }
    ],
    "EnergyStyle": "electronvolt",
    "ForcesStyle": "electronvoltperangstrom",
    "LatticeStyle": "angstrom",
    "PositionsStyle": "angstrom",
    "StressStyle": "kB"
  }
}