{
  "Dataset": {
    "AtomTypeStyle": "chemicalsymbol",
    "Data": [
      {
        "AtomTypes": [
          "Pt",
          "Pt",
          "Pt",
          "Pt",
          "Pt",
          "Pt",
          "Pt",
          "Pt",
          "Pt",
          "Pt",
          "Pt",
          "Pt",
          "Pt",
          "Pt",
          "Pt",
          "Pt",
          "Pt",
          "Pt",
          "Pt",
          "Pt",
          "Pt",
          "Pt",
          "Pt",
          "Pt",
          "Pt",
          "Pt",
          "Pt",
          "Pt",
          "Pt",
          "Pt",
          "Pt",
          "Pt",
          "Pt",
          "Pt",
          "Pt",
          "Pt",
          "Pt",
          "Pt",
          "Pt",
          "Pt",
          "Pt",
          "Pt",
          "Pt",
          "Pt",
          "Pt",
          "Pt",
          "Pt",
          "Pt",
          "Pt",
          "Pt",
          "Pt",
          "Pt",
          "Pt",
          "Pt",
          "Pt",
          "Pt",
          "Pt",
          "Pt",
          "Pt",
          "Pt",
          "Pt",
          "Pt",
          "Pt",
          "Pt",
          "O",
          "O",
          "O",
          "O",
          "O",
          "O",
          "O",
          "O",
          "O",
          "O",
          "O"
        ],
        "Energy": -384.08750129,
        "Forces": [
          [
            -0.113418,
            0.005128,
            0.313387
          ],
          [
            -0.034483,
            0.011669,
            0.222996
          ],
          [
            0.033866,
            0.020747,
            0.242332
          ],
          [
            0.105201,
            0.0002,
            0.337161
          ],
          [
            0.047274,
            -0.010822,
            0.241743
          ],
          [
            0.105758,
            0.012822,
            0.301996
          ],
          [
            -0.061288,
            0.017685,
            0.380145
          ],
          [
            -0.052805,
            -0.018641,
            0.284323
          ],
          [
            0.008622,
            0.006539,
            0.214778
          ],
          [
            -0.028279,
            0.029072,
            0.19945
          ],
          [
            0.061296,
            0.004207,
            0.330922
          ],
          [
            -0.03264,
            0.018819,
            0.35283
          ],
          [
            0.066302,
            -0.021772,
            0.389716
          ],
          [
            -0.031089,
            -0.026409,
            0.369155
          ],
          [
            -0.026887,
            -0.018789,
            0.393272
          ],
          [
            -0.056592,
            0.005536,
            0.273598
          ],
          [
            -0.027576,
            0.116704,
            -0.295846
          ],
          [
            -0.040848,
            -0.052612,
            -0.286533
          ],
          [
            0.083456,
            -0.003357,
            -0.305191
          ],
          [
            0.069065,
            -0.178079,
            -0.351155
          ],
          [
            -0.048458,
            0.01252,
            -0.30792
          ],
          [
            -0.028827,
            0.049846,
            -0.360759
          ],
          [
            0.00491,
            -0.132261,
            -0.237386
          ],
          [
            -0.005744,
            0.02011,
            -0.234216
          ],
          [
            -0.056848,
            -0.113551,
            -0.294989
          ],
          [
            -0.036567,
            0.023184,
            -0.303887
          ],
          [
            0.049338,
            0.15953,
            -0.333277
          ],
          [
            0.064624,
            0.038481,
            -0.271509
          ],
          [
            -0.043964,
            0.06011,
            -0.378739
          ],
          [
            0.019259,
            -0.111341,
            -0.376865
          ],
          [
            -0.008655,
            -0.010834,
            -0.289493
          ],
          [
            0.001047,
            0.107351,
            -0.275953
          ],
          [
            0.00368,
            0.004747,
            0.001701
          ],
          [
            -0.000939,
            0.001538,
            0.002982
          ],
          [
            0.00033,
            0.000381,
            -0.004625
          ],
          [
            1.4e-05,
            -0.003497,
            -0.002139
          ],
          [
            -0.003186,
            0.002667,
            0.000558
          ],
          [
            -0.006803,
            0.003114,
            -0.00365
          ],
          [
            0.003739,
            0.003253,
            -0.001381
          ],
          [
            0.005267,
            -0.000249,
            0.002442
          ],
          [
            -0.00534,
            -0.001856,
            -0.004992
          ],
          [
            0.008078,
            -0.000871,
            -0.00104
          ],
          [
            0.001264,
            -0.002041,
            0.009452
          ],
          [
            -0.000703,
            -0.005043,
            0.00503
          ],
          [
            0.007813,
            -0.001238,
            -0.003163
          ],
          [
            0.002094,
            -0.002949,
            0.006535
          ],
          [
            -0.0044,
            -0.003398,
            0.004633
          ],
          [
            -0.007469,
            -0.000958,
            0.002845
          ],
          [
            0.009051,
            -0.014276,
            0.011108
          ],
          [
            7.7e-05,
            -0.010855,
            0.0051
          ],
          [
            0.008302,
            0.002937,
            -0.00713
          ],
          [
            0.005041,
            0.001567,
            -0.001175
          ],
          [
            -0.001225,
            0.005313,
            0.001309
          ],
          [
            -0.011047,
            0.005554,
            -0.000162
          ],
          [
            -0.000834,
            -0.000179,
            0.017184
          ],
          [
            -0.001058,
            -0.001643,
            -0.00591
          ],
          [
            -0.00049,
            0.008942,
            0.00178
          ],
          [
            0.00616,
            0.011715,
            0.009515
          ],
          [
            0.000299,
            -0.007923,
            -0.00016
          ],
          [
            0.002517,
            0.006347,
            -0.004554
          ],
          [
            -0.00067,
            -0.014615,
            -0.003173
          ],
          [
            -0.000921,
            0.009144,
            -0.006017
          ],
          [
            -6e-05,
            -0.003038,
            3.9e-05
          ],
          [
            0.001172,
            -0.001365,
            0.004907
          ],
          [
            0.007271,
            0.004177,
            0.006536
          ],
          [
            -0.007195,
            -0.005082,
            0.005634
          ],
          [
            0.00483,
            -0.011034,
            -0.003676
          ],
          [
            -0.001139,
            -0.016814,
            0.007828
          ],
          [
            -0.004622,
            0.000985,
            -0.000717
          ],
          [
            0.006777,
            -0.001105,
            -0.002873
          ],
          [
            0.002433,
            -0.005849,
            -0.003513
          ],
          [
            -0.009889,
            0.010318,
            0.000309
          ],
          [
            -0.002136,
            -0.00455,
            -0.005115
          ],
          [
            0.00173,
            0.0116,
            0.007685
          ],
          [
            -0.002862,
            0.004335,
            0.005966
          ]
        ],
        "Lattice": [
          [
            11.285424233,
            0.0,
            0.0
          ],
          [
            0.0,
            11.285424233,
            0.0
          ],
          [
            0.0,
            0.0,
            19.570980073
          ]
        ],
        "NumAtoms": 75,
        "Positions": [
          [
            4.23203,
            1.41068,
            0.0
          ],
          [
            4.23203,
            7.05339,
            0.0
          ],
          [
            9.87475,
            1.41068,
            0.0
          ],
          [
            9.87475,
            7.05339,
            0.0
          ],
          [
            4.23203,
            4.23203,
            0.0
          ],
          [
            4.23203,
            9.87475,
            0.0
          ],
          [
            9.87475,
            4.23203,
            0.0
          ],
          [
            9.87475,
            9.87475,
            0.0
          ],
          [
            1.41068,
            1.41068,
            0.0
          ],
          [
            1.41068,
            7.05339,
            0.0
          ],
          [
            7.05339,
            1.41068,
            0.0
          ],
          [
            7.05339,
            7.05339,
            0.0
          ],
          [
            1.41068,
            4.23203,
            0.0
          ],
          [
            1.41068,
            9.87475,
            0.0
          ],
          [
            7.05339,
            4.23203,
            0.0
          ],
          [
            7.05339,
            9.87475,
            0.0
          ],
          [
            0.0,
            0.0,
            1.99507
          ],
          [
            0.0,
            5.64271,
            1.99507
          ],
          [
            5.64271,
            0.0,
            1.99507
          ],
          [
            5.64271,
            5.64271,
            1.99507
          ],
          [
            2.82136,
            0.0,
            1.99507
          ],
          [
            2.82136,
            5.64271,
            1.99507
          ],
          [
            8.46407,
            0.0,
            1.99507
          ],
          [
            8.46407,
            5.64271,
            1.99507
          ],
          [
            0.0,
            2.82136,
            1.99507
          ],
          [
            0.0,
            8.46407,
            1.99507
          ],
          [
            5.64271,
            2.82136,
            1.99507
          ],
          [
            5.64271,
            8.46407,
            1.99507
          ],
          [
            2.82136,
            2.82136,
            1.99507
          ],
          [
            2.82136,
            8.46407,
            1.99507
          ],
          [
            8.46407,
            2.82136,
            1.99507
          ],
          [
            8.46407,
            8.46407,
            1.99507
          ],
          [
            1.38401,
            1.42656,
            3.99737
          ],
          [
            1.40958,
            7.04344,
            3.98433
          ],
          [
            7.05403,
            1.3966,
            3.96262
          ],
          [
            7.05331,
            7.05911,
            3.96219
          ],
          [
            4.2437,
            1.46658,
            3.94326
          ],
          [
            4.23173,
            7.00633,
            3.95976
          ],
          [
            9.89291,
            1.37041,
            4.00342
          ],
          [
            9.88053,
            7.08559,
            3.97761
          ],
          [
            1.40968,
            4.23013,
            3.95596
          ],
          [
            1.40356,
            9.87893,
            3.9431
          ],
          [
            7.03855,
            4.22426,
            4.01525
          ],
          [
            7.06609,
            9.87053,
            4.03092
          ],
          [
            4.24365,
            4.25781,
            3.99938
          ],
          [
            4.26482,
            9.86143,
            3.94567
          ],
          [
            9.85965,
            4.19914,
            3.97508
          ],
          [
            9.85868,
            9.90718,
            3.99725
          ],
          [
            0.15793,
            -0.0318,
            6.12655
          ],
          [
            -0.0152,
            5.72931,
            5.93911
          ],
          [
            5.56621,
            -0.08692,
            5.97171
          ],
          [
            5.65921,
            5.65811,
            6.04577
          ],
          [
            2.86409,
            -0.00382,
            5.8429
          ],
          [
            2.76736,
            5.66999,
            6.07566
          ],
          [
            8.43486,
            0.00793,
            6.04581
          ],
          [
            8.48606,
            5.55716,
            5.93772
          ],
          [
            -0.00589,
            2.83461,
            6.05419
          ],
          [
            0.03108,
            8.39584,
            5.92353
          ],
          [
            5.61958,
            2.77856,
            6.07365
          ],
          [
            5.60235,
            8.54961,
            5.95028
          ],
          [
            2.8105,
            2.72716,
            5.93151
          ],
          [
            2.85404,
            8.58432,
            5.93909
          ],
          [
            8.45149,
            2.89023,
            5.93781
          ],
          [
            8.47343,
            8.43318,
            6.07153
          ],
          [
            0.02944,
            1.42255,
            7.42218
          ],
          [
            5.64678,
            4.23244,
            7.39154
          ],
          [
            8.42772,
            9.87709,
            7.39676
          ],
          [
            2.83358,
            7.22404,
            7.30706
          ],
          [
            8.46072,
            1.54111,
            7.30832
          ],
          [
            0.08283,
            9.69696,
            7.34995
          ],
          [
            5.61129,
            7.19143,
            7.3147
          ],
          [
            2.79736,
            4.09658,
            7.28574
          ],
          [
            -0.02763,
            4.37952,
            7.31496
          ],
          [
            5.58602,
            1.25187,
            7.35347
          ],
          [
            8.48437,
            6.89446,
            7.32595
          ]
        ],
        "Stress": [
          [
            -24.8796,
            0.46609,
            0.05522
          ],
          [
            0.46609,
            -22.41199,
            -0.11834
          ],
          [
            0.05522,
            -0.11834,
            -11.20831
          ]
        ],
        "computation_code": "VASP",
        "pseudopotential_information": [
          [
            "PAW_PBE",
            "Pt",
            "04Feb2005"
          ],
          [
            "PAW_PBE",
            "O",
            "08Apr2002"
          ]
        ]
      }
    ],
    "EnergyStyle": "electronvolt",
    "ForcesStyle": "electronvoltperangstrom",
    "LatticeStyle": "angstrom",
    "PositionsStyle": "angstrom",
    "StressStyle": "kB"
  }
}