{
  "Dataset": {
    "AtomTypeStyle": "chemicalsymbol",
    "Data": [
      {
        "AtomTypes": [
          "Pt",
          "Pt",
          "Pt",
          "Pt",
          "Pt",
          "Pt",
          "Pt",
          "Pt",
          "Pt",
          "Pt",
          "Pt",
          "Pt",
          "Pt",
          "Pt",
          "Pt",
          "Pt",
          "Pt",
          "Pt",
          "Pt",
          "Pt",
          "Pt",
          "Pt",
          "Pt",
          "Pt",
          "Pt",
          "Pt",
          "Pt",
          "Pt",
          "Pt",
          "Pt",
          "Pt",
          "Pt",
          "Pt",
          "Pt",
          "Pt",
          "Pt",
          "Pt",
          "Pt",
          "Pt",
          "Pt",
          "Pt",
          "Pt",
          "Pt",
          "Pt",
          "Pt",
          "Pt",
          "Pt",
          "Pt",
          "Pt",
          "Pt",
          "Pt",
          "Pt",
          "Pt",
          "Pt",
          "Pt",
          "Pt",
          "Pt",
          "Pt",
          "Pt",
          "Pt",
          "Pt",
          "Pt",
          "Pt",
          "Pt",
          "O",
          "O"
        ],
        "Energy": -334.80235234,
        "Forces": [
          [
            0.016537,
            -0.016537,
            0.380907
          ],
          [
            0.004185,
            -0.00274,
            0.350172
          ],
          [
            0.00274,
            -0.004185,
            0.350172
          ],
          [
            -0.044976,
            0.044976,
            0.225769
          ],
          [
            0.011021,
            0.027935,
            0.377507
          ],
          [
            -0.009116,
            0.014636,
            0.354558
          ],
          [
            0.026559,
            0.028957,
            0.363965
          ],
          [
            0.032101,
            -0.074201,
            0.304118
          ],
          [
            -0.027935,
            -0.011021,
            0.377507
          ],
          [
            -0.028957,
            -0.026559,
            0.363965
          ],
          [
            -0.014636,
            0.009116,
            0.354558
          ],
          [
            0.074201,
            -0.032101,
            0.304118
          ],
          [
            0.001798,
            -0.001798,
            0.403064
          ],
          [
            0.022927,
            0.027817,
            0.382281
          ],
          [
            -0.027817,
            -0.022927,
            0.382281
          ],
          [
            0.000215,
            -0.000215,
            0.369355
          ],
          [
            0.054756,
            0.057933,
            -0.388529
          ],
          [
            0.082637,
            -0.082637,
            -0.399921
          ],
          [
            -0.014776,
            0.014776,
            -0.383469
          ],
          [
            -0.057933,
            -0.054756,
            -0.388529
          ],
          [
            -0.014241,
            0.084073,
            -0.277506
          ],
          [
            0.008299,
            -0.115597,
            -0.308615
          ],
          [
            -0.011004,
            0.088798,
            -0.397748
          ],
          [
            -0.022082,
            -0.075768,
            -0.408969
          ],
          [
            0.115597,
            -0.008299,
            -0.308615
          ],
          [
            0.075768,
            0.022082,
            -0.408969
          ],
          [
            -0.084073,
            0.014241,
            -0.277506
          ],
          [
            -0.088798,
            0.011004,
            -0.397748
          ],
          [
            0.059545,
            -0.059545,
            -0.249707
          ],
          [
            0.055476,
            0.099026,
            -0.332108
          ],
          [
            -0.099026,
            -0.055476,
            -0.332108
          ],
          [
            -0.016022,
            0.016022,
            -0.440391
          ],
          [
            -0.00862,
            -0.004924,
            -0.006367
          ],
          [
            -0.001018,
            -0.00979,
            0.000187
          ],
          [
            -0.002703,
            -0.003487,
            -0.000334
          ],
          [
            1.9e-05,
            -0.002672,
            -0.003462
          ],
          [
            0.008703,
            -0.008703,
            -0.01128
          ],
          [
            -0.00114,
            -0.002757,
            -0.000922
          ],
          [
            0.002757,
            0.00114,
            -0.000922
          ],
          [
            -0.006793,
            0.006793,
            -0.004274
          ],
          [
            -0.010248,
            0.010248,
            0.005135
          ],
          [
            -0.005261,
            0.002052,
            -0.000713
          ],
          [
            -0.002052,
            0.005261,
            -0.000713
          ],
          [
            -0.004533,
            0.004533,
            -0.004855
          ],
          [
            0.004924,
            0.00862,
            -0.006367
          ],
          [
            0.003487,
            0.002703,
            -0.000334
          ],
          [
            0.00979,
            0.001018,
            0.000187
          ],
          [
            0.002672,
            -1.9e-05,
            -0.003462
          ],
          [
            -0.009471,
            -0.000211,
            0.003666
          ],
          [
            -0.001483,
            0.001483,
            -0.000916
          ],
          [
            0.002285,
            -0.002285,
            0.004997
          ],
          [
            0.000211,
            0.009471,
            0.003666
          ],
          [
            -0.000523,
            0.009626,
            -0.000757
          ],
          [
            -0.005006,
            -0.003341,
            0.003505
          ],
          [
            -0.007045,
            0.002544,
            0.00224
          ],
          [
            -0.004977,
            0.002189,
            0.006787
          ],
          [
            0.003341,
            0.005006,
            0.003505
          ],
          [
            -0.002189,
            0.004977,
            0.006787
          ],
          [
            -0.009626,
            0.000523,
            -0.000757
          ],
          [
            -0.002544,
            0.007045,
            0.00224
          ],
          [
            0.004678,
            -0.004678,
            0.041651
          ],
          [
            0.000143,
            0.014491,
            0.00523
          ],
          [
            -0.014491,
            -0.000143,
            0.00523
          ],
          [
            -0.00011,
            0.00011,
            0.016126
          ],
          [
            -0.005119,
            0.021031,
            -0.004278
          ],
          [
            -0.021031,
            0.005119,
            -0.004278
          ]
        ],
        "Lattice": [
          [
            11.285424233,
            0.0,
            0.0
          ],
          [
            0.0,
            11.285424233,
            0.0
          ],
          [
            0.0,
            0.0,
            19.570980073
          ]
        ],
        "NumAtoms": 66,
        "Positions": [
          [
            4.23203,
            1.41068,
            0.0
          ],
          [
            4.23203,
            7.05339,
            0.0
          ],
          [
            9.87475,
            1.41068,
            0.0
          ],
          [
            9.87475,
            7.05339,
            0.0
          ],
          [
            4.23203,
            4.23203,
            0.0
          ],
          [
            4.23203,
            9.87475,
            0.0
          ],
          [
            9.87475,
            4.23203,
            0.0
          ],
          [
            9.87475,
            9.87475,
            0.0
          ],
          [
            1.41068,
            1.41068,
            0.0
          ],
          [
            1.41068,
            7.05339,
            0.0
          ],
          [
            7.05339,
            1.41068,
            0.0
          ],
          [
            7.05339,
            7.05339,
            0.0
          ],
          [
            1.41068,
            4.23203,
            0.0
          ],
          [
            1.41068,
            9.87475,
            0.0
          ],
          [
            7.05339,
            4.23203,
            0.0
          ],
          [
            7.05339,
            9.87475,
            0.0
          ],
          [
            0.0,
            0.0,
            1.99507
          ],
          [
            0.0,
            5.64271,
            1.99507
          ],
          [
            5.64271,
            0.0,
            1.99507
          ],
          [
            5.64271,
            5.64271,
            1.99507
          ],
          [
            2.82136,
            0.0,
            1.99507
          ],
          [
            2.82136,
            5.64271,
            1.99507
          ],
          [
            8.46407,
            0.0,
            1.99507
          ],
          [
            8.46407,
            5.64271,
            1.99507
          ],
          [
            0.0,
            2.82136,
            1.99507
          ],
          [
            0.0,
            8.46407,
            1.99507
          ],
          [
            5.64271,
            2.82136,
            1.99507
          ],
          [
            5.64271,
            8.46407,
            1.99507
          ],
          [
            2.82136,
            2.82136,
            1.99507
          ],
          [
            2.82136,
            8.46407,
            1.99507
          ],
          [
            8.46407,
            2.82136,
            1.99507
          ],
          [
            8.46407,
            8.46407,
            1.99507
          ],
          [
            1.443,
            1.41916,
            4.00333
          ],
          [
            1.40388,
            7.05363,
            3.93393
          ],
          [
            7.0326,
            1.42735,
            3.97753
          ],
          [
            7.0623,
            7.05609,
            3.93541
          ],
          [
            4.21306,
            1.42965,
            3.99733
          ],
          [
            4.22961,
            7.05224,
            3.93565
          ],
          [
            9.8759,
            1.41311,
            3.93565
          ],
          [
            9.87631,
            7.05183,
            3.94749
          ],
          [
            1.43692,
            4.20579,
            3.98441
          ],
          [
            1.41557,
            9.88214,
            3.96566
          ],
          [
            7.046,
            4.22714,
            3.96566
          ],
          [
            7.0578,
            9.87034,
            3.92911
          ],
          [
            4.22355,
            4.19972,
            4.00333
          ],
          [
            4.21536,
            9.89554,
            3.97753
          ],
          [
            9.8745,
            4.23883,
            3.93393
          ],
          [
            9.87205,
            9.86583,
            3.93541
          ],
          [
            -0.0717,
            -0.02715,
            5.87172
          ],
          [
            -0.00786,
            5.65057,
            5.88941
          ],
          [
            5.68942,
            -0.04671,
            5.86945
          ],
          [
            5.66987,
            5.71441,
            5.87172
          ],
          [
            2.80349,
            -0.15372,
            5.96989
          ],
          [
            2.7998,
            5.67674,
            5.86862
          ],
          [
            8.46881,
            -0.00903,
            5.8889
          ],
          [
            8.48291,
            5.64645,
            5.88368
          ],
          [
            -0.03403,
            2.84291,
            5.86862
          ],
          [
            -0.00374,
            8.44523,
            5.88368
          ],
          [
            5.79643,
            2.83922,
            5.96989
          ],
          [
            5.65174,
            8.45933,
            5.8889
          ],
          [
            2.71917,
            2.92355,
            6.20001
          ],
          [
            2.82331,
            8.41911,
            5.90267
          ],
          [
            8.50903,
            2.8194,
            5.90267
          ],
          [
            8.46368,
            8.46445,
            5.87462
          ],
          [
            2.49354,
            1.22092,
            7.27433
          ],
          [
            4.4218,
            3.14917,
            7.27433
          ]
        ],
        "Stress": [
          [
            -27.93866,
            -0.49038,
            -0.29602
          ],
          [
            -0.49038,
            -27.93866,
            0.29602
          ],
          [
            -0.29602,
            0.29602,
            -8.61646
          ]
        ],
        "computation_code": "VASP",
        "pseudopotential_information": [
          [
            "PAW_PBE",
            "Pt",
            "04Feb2005"
          ],
          [
            "PAW_PBE",
            "O",
            "08Apr2002"
          ]
        ]
      }
    ],
    "EnergyStyle": "electronvolt",
    "ForcesStyle": "electronvoltperangstrom",
    "LatticeStyle": "angstrom",
    "PositionsStyle": "angstrom",
    "StressStyle": "kB"
  }
}