{
  "Dataset": {
    "AtomTypeStyle": "chemicalsymbol",
    "Data": [
      {
        "AtomTypes": [
          "Pt",
          "Pt",
          "Pt",
          "Pt",
          "Pt",
          "Pt",
          "Pt",
          "Pt",
          "Pt",
          "Pt",
          "Pt",
          "Pt",
          "Pt",
          "Pt",
          "Pt",
          "Pt",
          "Pt",
          "Pt",
          "Pt",
          "Pt",
          "Pt",
          "Pt",
          "Pt",
          "Pt",
          "Pt",
          "Pt",
          "Pt",
          "Pt",
          "Pt",
          "Pt",
          "Pt",
          "Pt",
          "Pt",
          "Pt",
          "Pt",
          "Pt",
          "Pt",
          "Pt",
          "Pt",
          "Pt",
          "Pt",
          "Pt",
          "Pt",
          "Pt",
          "Pt",
          "Pt",
          "Pt",
          "Pt",
          "Pt",
          "Pt",
          "Pt",
          "Pt",
          "Pt",
          "Pt",
          "Pt",
          "Pt",
          "Pt",
          "Pt",
          "Pt",
          "Pt",
          "Pt",
          "Pt",
          "Pt",
          "Pt",
          "O",
          "O",
          "O"
        ],
        "Energy": -341.00840608,
        "Forces": [
          [
            -0.061017,
            -0.0,
            0.367341
          ],
          [
            0.000107,
            -0.0,
            0.296356
          ],
          [
            0.018113,
            -0.0,
            0.268911
          ],
          [
            0.033329,
            -0.0,
            0.257905
          ],
          [
            0.020305,
            0.019179,
            0.402285
          ],
          [
            0.020305,
            -0.019179,
            0.402285
          ],
          [
            -0.0093,
            -0.000564,
            0.401954
          ],
          [
            -0.0093,
            0.000564,
            0.401954
          ],
          [
            -0.018113,
            -0.0,
            0.268911
          ],
          [
            -0.033329,
            -0.0,
            0.257905
          ],
          [
            0.061017,
            -0.0,
            0.367341
          ],
          [
            -0.000107,
            -0.0,
            0.296356
          ],
          [
            0.0093,
            -0.000564,
            0.401954
          ],
          [
            0.0093,
            0.000564,
            0.401954
          ],
          [
            -0.020305,
            0.019179,
            0.402285
          ],
          [
            -0.020305,
            -0.019179,
            0.402285
          ],
          [
            0.0,
            0.072596,
            -0.401727
          ],
          [
            0.0,
            -0.065115,
            -0.3611
          ],
          [
            0.0,
            -0.059639,
            -0.257807
          ],
          [
            0.0,
            -0.041174,
            -0.249953
          ],
          [
            0.051331,
            -0.106283,
            -0.399026
          ],
          [
            0.045756,
            -0.113766,
            -0.387345
          ],
          [
            -0.051331,
            -0.106283,
            -0.399026
          ],
          [
            -0.045756,
            -0.113766,
            -0.387345
          ],
          [
            0.0,
            -0.072596,
            -0.401727
          ],
          [
            0.0,
            0.065115,
            -0.3611
          ],
          [
            0.0,
            0.059639,
            -0.257807
          ],
          [
            0.0,
            0.041174,
            -0.249953
          ],
          [
            0.051331,
            0.106283,
            -0.399026
          ],
          [
            0.045756,
            0.113766,
            -0.387345
          ],
          [
            -0.051331,
            0.106283,
            -0.399026
          ],
          [
            -0.045756,
            0.113766,
            -0.387345
          ],
          [
            0.000302,
            -0.0,
            0.007671
          ],
          [
            0.000283,
            -0.0,
            -0.007008
          ],
          [
            0.013636,
            -0.0,
            -0.001469
          ],
          [
            0.0068,
            -0.0,
            0.00558
          ],
          [
            -0.013636,
            -0.0,
            -0.001469
          ],
          [
            -0.0068,
            -0.0,
            0.00558
          ],
          [
            -0.000302,
            -0.0,
            0.007671
          ],
          [
            -0.000283,
            -0.0,
            -0.007008
          ],
          [
            0.017009,
            -2.7e-05,
            -0.00645
          ],
          [
            0.017009,
            2.7e-05,
            -0.00645
          ],
          [
            0.005942,
            0.003284,
            0.003587
          ],
          [
            0.005942,
            -0.003284,
            0.003587
          ],
          [
            -0.005942,
            0.003284,
            0.003587
          ],
          [
            -0.005942,
            -0.003284,
            0.003587
          ],
          [
            -0.017009,
            -2.7e-05,
            -0.00645
          ],
          [
            -0.017009,
            2.7e-05,
            -0.00645
          ],
          [
            0.0,
            0.028003,
            0.017553
          ],
          [
            0.0,
            0.027585,
            -0.005895
          ],
          [
            0.0,
            0.037178,
            0.038806
          ],
          [
            0.0,
            0.048866,
            0.032931
          ],
          [
            -0.000195,
            -0.001976,
            0.004859
          ],
          [
            0.000515,
            -0.009643,
            -0.004287
          ],
          [
            0.000195,
            -0.001976,
            0.004859
          ],
          [
            -0.000515,
            -0.009643,
            -0.004287
          ],
          [
            0.0,
            -0.028003,
            0.017553
          ],
          [
            0.0,
            -0.027585,
            -0.005895
          ],
          [
            0.0,
            -0.037178,
            0.038806
          ],
          [
            0.0,
            -0.048866,
            0.032931
          ],
          [
            -0.000195,
            0.001976,
            0.004859
          ],
          [
            0.000515,
            0.009643,
            -0.004287
          ],
          [
            0.000195,
            0.001976,
            0.004859
          ],
          [
            -0.000515,
            0.009643,
            -0.004287
          ],
          [
            0.0,
            -0.0,
            -0.037203
          ],
          [
            0.0,
            -0.0,
            -0.024935
          ],
          [
            0.0,
            -0.0,
            -0.016358
          ]
        ],
        "Lattice": [
          [
            11.285424233,
            0.0,
            0.0
          ],
          [
            0.0,
            11.285424233,
            0.0
          ],
          [
            0.0,
            0.0,
            19.570980073
          ]
        ],
        "NumAtoms": 67,
        "Positions": [
          [
            4.23203,
            1.41068,
            0.0
          ],
          [
            4.23203,
            7.05339,
            0.0
          ],
          [
            9.87475,
            1.41068,
            0.0
          ],
          [
            9.87475,
            7.05339,
            0.0
          ],
          [
            4.23203,
            4.23203,
            0.0
          ],
          [
            4.23203,
            9.87475,
            0.0
          ],
          [
            9.87475,
            4.23203,
            0.0
          ],
          [
            9.87475,
            9.87475,
            0.0
          ],
          [
            1.41068,
            1.41068,
            0.0
          ],
          [
            1.41068,
            7.05339,
            0.0
          ],
          [
            7.05339,
            1.41068,
            0.0
          ],
          [
            7.05339,
            7.05339,
            0.0
          ],
          [
            1.41068,
            4.23203,
            0.0
          ],
          [
            1.41068,
            9.87475,
            0.0
          ],
          [
            7.05339,
            4.23203,
            0.0
          ],
          [
            7.05339,
            9.87475,
            0.0
          ],
          [
            0.0,
            0.0,
            1.99507
          ],
          [
            0.0,
            5.64271,
            1.99507
          ],
          [
            5.64271,
            0.0,
            1.99507
          ],
          [
            5.64271,
            5.64271,
            1.99507
          ],
          [
            2.82136,
            0.0,
            1.99507
          ],
          [
            2.82136,
            5.64271,
            1.99507
          ],
          [
            8.46407,
            0.0,
            1.99507
          ],
          [
            8.46407,
            5.64271,
            1.99507
          ],
          [
            0.0,
            2.82136,
            1.99507
          ],
          [
            0.0,
            8.46407,
            1.99507
          ],
          [
            5.64271,
            2.82136,
            1.99507
          ],
          [
            5.64271,
            8.46407,
            1.99507
          ],
          [
            2.82136,
            2.82136,
            1.99507
          ],
          [
            2.82136,
            8.46407,
            1.99507
          ],
          [
            8.46407,
            2.82136,
            1.99507
          ],
          [
            8.46407,
            8.46407,
            1.99507
          ],
          [
            1.39559,
            1.41068,
            3.95269
          ],
          [
            1.41029,
            7.05339,
            3.92948
          ],
          [
            7.04191,
            1.41068,
            3.94556
          ],
          [
            7.03847,
            7.05339,
            3.9659
          ],
          [
            4.24351,
            1.41068,
            3.94556
          ],
          [
            4.24695,
            7.05339,
            3.9659
          ],
          [
            9.88984,
            1.41068,
            3.95269
          ],
          [
            9.87514,
            7.05339,
            3.92948
          ],
          [
            1.39304,
            4.22135,
            3.94882
          ],
          [
            1.39304,
            9.88543,
            3.94882
          ],
          [
            7.02336,
            4.2456,
            3.99026
          ],
          [
            7.02336,
            9.86118,
            3.99026
          ],
          [
            4.26207,
            4.2456,
            3.99026
          ],
          [
            4.26207,
            9.86118,
            3.99026
          ],
          [
            9.89238,
            4.22135,
            3.94882
          ],
          [
            9.89238,
            9.88543,
            3.94882
          ],
          [
            0.0,
            -0.10589,
            6.00509
          ],
          [
            0.0,
            5.66208,
            5.89674
          ],
          [
            5.64271,
            -0.06869,
            6.01843
          ],
          [
            5.64271,
            5.56844,
            6.02737
          ],
          [
            2.81497,
            -0.0179,
            5.83996
          ],
          [
            2.7683,
            5.65703,
            5.87531
          ],
          [
            8.47045,
            -0.0179,
            5.83996
          ],
          [
            8.51712,
            5.65703,
            5.87531
          ],
          [
            0.0,
            2.92725,
            6.00509
          ],
          [
            0.0,
            8.4447,
            5.89674
          ],
          [
            5.64271,
            2.89004,
            6.01843
          ],
          [
            5.64271,
            8.53834,
            6.02737
          ],
          [
            2.81497,
            2.83925,
            5.83996
          ],
          [
            2.7683,
            8.44975,
            5.87531
          ],
          [
            8.47045,
            2.83925,
            5.83996
          ],
          [
            8.51712,
            8.44975,
            5.87531
          ],
          [
            0.0,
            1.41068,
            7.24382
          ],
          [
            5.64271,
            7.05339,
            7.29884
          ],
          [
            5.64271,
            1.41068,
            7.30047
          ]
        ],
        "Stress": [
          [
            -26.86273,
            0.0,
            0.0
          ],
          [
            0.0,
            -28.22989,
            0.0
          ],
          [
            0.0,
            0.0,
            -8.96105
          ]
        ],
        "computation_code": "VASP",
        "pseudopotential_information": [
          [
            "PAW_PBE",
            "Pt",
            "04Feb2005"
          ],
          [
            "PAW_PBE",
            "O",
            "08Apr2002"
          ]
        ]
      }
    ],
    "EnergyStyle": "electronvolt",
    "ForcesStyle": "electronvoltperangstrom",
    "LatticeStyle": "angstrom",
    "PositionsStyle": "angstrom",
    "StressStyle": "kB"
  }
}