{
  "Dataset": {
    "AtomTypeStyle": "chemicalsymbol",
    "Data": [
      {
        "AtomTypes": [
          "Pt",
          "Pt",
          "Pt",
          "Pt",
          "Pt",
          "Pt",
          "Pt",
          "Pt",
          "Pt",
          "Pt",
          "Pt",
          "Pt",
          "Pt",
          "Pt",
          "Pt",
          "Pt",
          "Pt",
          "Pt",
          "Pt",
          "Pt",
          "Pt",
          "Pt",
          "Pt",
          "Pt",
          "Pt",
          "Pt",
          "Pt",
          "Pt",
          "Pt",
          "Pt",
          "Pt",
          "Pt",
          "Pt",
          "Pt",
          "Pt",
          "Pt",
          "Pt",
          "Pt",
          "Pt",
          "Pt",
          "Pt",
          "Pt",
          "Pt",
          "Pt",
          "Pt",
          "Pt",
          "Pt",
          "Pt",
          "Pt",
          "Pt",
          "Pt",
          "Pt",
          "Pt",
          "Pt",
          "Pt",
          "Pt",
          "Pt",
          "Pt",
          "Pt",
          "Pt",
          "Pt",
          "Pt",
          "Pt",
          "Pt",
          "O",
          "O",
          "O"
        ],
        "Energy": -340.84421497,
        "Forces": [
          [
            -0.004583,
            0.0,
            0.337163
          ],
          [
            0.059619,
            0.0,
            0.301442
          ],
          [
            -0.021897,
            0.0,
            0.353576
          ],
          [
            -0.031742,
            0.0,
            0.190009
          ],
          [
            -0.017242,
            0.007295,
            0.420941
          ],
          [
            -0.017242,
            -0.007295,
            0.420941
          ],
          [
            0.026969,
            0.002253,
            0.40997
          ],
          [
            0.026969,
            -0.002253,
            0.40997
          ],
          [
            0.004583,
            0.0,
            0.337163
          ],
          [
            -0.059619,
            0.0,
            0.301442
          ],
          [
            0.021897,
            0.0,
            0.353576
          ],
          [
            0.031742,
            0.0,
            0.190009
          ],
          [
            0.017242,
            0.007295,
            0.420941
          ],
          [
            0.017242,
            -0.007295,
            0.420941
          ],
          [
            -0.026969,
            0.002253,
            0.40997
          ],
          [
            -0.026969,
            -0.002253,
            0.40997
          ],
          [
            -0.034178,
            -0.013577,
            -0.228214
          ],
          [
            -0.002835,
            -0.026837,
            -0.139752
          ],
          [
            0.034178,
            -0.013577,
            -0.228214
          ],
          [
            0.002835,
            -0.026837,
            -0.139752
          ],
          [
            -0.0,
            -0.048079,
            -0.295737
          ],
          [
            -0.0,
            -0.035898,
            -0.13629
          ],
          [
            -0.0,
            -0.050488,
            -0.276146
          ],
          [
            -0.0,
            0.010012,
            -0.134766
          ],
          [
            -0.034178,
            0.013577,
            -0.228214
          ],
          [
            -0.002835,
            0.026837,
            -0.139752
          ],
          [
            0.034178,
            0.013577,
            -0.228214
          ],
          [
            0.002835,
            0.026837,
            -0.139752
          ],
          [
            -0.0,
            0.048079,
            -0.295737
          ],
          [
            -0.0,
            0.035898,
            -0.13629
          ],
          [
            -0.0,
            0.050488,
            -0.276146
          ],
          [
            -0.0,
            -0.010012,
            -0.134766
          ],
          [
            -0.006955,
            0.0,
            -0.365432
          ],
          [
            0.006893,
            0.0,
            -0.006583
          ],
          [
            0.068526,
            0.0,
            -0.16046
          ],
          [
            0.0041,
            0.0,
            0.051345
          ],
          [
            0.006955,
            0.0,
            -0.365432
          ],
          [
            -0.006893,
            0.0,
            -0.006583
          ],
          [
            -0.068526,
            0.0,
            -0.16046
          ],
          [
            -0.0041,
            0.0,
            0.051345
          ],
          [
            -0.014157,
            0.157128,
            -0.139236
          ],
          [
            -0.014157,
            -0.157128,
            -0.139236
          ],
          [
            0.067775,
            0.104818,
            -0.096866
          ],
          [
            0.067775,
            -0.104818,
            -0.096866
          ],
          [
            0.014157,
            0.157128,
            -0.139236
          ],
          [
            0.014157,
            -0.157128,
            -0.139236
          ],
          [
            -0.067775,
            0.104818,
            -0.096866
          ],
          [
            -0.067775,
            -0.104818,
            -0.096866
          ],
          [
            -0.183101,
            -0.000351,
            0.364477
          ],
          [
            -0.042292,
            0.311318,
            -0.245741
          ],
          [
            0.183101,
            -0.000351,
            0.364477
          ],
          [
            0.042292,
            0.311318,
            -0.245741
          ],
          [
            -0.0,
            0.075414,
            0.395989
          ],
          [
            -0.0,
            0.345908,
            -0.211148
          ],
          [
            -0.0,
            -0.146293,
            -0.525898
          ],
          [
            -0.0,
            0.0861,
            -0.254842
          ],
          [
            -0.183101,
            0.000351,
            0.364477
          ],
          [
            -0.042292,
            -0.311318,
            -0.245741
          ],
          [
            0.183101,
            0.000351,
            0.364477
          ],
          [
            0.042292,
            -0.311318,
            -0.245741
          ],
          [
            -0.0,
            -0.075414,
            0.395989
          ],
          [
            -0.0,
            -0.345908,
            -0.211148
          ],
          [
            -0.0,
            0.146293,
            -0.525898
          ],
          [
            -0.0,
            -0.0861,
            -0.254842
          ],
          [
            0.011305,
            0.0,
            0.089904
          ],
          [
            -0.011305,
            0.0,
            0.089904
          ],
          [
            -0.0,
            0.0,
            -0.086567
          ]
        ],
        "Lattice": [
          [
            11.285424233,
            0.0,
            0.0
          ],
          [
            0.0,
            11.285424233,
            0.0
          ],
          [
            0.0,
            0.0,
            19.570980073
          ]
        ],
        "NumAtoms": 67,
        "Positions": [
          [
            4.23203,
            1.41068,
            0.0
          ],
          [
            4.23203,
            7.05339,
            0.0
          ],
          [
            9.87475,
            1.41068,
            0.0
          ],
          [
            9.87475,
            7.05339,
            0.0
          ],
          [
            4.23203,
            4.23203,
            0.0
          ],
          [
            4.23203,
            9.87475,
            0.0
          ],
          [
            9.87475,
            4.23203,
            0.0
          ],
          [
            9.87475,
            9.87475,
            0.0
          ],
          [
            1.41068,
            1.41068,
            0.0
          ],
          [
            1.41068,
            7.05339,
            0.0
          ],
          [
            7.05339,
            1.41068,
            0.0
          ],
          [
            7.05339,
            7.05339,
            0.0
          ],
          [
            1.41068,
            4.23203,
            0.0
          ],
          [
            1.41068,
            9.87475,
            0.0
          ],
          [
            7.05339,
            4.23203,
            0.0
          ],
          [
            7.05339,
            9.87475,
            0.0
          ],
          [
            0.0,
            0.0,
            1.99507
          ],
          [
            0.0,
            5.64271,
            1.99507
          ],
          [
            5.64271,
            0.0,
            1.99507
          ],
          [
            5.64271,
            5.64271,
            1.99507
          ],
          [
            2.82136,
            0.0,
            1.99507
          ],
          [
            2.82136,
            5.64271,
            1.99507
          ],
          [
            8.46407,
            0.0,
            1.99507
          ],
          [
            8.46407,
            5.64271,
            1.99507
          ],
          [
            0.0,
            2.82136,
            1.99507
          ],
          [
            0.0,
            8.46407,
            1.99507
          ],
          [
            5.64271,
            2.82136,
            1.99507
          ],
          [
            5.64271,
            8.46407,
            1.99507
          ],
          [
            2.82136,
            2.82136,
            1.99507
          ],
          [
            2.82136,
            8.46407,
            1.99507
          ],
          [
            8.46407,
            2.82136,
            1.99507
          ],
          [
            8.46407,
            8.46407,
            1.99507
          ],
          [
            1.41108,
            1.41068,
            3.97039
          ],
          [
            1.41088,
            7.05339,
            3.991
          ],
          [
            7.05949,
            1.41068,
            3.98105
          ],
          [
            7.05319,
            7.05339,
            3.99228
          ],
          [
            4.23164,
            1.41068,
            3.97039
          ],
          [
            4.23183,
            7.05339,
            3.991
          ],
          [
            9.86865,
            1.41068,
            3.98105
          ],
          [
            9.87494,
            7.05339,
            3.99228
          ],
          [
            1.41056,
            4.22986,
            3.99611
          ],
          [
            1.41056,
            9.87692,
            3.99611
          ],
          [
            7.05114,
            4.23082,
            3.99323
          ],
          [
            7.05114,
            9.87596,
            3.99323
          ],
          [
            4.23215,
            4.22986,
            3.99611
          ],
          [
            4.23215,
            9.87692,
            3.99611
          ],
          [
            9.877,
            4.23082,
            3.99323
          ],
          [
            9.877,
            9.87596,
            3.99323
          ],
          [
            -0.0067,
            -0.10665,
            5.92699
          ],
          [
            -0.0005,
            5.64338,
            5.97866
          ],
          [
            5.64941,
            -0.10665,
            5.92699
          ],
          [
            5.64321,
            5.64338,
            5.97866
          ],
          [
            2.82136,
            -0.10845,
            5.92547
          ],
          [
            2.82136,
            5.64367,
            5.9796
          ],
          [
            8.46407,
            -0.00401,
            5.97432
          ],
          [
            8.46407,
            5.64448,
            5.98004
          ],
          [
            -0.0067,
            2.92801,
            5.92699
          ],
          [
            -0.0005,
            8.4634,
            5.97866
          ],
          [
            5.64941,
            2.92801,
            5.92699
          ],
          [
            5.64321,
            8.4634,
            5.97866
          ],
          [
            2.82136,
            2.9298,
            5.92547
          ],
          [
            2.82136,
            8.46311,
            5.9796
          ],
          [
            8.46407,
            2.82537,
            5.97432
          ],
          [
            8.46407,
            8.4623,
            5.98004
          ],
          [
            0.00162,
            1.41068,
            7.15674
          ],
          [
            5.64109,
            1.41068,
            7.15674
          ],
          [
            2.82136,
            1.41068,
            7.15673
          ]
        ],
        "Stress": [
          [
            -31.40404,
            0.0,
            0.0
          ],
          [
            0.0,
            -31.51091,
            0.0
          ],
          [
            0.0,
            0.0,
            -13.30464
          ]
        ],
        "computation_code": "VASP",
        "pseudopotential_information": [
          [
            "PAW_PBE",
            "Pt",
            "04Feb2005"
          ],
          [
            "PAW_PBE",
            "O",
            "08Apr2002"
          ]
        ]
      }
    ],
    "EnergyStyle": "electronvolt",
    "ForcesStyle": "electronvoltperangstrom",
    "LatticeStyle": "angstrom",
    "PositionsStyle": "angstrom",
    "StressStyle": "kB"
  }
}