{
  "Dataset": {
    "AtomTypeStyle": "chemicalsymbol",
    "Data": [
      {
        "AtomTypes": [
          "Pt",
          "Pt",
          "Pt",
          "Pt",
          "Pt",
          "Pt",
          "Pt",
          "Pt",
          "Pt",
          "Pt",
          "Pt",
          "Pt",
          "Pt",
          "Pt",
          "Pt",
          "Pt",
          "Pt",
          "Pt",
          "Pt",
          "Pt",
          "Pt",
          "Pt",
          "Pt",
          "Pt",
          "Pt",
          "Pt",
          "Pt",
          "Pt",
          "Pt",
          "Pt",
          "Pt",
          "Pt",
          "Pt",
          "Pt",
          "Pt",
          "Pt",
          "Pt",
          "Pt",
          "Pt",
          "Pt",
          "Pt",
          "Pt",
          "Pt",
          "Pt",
          "Pt",
          "Pt",
          "Pt",
          "Pt",
          "Pt",
          "Pt",
          "Pt",
          "Pt",
          "Pt",
          "Pt",
          "Pt",
          "Pt",
          "Pt",
          "Pt",
          "Pt",
          "Pt",
          "Pt",
          "Pt",
          "Pt",
          "Pt",
          "O",
          "O",
          "O",
          "O",
          "O",
          "O",
          "O",
          "O",
          "O"
        ],
        "Energy": -374.82140171,
        "Forces": [
          [
            0.035577,
            0.005911,
            0.210246
          ],
          [
            0.035577,
            -0.005911,
            0.210246
          ],
          [
            0.004706,
            0.009961,
            0.173191
          ],
          [
            0.004706,
            -0.009961,
            0.173191
          ],
          [
            -0.007371,
            0.0,
            0.504694
          ],
          [
            0.002422,
            0.0,
            0.4847
          ],
          [
            -0.001017,
            0.0,
            0.474038
          ],
          [
            0.049497,
            0.0,
            0.44356
          ],
          [
            -0.004706,
            0.009961,
            0.173191
          ],
          [
            -0.004706,
            -0.009961,
            0.173191
          ],
          [
            -0.035577,
            0.005911,
            0.210246
          ],
          [
            -0.035577,
            -0.005911,
            0.210246
          ],
          [
            0.001017,
            0.0,
            0.474038
          ],
          [
            -0.049497,
            0.0,
            0.44356
          ],
          [
            0.007371,
            0.0,
            0.504694
          ],
          [
            -0.002422,
            0.0,
            0.4847
          ],
          [
            0.0,
            -0.164674,
            -0.352088
          ],
          [
            0.0,
            -0.133692,
            -0.359915
          ],
          [
            0.0,
            -0.068488,
            -0.228365
          ],
          [
            0.0,
            -0.2163,
            -0.251636
          ],
          [
            0.02894,
            -0.152718,
            -0.309677
          ],
          [
            0.047135,
            -0.117999,
            -0.329489
          ],
          [
            -0.02894,
            -0.152718,
            -0.309677
          ],
          [
            -0.047135,
            -0.117999,
            -0.329489
          ],
          [
            0.0,
            0.133692,
            -0.359915
          ],
          [
            0.0,
            0.164674,
            -0.352088
          ],
          [
            0.0,
            0.2163,
            -0.251636
          ],
          [
            0.0,
            0.068488,
            -0.228365
          ],
          [
            0.047135,
            0.117999,
            -0.329489
          ],
          [
            0.02894,
            0.152718,
            -0.309677
          ],
          [
            -0.047135,
            0.117999,
            -0.329489
          ],
          [
            -0.02894,
            0.152718,
            -0.309677
          ],
          [
            0.017687,
            0.018869,
            -0.011547
          ],
          [
            0.017687,
            -0.018869,
            -0.011547
          ],
          [
            0.017712,
            0.010352,
            -0.030589
          ],
          [
            0.017712,
            -0.010352,
            -0.030589
          ],
          [
            -0.017712,
            0.010352,
            -0.030589
          ],
          [
            -0.017712,
            -0.010352,
            -0.030589
          ],
          [
            -0.017687,
            0.018869,
            -0.011547
          ],
          [
            -0.017687,
            -0.018869,
            -0.011547
          ],
          [
            -0.001153,
            0.0,
            0.063386
          ],
          [
            0.018333,
            0.0,
            0.019657
          ],
          [
            0.007314,
            0.0,
            -0.004652
          ],
          [
            -0.014685,
            0.0,
            0.06839
          ],
          [
            -0.007314,
            0.0,
            -0.004652
          ],
          [
            0.014685,
            0.0,
            0.06839
          ],
          [
            0.001153,
            0.0,
            0.063386
          ],
          [
            -0.018333,
            0.0,
            0.019657
          ],
          [
            0.0,
            0.036835,
            -0.002125
          ],
          [
            0.0,
            0.018944,
            -0.016663
          ],
          [
            0.0,
            -0.037009,
            -0.021341
          ],
          [
            0.0,
            4e-06,
            0.00125
          ],
          [
            -0.011111,
            0.015337,
            -0.036963
          ],
          [
            0.022791,
            -0.006128,
            -0.016398
          ],
          [
            0.011111,
            0.015337,
            -0.036963
          ],
          [
            -0.022791,
            -0.006128,
            -0.016398
          ],
          [
            0.0,
            -0.018944,
            -0.016663
          ],
          [
            0.0,
            -0.036835,
            -0.002125
          ],
          [
            0.0,
            -4e-06,
            0.00125
          ],
          [
            0.0,
            0.037009,
            -0.021341
          ],
          [
            0.022791,
            0.006128,
            -0.016398
          ],
          [
            -0.011111,
            -0.015337,
            -0.036963
          ],
          [
            -0.022791,
            0.006128,
            -0.016398
          ],
          [
            0.011111,
            -0.015337,
            -0.036963
          ],
          [
            0.0,
            0.002192,
            -0.076941
          ],
          [
            0.0,
            0.0,
            0.06634
          ],
          [
            -0.036385,
            0.035218,
            -0.021979
          ],
          [
            0.036385,
            -0.035218,
            -0.021979
          ],
          [
            0.0,
            0.045972,
            -0.032709
          ],
          [
            0.036385,
            0.035218,
            -0.021979
          ],
          [
            -0.036385,
            -0.035218,
            -0.021979
          ],
          [
            0.0,
            -0.045972,
            -0.032709
          ],
          [
            0.0,
            -0.002192,
            -0.076941
          ]
        ],
        "Lattice": [
          [
            11.285424233,
            0.0,
            0.0
          ],
          [
            0.0,
            11.285424233,
            0.0
          ],
          [
            0.0,
            0.0,
            19.570980073
          ]
        ],
        "NumAtoms": 73,
        "Positions": [
          [
            4.23203,
            1.41068,
            0.0
          ],
          [
            4.23203,
            7.05339,
            0.0
          ],
          [
            9.87475,
            1.41068,
            0.0
          ],
          [
            9.87475,
            7.05339,
            0.0
          ],
          [
            4.23203,
            4.23203,
            0.0
          ],
          [
            4.23203,
            9.87475,
            0.0
          ],
          [
            9.87475,
            4.23203,
            0.0
          ],
          [
            9.87475,
            9.87475,
            0.0
          ],
          [
            1.41068,
            1.41068,
            0.0
          ],
          [
            1.41068,
            7.05339,
            0.0
          ],
          [
            7.05339,
            1.41068,
            0.0
          ],
          [
            7.05339,
            7.05339,
            0.0
          ],
          [
            1.41068,
            4.23203,
            0.0
          ],
          [
            1.41068,
            9.87475,
            0.0
          ],
          [
            7.05339,
            4.23203,
            0.0
          ],
          [
            7.05339,
            9.87475,
            0.0
          ],
          [
            0.0,
            0.0,
            1.99507
          ],
          [
            0.0,
            5.64271,
            1.99507
          ],
          [
            5.64271,
            0.0,
            1.99507
          ],
          [
            5.64271,
            5.64271,
            1.99507
          ],
          [
            2.82136,
            0.0,
            1.99507
          ],
          [
            2.82136,
            5.64271,
            1.99507
          ],
          [
            8.46407,
            0.0,
            1.99507
          ],
          [
            8.46407,
            5.64271,
            1.99507
          ],
          [
            0.0,
            2.82136,
            1.99507
          ],
          [
            0.0,
            8.46407,
            1.99507
          ],
          [
            5.64271,
            2.82136,
            1.99507
          ],
          [
            5.64271,
            8.46407,
            1.99507
          ],
          [
            2.82136,
            2.82136,
            1.99507
          ],
          [
            2.82136,
            8.46407,
            1.99507
          ],
          [
            8.46407,
            2.82136,
            1.99507
          ],
          [
            8.46407,
            8.46407,
            1.99507
          ],
          [
            1.40685,
            1.40214,
            3.92686
          ],
          [
            1.40685,
            7.06193,
            3.92686
          ],
          [
            7.04511,
            1.43407,
            3.95865
          ],
          [
            7.04511,
            7.03,
            3.95865
          ],
          [
            4.24032,
            1.43407,
            3.95865
          ],
          [
            4.24032,
            7.03,
            3.95865
          ],
          [
            9.87858,
            1.40214,
            3.92686
          ],
          [
            9.87858,
            7.06193,
            3.92686
          ],
          [
            1.40871,
            4.23203,
            3.99432
          ],
          [
            1.40889,
            9.87475,
            4.01122
          ],
          [
            7.05121,
            4.23203,
            4.02942
          ],
          [
            7.05669,
            9.87475,
            4.00078
          ],
          [
            4.23421,
            4.23203,
            4.02942
          ],
          [
            4.22874,
            9.87475,
            4.00078
          ],
          [
            9.87671,
            4.23203,
            3.99432
          ],
          [
            9.87654,
            9.87475,
            4.01122
          ],
          [
            0.0,
            -0.06898,
            5.99546
          ],
          [
            0.0,
            5.57627,
            6.0057
          ],
          [
            5.64271,
            -0.08502,
            5.9633
          ],
          [
            5.64271,
            5.66444,
            6.0606
          ],
          [
            2.81398,
            -0.0699,
            5.98948
          ],
          [
            2.75904,
            5.57985,
            5.9827
          ],
          [
            8.47145,
            -0.0699,
            5.98948
          ],
          [
            8.52638,
            5.57985,
            5.9827
          ],
          [
            0.0,
            2.8878,
            6.0057
          ],
          [
            0.0,
            8.53305,
            5.99546
          ],
          [
            5.64271,
            2.79963,
            6.0606
          ],
          [
            5.64271,
            8.54909,
            5.9633
          ],
          [
            2.75904,
            2.88421,
            5.9827
          ],
          [
            2.81398,
            8.53396,
            5.98948
          ],
          [
            8.52638,
            2.88421,
            5.9827
          ],
          [
            8.47145,
            8.53396,
            5.98948
          ],
          [
            0.0,
            1.39956,
            7.27509
          ],
          [
            5.64271,
            4.23203,
            7.3995
          ],
          [
            2.80238,
            7.05191,
            7.25521
          ],
          [
            8.48305,
            1.41215,
            7.25521
          ],
          [
            5.64271,
            1.26656,
            7.32905
          ],
          [
            8.48305,
            7.05191,
            7.25521
          ],
          [
            2.80238,
            1.41215,
            7.25521
          ],
          [
            5.64271,
            7.19751,
            7.32905
          ],
          [
            0.0,
            7.06451,
            7.27509
          ]
        ],
        "Stress": [
          [
            -26.22239,
            0.0,
            0.0
          ],
          [
            0.0,
            -26.77266,
            0.0
          ],
          [
            0.0,
            0.0,
            -12.59043
          ]
        ],
        "computation_code": "VASP",
        "pseudopotential_information": [
          [
            "PAW_PBE",
            "Pt",
            "04Feb2005"
          ],
          [
            "PAW_PBE",
            "O",
            "08Apr2002"
          ]
        ]
      }
    ],
    "EnergyStyle": "electronvolt",
    "ForcesStyle": "electronvoltperangstrom",
    "LatticeStyle": "angstrom",
    "PositionsStyle": "angstrom",
    "StressStyle": "kB"
  }
}