{
  "Dataset": {
    "AtomTypeStyle": "chemicalsymbol",
    "Data": [
      {
        "AtomTypes": [
          "Pt",
          "Pt",
          "Pt",
          "Pt",
          "Pt",
          "Pt",
          "Pt",
          "Pt",
          "Pt",
          "Pt",
          "Pt",
          "Pt",
          "Pt",
          "Pt",
          "Pt",
          "Pt",
          "Pt",
          "Pt",
          "Pt",
          "Pt",
          "Pt",
          "Pt",
          "Pt",
          "Pt",
          "Pt",
          "Pt",
          "Pt",
          "Pt",
          "Pt",
          "Pt",
          "Pt",
          "Pt",
          "Pt",
          "Pt",
          "Pt",
          "Pt",
          "Pt",
          "Pt",
          "Pt",
          "Pt",
          "Pt",
          "Pt",
          "Pt",
          "Pt",
          "Pt",
          "Pt",
          "Pt",
          "Pt",
          "Pt",
          "Pt",
          "Pt",
          "Pt",
          "Pt",
          "Pt",
          "Pt",
          "Pt",
          "Pt",
          "Pt",
          "Pt",
          "Pt",
          "Pt",
          "Pt",
          "Pt",
          "Pt",
          "O",
          "O"
        ],
        "Energy": -334.8018043,
        "Forces": [
          [
            0.016767,
            -0.016767,
            0.377487
          ],
          [
            0.004259,
            -0.002566,
            0.350105
          ],
          [
            0.002566,
            -0.004259,
            0.350105
          ],
          [
            -0.045035,
            0.045035,
            0.225961
          ],
          [
            0.009677,
            0.028029,
            0.37621
          ],
          [
            -0.010125,
            0.015895,
            0.354605
          ],
          [
            0.026639,
            0.029675,
            0.364506
          ],
          [
            0.031718,
            -0.072856,
            0.304906
          ],
          [
            -0.028029,
            -0.009677,
            0.37621
          ],
          [
            -0.029675,
            -0.026639,
            0.364506
          ],
          [
            -0.015895,
            0.010125,
            0.354605
          ],
          [
            0.072856,
            -0.031718,
            0.304906
          ],
          [
            0.003353,
            -0.003353,
            0.402401
          ],
          [
            0.023185,
            0.029464,
            0.38221
          ],
          [
            -0.029464,
            -0.023185,
            0.38221
          ],
          [
            -0.002092,
            0.002092,
            0.370131
          ],
          [
            0.051702,
            0.053747,
            -0.395988
          ],
          [
            0.074984,
            -0.074984,
            -0.403981
          ],
          [
            -0.005881,
            0.005881,
            -0.400237
          ],
          [
            -0.053747,
            -0.051702,
            -0.395988
          ],
          [
            -0.014946,
            0.069318,
            -0.289792
          ],
          [
            0.006279,
            -0.117003,
            -0.318292
          ],
          [
            -0.003659,
            0.091525,
            -0.397991
          ],
          [
            -0.017058,
            -0.075747,
            -0.409066
          ],
          [
            0.117003,
            -0.006279,
            -0.318292
          ],
          [
            0.075747,
            0.017058,
            -0.409066
          ],
          [
            -0.069318,
            0.014946,
            -0.289792
          ],
          [
            -0.091525,
            0.003659,
            -0.397991
          ],
          [
            0.058339,
            -0.058339,
            -0.254696
          ],
          [
            0.054644,
            0.090226,
            -0.330327
          ],
          [
            -0.090226,
            -0.054644,
            -0.330327
          ],
          [
            -0.017035,
            0.017035,
            -0.439747
          ],
          [
            0.002069,
            0.010768,
            0.011531
          ],
          [
            -0.005331,
            0.012806,
            0.001503
          ],
          [
            0.007142,
            0.004296,
            -0.004972
          ],
          [
            0.001542,
            0.005726,
            -0.001204
          ],
          [
            -0.01141,
            0.01141,
            0.018148
          ],
          [
            0.001964,
            0.015554,
            -0.005132
          ],
          [
            -0.015554,
            -0.001964,
            -0.005132
          ],
          [
            0.003659,
            -0.003659,
            -0.004631
          ],
          [
            0.009087,
            -0.009087,
            -0.007544
          ],
          [
            0.002552,
            -0.009026,
            -0.001269
          ],
          [
            0.009026,
            -0.002552,
            -0.001269
          ],
          [
            0.007631,
            -0.007631,
            0.000796
          ],
          [
            -0.010768,
            -0.002069,
            0.011531
          ],
          [
            -0.004296,
            -0.007142,
            -0.004972
          ],
          [
            -0.012806,
            0.005331,
            0.001503
          ],
          [
            -0.005726,
            -0.001542,
            -0.001204
          ],
          [
            -0.009209,
            0.003199,
            0.00575
          ],
          [
            -0.006707,
            0.006707,
            0.005672
          ],
          [
            -0.00507,
            0.00507,
            0.005378
          ],
          [
            -0.003199,
            0.009209,
            0.00575
          ],
          [
            -0.003935,
            0.039779,
            0.02807
          ],
          [
            0.007744,
            0.014285,
            0.005379
          ],
          [
            -0.004105,
            -0.001965,
            0.01102
          ],
          [
            0.002987,
            0.000146,
            0.0008
          ],
          [
            -0.014285,
            -0.007744,
            0.005379
          ],
          [
            -0.000146,
            -0.002987,
            0.0008
          ],
          [
            -0.039779,
            0.003935,
            0.02807
          ],
          [
            0.001965,
            0.004105,
            0.01102
          ],
          [
            -0.024155,
            0.024155,
            0.009156
          ],
          [
            -0.004918,
            0.005162,
            0.008777
          ],
          [
            -0.005162,
            0.004918,
            0.008777
          ],
          [
            -0.005179,
            0.005179,
            -0.000439
          ],
          [
            -0.01359,
            -0.041953,
            -0.003265
          ],
          [
            0.041953,
            0.01359,
            -0.003265
          ]
        ],
        "Lattice": [
          [
            11.285424233,
            0.0,
            0.0
          ],
          [
            0.0,
            11.285424233,
            0.0
          ],
          [
            0.0,
            0.0,
            19.570980073
          ]
        ],
        "NumAtoms": 66,
        "Positions": [
          [
            4.23203,
            1.41068,
            0.0
          ],
          [
            4.23203,
            7.05339,
            0.0
          ],
          [
            9.87475,
            1.41068,
            0.0
          ],
          [
            9.87475,
            7.05339,
            0.0
          ],
          [
            4.23203,
            4.23203,
            0.0
          ],
          [
            4.23203,
            9.87475,
            0.0
          ],
          [
            9.87475,
            4.23203,
            0.0
          ],
          [
            9.87475,
            9.87475,
            0.0
          ],
          [
            1.41068,
            1.41068,
            0.0
          ],
          [
            1.41068,
            7.05339,
            0.0
          ],
          [
            7.05339,
            1.41068,
            0.0
          ],
          [
            7.05339,
            7.05339,
            0.0
          ],
          [
            1.41068,
            4.23203,
            0.0
          ],
          [
            1.41068,
            9.87475,
            0.0
          ],
          [
            7.05339,
            4.23203,
            0.0
          ],
          [
            7.05339,
            9.87475,
            0.0
          ],
          [
            0.0,
            0.0,
            1.99507
          ],
          [
            0.0,
            5.64271,
            1.99507
          ],
          [
            5.64271,
            0.0,
            1.99507
          ],
          [
            5.64271,
            5.64271,
            1.99507
          ],
          [
            2.82136,
            0.0,
            1.99507
          ],
          [
            2.82136,
            5.64271,
            1.99507
          ],
          [
            8.46407,
            0.0,
            1.99507
          ],
          [
            8.46407,
            5.64271,
            1.99507
          ],
          [
            0.0,
            2.82136,
            1.99507
          ],
          [
            0.0,
            8.46407,
            1.99507
          ],
          [
            5.64271,
            2.82136,
            1.99507
          ],
          [
            5.64271,
            8.46407,
            1.99507
          ],
          [
            2.82136,
            2.82136,
            1.99507
          ],
          [
            2.82136,
            8.46407,
            1.99507
          ],
          [
            8.46407,
            2.82136,
            1.99507
          ],
          [
            8.46407,
            8.46407,
            1.99507
          ],
          [
            1.44316,
            1.41717,
            3.99996
          ],
          [
            1.40348,
            7.05133,
            3.93415
          ],
          [
            7.03487,
            1.4259,
            3.97673
          ],
          [
            7.06273,
            7.0553,
            3.93574
          ],
          [
            4.21748,
            1.42524,
            3.99151
          ],
          [
            4.22914,
            7.04903,
            3.93594
          ],
          [
            9.87911,
            1.41357,
            3.93594
          ],
          [
            9.87505,
            7.05308,
            3.94858
          ],
          [
            1.43552,
            4.20719,
            3.98336
          ],
          [
            1.4148,
            9.88048,
            3.96466
          ],
          [
            7.04766,
            4.22792,
            3.96466
          ],
          [
            7.05851,
            9.86963,
            3.92853
          ],
          [
            4.22554,
            4.19956,
            3.99996
          ],
          [
            4.21681,
            9.89327,
            3.97673
          ],
          [
            9.87681,
            4.23923,
            3.93415
          ],
          [
            9.87284,
            9.8654,
            3.93574
          ],
          [
            -0.06992,
            -0.02759,
            5.87144
          ],
          [
            -0.0079,
            5.65061,
            5.88965
          ],
          [
            5.69248,
            -0.04976,
            5.86856
          ],
          [
            5.67031,
            5.71264,
            5.87144
          ],
          [
            2.80385,
            -0.15747,
            5.96559
          ],
          [
            2.7979,
            5.67225,
            5.86863
          ],
          [
            8.47046,
            -0.00895,
            5.8874
          ],
          [
            8.48216,
            5.64586,
            5.88556
          ],
          [
            -0.02954,
            2.84481,
            5.86863
          ],
          [
            -0.00315,
            8.44597,
            5.88556
          ],
          [
            5.80018,
            2.83887,
            5.96559
          ],
          [
            5.65166,
            8.45767,
            5.8874
          ],
          [
            2.72616,
            2.91655,
            6.18915
          ],
          [
            2.82415,
            8.41704,
            5.90128
          ],
          [
            8.51109,
            2.81857,
            5.90128
          ],
          [
            8.46452,
            8.46362,
            5.87856
          ],
          [
            2.4997,
            1.22283,
            7.26918
          ],
          [
            4.41988,
            3.14301,
            7.26918
          ]
        ],
        "Stress": [
          [
            -27.78924,
            -0.44924,
            -0.27616
          ],
          [
            -0.44924,
            -27.78924,
            0.27616
          ],
          [
            -0.27616,
            0.27616,
            -8.47449
          ]
        ],
        "computation_code": "VASP",
        "pseudopotential_information": [
          [
            "PAW_PBE",
            "Pt",
            "04Feb2005"
          ],
          [
            "PAW_PBE",
            "O",
            "08Apr2002"
          ]
        ]
      }
    ],
    "EnergyStyle": "electronvolt",
    "ForcesStyle": "electronvoltperangstrom",
    "LatticeStyle": "angstrom",
    "PositionsStyle": "angstrom",
    "StressStyle": "kB"
  }
}