{
  "Dataset": {
    "AtomTypeStyle": "chemicalsymbol",
    "Data": [
      {
        "AtomTypes": [
          "Pt",
          "Pt",
          "Pt",
          "Pt",
          "Pt",
          "Pt",
          "Pt",
          "Pt",
          "Pt",
          "Pt",
          "Pt",
          "Pt",
          "Pt",
          "Pt",
          "Pt",
          "Pt",
          "Pt",
          "Pt",
          "Pt",
          "Pt",
          "Pt",
          "Pt",
          "Pt",
          "Pt",
          "Pt",
          "Pt",
          "Pt",
          "Pt",
          "Pt",
          "Pt",
          "Pt",
          "Pt",
          "Pt",
          "Pt",
          "Pt",
          "Pt",
          "Pt",
          "Pt",
          "Pt",
          "Pt",
          "Pt",
          "Pt",
          "Pt",
          "Pt",
          "Pt",
          "Pt",
          "Pt",
          "Pt",
          "Pt",
          "Pt",
          "Pt",
          "Pt",
          "Pt",
          "Pt",
          "Pt",
          "Pt",
          "Pt",
          "Pt",
          "Pt",
          "Pt",
          "Pt",
          "Pt",
          "Pt",
          "Pt",
          "O",
          "O",
          "O"
        ],
        "Energy": -340.518762,
        "Forces": [
          [
            -0.036369,
            0.0,
            0.366353
          ],
          [
            -0.014379,
            0.0,
            0.295161
          ],
          [
            -0.006051,
            0.0,
            0.2907
          ],
          [
            0.018422,
            0.0,
            0.284697
          ],
          [
            0.037828,
            0.00858,
            0.395838
          ],
          [
            0.037828,
            -0.00858,
            0.395838
          ],
          [
            -0.015061,
            0.005239,
            0.410097
          ],
          [
            -0.015061,
            -0.005239,
            0.410097
          ],
          [
            0.006051,
            0.0,
            0.2907
          ],
          [
            -0.018422,
            0.0,
            0.284697
          ],
          [
            0.036369,
            0.0,
            0.366353
          ],
          [
            0.014379,
            0.0,
            0.295161
          ],
          [
            0.015061,
            0.005239,
            0.410097
          ],
          [
            0.015061,
            -0.005239,
            0.410097
          ],
          [
            -0.037828,
            0.00858,
            0.395838
          ],
          [
            -0.037828,
            -0.00858,
            0.395838
          ],
          [
            -0.0,
            0.029036,
            -0.168324
          ],
          [
            -0.0,
            -0.016157,
            -0.109365
          ],
          [
            -0.0,
            0.017026,
            -0.148846
          ],
          [
            -0.0,
            -0.013333,
            -0.175066
          ],
          [
            -0.008688,
            -0.08687,
            -0.243179
          ],
          [
            -0.056288,
            -0.081635,
            -0.167682
          ],
          [
            0.008688,
            -0.08687,
            -0.243179
          ],
          [
            0.056288,
            -0.081635,
            -0.167682
          ],
          [
            -0.0,
            -0.029036,
            -0.168324
          ],
          [
            -0.0,
            0.016157,
            -0.109365
          ],
          [
            -0.0,
            -0.017026,
            -0.148846
          ],
          [
            -0.0,
            0.013333,
            -0.175066
          ],
          [
            -0.008688,
            0.08687,
            -0.243179
          ],
          [
            -0.056288,
            0.081635,
            -0.167682
          ],
          [
            0.008688,
            0.08687,
            -0.243179
          ],
          [
            0.056288,
            0.081635,
            -0.167682
          ],
          [
            0.04761,
            0.0,
            -0.132889
          ],
          [
            0.003135,
            0.0,
            0.026316
          ],
          [
            0.055808,
            0.0,
            -0.215377
          ],
          [
            0.065294,
            0.0,
            -0.164862
          ],
          [
            -0.055808,
            0.0,
            -0.215377
          ],
          [
            -0.065294,
            0.0,
            -0.164862
          ],
          [
            -0.04761,
            0.0,
            -0.132889
          ],
          [
            -0.003135,
            0.0,
            0.026316
          ],
          [
            0.019936,
            0.06047,
            -0.108388
          ],
          [
            0.019936,
            -0.06047,
            -0.108388
          ],
          [
            0.164153,
            0.029823,
            -0.235452
          ],
          [
            0.164153,
            -0.029823,
            -0.235452
          ],
          [
            -0.164153,
            0.029823,
            -0.235452
          ],
          [
            -0.164153,
            -0.029823,
            -0.235452
          ],
          [
            -0.019936,
            0.06047,
            -0.108388
          ],
          [
            -0.019936,
            -0.06047,
            -0.108388
          ],
          [
            -0.0,
            -0.07031,
            0.355602
          ],
          [
            -0.0,
            0.26929,
            -0.261722
          ],
          [
            -0.0,
            0.368911,
            0.384888
          ],
          [
            -0.0,
            0.356883,
            0.397763
          ],
          [
            -0.034627,
            -0.070412,
            -0.475664
          ],
          [
            -0.30187,
            0.034163,
            -0.348507
          ],
          [
            0.034627,
            -0.070412,
            -0.475664
          ],
          [
            0.30187,
            0.034163,
            -0.348507
          ],
          [
            -0.0,
            0.07031,
            0.355602
          ],
          [
            -0.0,
            -0.26929,
            -0.261722
          ],
          [
            -0.0,
            -0.368911,
            0.384888
          ],
          [
            -0.0,
            -0.356883,
            0.397763
          ],
          [
            -0.034627,
            0.070412,
            -0.475664
          ],
          [
            -0.30187,
            -0.034163,
            -0.348507
          ],
          [
            0.034627,
            0.070412,
            -0.475664
          ],
          [
            0.30187,
            -0.034163,
            -0.348507
          ],
          [
            -0.0,
            0.0,
            0.284613
          ],
          [
            -0.0,
            0.0,
            0.361785
          ],
          [
            -0.0,
            0.0,
            0.395297
          ]
        ],
        "Lattice": [
          [
            11.285424233,
            0.0,
            0.0
          ],
          [
            0.0,
            11.285424233,
            0.0
          ],
          [
            0.0,
            0.0,
            19.570980073
          ]
        ],
        "NumAtoms": 67,
        "Positions": [
          [
            4.23203,
            1.41068,
            0.0
          ],
          [
            4.23203,
            7.05339,
            0.0
          ],
          [
            9.87475,
            1.41068,
            0.0
          ],
          [
            9.87475,
            7.05339,
            0.0
          ],
          [
            4.23203,
            4.23203,
            0.0
          ],
          [
            4.23203,
            9.87475,
            0.0
          ],
          [
            9.87475,
            4.23203,
            0.0
          ],
          [
            9.87475,
            9.87475,
            0.0
          ],
          [
            1.41068,
            1.41068,
            0.0
          ],
          [
            1.41068,
            7.05339,
            0.0
          ],
          [
            7.05339,
            1.41068,
            0.0
          ],
          [
            7.05339,
            7.05339,
            0.0
          ],
          [
            1.41068,
            4.23203,
            0.0
          ],
          [
            1.41068,
            9.87475,
            0.0
          ],
          [
            7.05339,
            4.23203,
            0.0
          ],
          [
            7.05339,
            9.87475,
            0.0
          ],
          [
            0.0,
            0.0,
            1.99507
          ],
          [
            0.0,
            5.64271,
            1.99507
          ],
          [
            5.64271,
            0.0,
            1.99507
          ],
          [
            5.64271,
            5.64271,
            1.99507
          ],
          [
            2.82136,
            0.0,
            1.99507
          ],
          [
            2.82136,
            5.64271,
            1.99507
          ],
          [
            8.46407,
            0.0,
            1.99507
          ],
          [
            8.46407,
            5.64271,
            1.99507
          ],
          [
            0.0,
            2.82136,
            1.99507
          ],
          [
            0.0,
            8.46407,
            1.99507
          ],
          [
            5.64271,
            2.82136,
            1.99507
          ],
          [
            5.64271,
            8.46407,
            1.99507
          ],
          [
            2.82136,
            2.82136,
            1.99507
          ],
          [
            2.82136,
            8.46407,
            1.99507
          ],
          [
            8.46407,
            2.82136,
            1.99507
          ],
          [
            8.46407,
            8.46407,
            1.99507
          ],
          [
            1.41713,
            1.41068,
            3.98183
          ],
          [
            1.41145,
            7.05339,
            3.99182
          ],
          [
            7.05993,
            1.41068,
            3.98075
          ],
          [
            7.05905,
            7.05339,
            3.98159
          ],
          [
            4.22549,
            1.41068,
            3.98075
          ],
          [
            4.22637,
            7.05339,
            3.98159
          ],
          [
            9.86829,
            1.41068,
            3.98183
          ],
          [
            9.87397,
            7.05339,
            3.99182
          ],
          [
            1.40754,
            4.23042,
            3.99279
          ],
          [
            1.40754,
            9.87636,
            3.99279
          ],
          [
            7.04898,
            4.23232,
            3.9969
          ],
          [
            7.04898,
            9.87446,
            3.9969
          ],
          [
            4.23644,
            4.23232,
            3.9969
          ],
          [
            4.23644,
            9.87446,
            3.9969
          ],
          [
            9.87789,
            4.23042,
            3.99279
          ],
          [
            9.87789,
            9.87636,
            3.99279
          ],
          [
            0.0,
            -0.10476,
            5.92899
          ],
          [
            0.0,
            5.64309,
            5.97864
          ],
          [
            5.64271,
            -0.10129,
            5.92672
          ],
          [
            5.64271,
            5.54178,
            5.92685
          ],
          [
            2.82087,
            -0.0037,
            5.97476
          ],
          [
            2.81336,
            5.6419,
            5.97774
          ],
          [
            8.46455,
            -0.0037,
            5.97476
          ],
          [
            8.47206,
            5.6419,
            5.97774
          ],
          [
            0.0,
            2.92611,
            5.92899
          ],
          [
            0.0,
            8.46369,
            5.97864
          ],
          [
            5.64271,
            2.92265,
            5.92672
          ],
          [
            5.64271,
            8.565,
            5.92685
          ],
          [
            2.82087,
            2.82505,
            5.97476
          ],
          [
            2.81336,
            8.46488,
            5.97774
          ],
          [
            8.46455,
            2.82505,
            5.97476
          ],
          [
            8.47206,
            8.46488,
            5.97774
          ],
          [
            0.0,
            1.41068,
            7.15674
          ],
          [
            5.64271,
            7.05339,
            7.15866
          ],
          [
            5.64271,
            1.41068,
            7.1598
          ]
        ],
        "Stress": [
          [
            -30.58508,
            0.0,
            0.0
          ],
          [
            0.0,
            -29.88956,
            0.0
          ],
          [
            0.0,
            0.0,
            -12.88046
          ]
        ],
        "computation_code": "VASP",
        "pseudopotential_information": [
          [
            "PAW_PBE",
            "Pt",
            "04Feb2005"
          ],
          [
            "PAW_PBE",
            "O",
            "08Apr2002"
          ]
        ]
      }
    ],
    "EnergyStyle": "electronvolt",
    "ForcesStyle": "electronvoltperangstrom",
    "LatticeStyle": "angstrom",
    "PositionsStyle": "angstrom",
    "StressStyle": "kB"
  }
}