{
  "Dataset": {
    "AtomTypeStyle": "chemicalsymbol",
    "Data": [
      {
        "AtomTypes": [
          "Pt",
          "Pt",
          "Pt",
          "Pt",
          "Pt",
          "Pt",
          "Pt",
          "Pt",
          "Pt",
          "Pt",
          "Pt",
          "Pt",
          "Pt",
          "Pt",
          "Pt",
          "Pt",
          "Pt",
          "Pt",
          "Pt",
          "Pt",
          "Pt",
          "Pt",
          "Pt",
          "Pt",
          "Pt",
          "Pt",
          "Pt",
          "Pt",
          "Pt",
          "Pt",
          "Pt",
          "Pt",
          "Pt",
          "Pt",
          "Pt",
          "Pt",
          "Pt",
          "Pt",
          "Pt",
          "Pt",
          "Pt",
          "Pt",
          "Pt",
          "Pt",
          "Pt",
          "Pt",
          "Pt",
          "Pt",
          "Pt",
          "Pt",
          "Pt",
          "Pt",
          "Pt",
          "Pt",
          "Pt",
          "Pt",
          "Pt",
          "Pt",
          "Pt",
          "Pt",
          "Pt",
          "Pt",
          "Pt",
          "Pt",
          "O",
          "O",
          "O",
          "O",
          "O",
          "O",
          "O",
          "O",
          "O"
        ],
        "Energy": -374.80004518,
        "Forces": [
          [
            0.037773,
            0.007164,
            0.206087
          ],
          [
            0.037773,
            -0.007164,
            0.206087
          ],
          [
            -0.000172,
            0.015489,
            0.178925
          ],
          [
            -0.000172,
            -0.015489,
            0.178925
          ],
          [
            -0.00907,
            0.0,
            0.506317
          ],
          [
            0.008296,
            0.0,
            0.49156
          ],
          [
            0.00064,
            0.0,
            0.480132
          ],
          [
            0.045007,
            0.0,
            0.454091
          ],
          [
            0.000172,
            0.015489,
            0.178925
          ],
          [
            0.000172,
            -0.015489,
            0.178925
          ],
          [
            -0.037773,
            0.007164,
            0.206087
          ],
          [
            -0.037773,
            -0.007164,
            0.206087
          ],
          [
            -0.00064,
            0.0,
            0.480132
          ],
          [
            -0.045007,
            0.0,
            0.454091
          ],
          [
            0.00907,
            0.0,
            0.506317
          ],
          [
            -0.008296,
            0.0,
            0.49156
          ],
          [
            0.0,
            -0.189148,
            -0.243909
          ],
          [
            0.0,
            -0.141617,
            -0.279776
          ],
          [
            0.0,
            -0.103013,
            -0.159582
          ],
          [
            0.0,
            -0.197723,
            -0.211642
          ],
          [
            0.013247,
            -0.183923,
            -0.237143
          ],
          [
            0.014387,
            -0.130105,
            -0.280293
          ],
          [
            -0.013247,
            -0.183923,
            -0.237143
          ],
          [
            -0.014387,
            -0.130105,
            -0.280293
          ],
          [
            0.0,
            0.141617,
            -0.279776
          ],
          [
            0.0,
            0.189148,
            -0.243909
          ],
          [
            0.0,
            0.197723,
            -0.211642
          ],
          [
            0.0,
            0.103013,
            -0.159582
          ],
          [
            0.014387,
            0.130105,
            -0.280293
          ],
          [
            0.013247,
            0.183923,
            -0.237143
          ],
          [
            -0.014387,
            0.130105,
            -0.280293
          ],
          [
            -0.013247,
            0.183923,
            -0.237143
          ],
          [
            -0.018363,
            0.001944,
            -0.07745
          ],
          [
            -0.018363,
            -0.001944,
            -0.07745
          ],
          [
            -0.040774,
            0.02107,
            -0.055693
          ],
          [
            -0.040774,
            -0.02107,
            -0.055693
          ],
          [
            0.040774,
            0.02107,
            -0.055693
          ],
          [
            0.040774,
            -0.02107,
            -0.055693
          ],
          [
            0.018363,
            0.001944,
            -0.07745
          ],
          [
            0.018363,
            -0.001944,
            -0.07745
          ],
          [
            0.041732,
            0.0,
            -0.104822
          ],
          [
            -0.027978,
            0.0,
            -0.144158
          ],
          [
            -0.001856,
            0.0,
            -0.039992
          ],
          [
            -0.034778,
            0.0,
            -0.077953
          ],
          [
            0.001856,
            0.0,
            -0.039992
          ],
          [
            0.034778,
            0.0,
            -0.077953
          ],
          [
            -0.041732,
            0.0,
            -0.104822
          ],
          [
            0.027978,
            0.0,
            -0.144158
          ],
          [
            0.0,
            0.01155,
            -0.011689
          ],
          [
            0.0,
            0.005895,
            -0.024048
          ],
          [
            0.0,
            -0.029045,
            -0.153309
          ],
          [
            0.0,
            -0.023723,
            0.047812
          ],
          [
            -0.010372,
            0.013776,
            -0.032719
          ],
          [
            0.022349,
            0.006645,
            -0.004366
          ],
          [
            0.010372,
            0.013776,
            -0.032719
          ],
          [
            -0.022349,
            0.006645,
            -0.004366
          ],
          [
            0.0,
            -0.005895,
            -0.024048
          ],
          [
            0.0,
            -0.01155,
            -0.011689
          ],
          [
            0.0,
            0.023723,
            0.047812
          ],
          [
            0.0,
            0.029045,
            -0.153309
          ],
          [
            0.022349,
            -0.006645,
            -0.004366
          ],
          [
            -0.010372,
            -0.013776,
            -0.032719
          ],
          [
            -0.022349,
            -0.006645,
            -0.004366
          ],
          [
            0.010372,
            -0.013776,
            -0.032719
          ],
          [
            0.0,
            -0.01008,
            0.005312
          ],
          [
            0.0,
            0.0,
            0.021903
          ],
          [
            -0.045872,
            0.007344,
            -0.021025
          ],
          [
            0.045872,
            -0.007344,
            -0.021025
          ],
          [
            0.0,
            0.085744,
            0.10206
          ],
          [
            0.045872,
            0.007344,
            -0.021025
          ],
          [
            -0.045872,
            -0.007344,
            -0.021025
          ],
          [
            0.0,
            -0.085744,
            0.10206
          ],
          [
            0.0,
            0.01008,
            0.005312
          ]
        ],
        "Lattice": [
          [
            11.285424233,
            0.0,
            0.0
          ],
          [
            0.0,
            11.285424233,
            0.0
          ],
          [
            0.0,
            0.0,
            19.570980073
          ]
        ],
        "NumAtoms": 73,
        "Positions": [
          [
            4.23203,
            1.41068,
            0.0
          ],
          [
            4.23203,
            7.05339,
            0.0
          ],
          [
            9.87475,
            1.41068,
            0.0
          ],
          [
            9.87475,
            7.05339,
            0.0
          ],
          [
            4.23203,
            4.23203,
            0.0
          ],
          [
            4.23203,
            9.87475,
            0.0
          ],
          [
            9.87475,
            4.23203,
            0.0
          ],
          [
            9.87475,
            9.87475,
            0.0
          ],
          [
            1.41068,
            1.41068,
            0.0
          ],
          [
            1.41068,
            7.05339,
            0.0
          ],
          [
            7.05339,
            1.41068,
            0.0
          ],
          [
            7.05339,
            7.05339,
            0.0
          ],
          [
            1.41068,
            4.23203,
            0.0
          ],
          [
            1.41068,
            9.87475,
            0.0
          ],
          [
            7.05339,
            4.23203,
            0.0
          ],
          [
            7.05339,
            9.87475,
            0.0
          ],
          [
            0.0,
            0.0,
            1.99507
          ],
          [
            0.0,
            5.64271,
            1.99507
          ],
          [
            5.64271,
            0.0,
            1.99507
          ],
          [
            5.64271,
            5.64271,
            1.99507
          ],
          [
            2.82136,
            0.0,
            1.99507
          ],
          [
            2.82136,
            5.64271,
            1.99507
          ],
          [
            8.46407,
            0.0,
            1.99507
          ],
          [
            8.46407,
            5.64271,
            1.99507
          ],
          [
            0.0,
            2.82136,
            1.99507
          ],
          [
            0.0,
            8.46407,
            1.99507
          ],
          [
            5.64271,
            2.82136,
            1.99507
          ],
          [
            5.64271,
            8.46407,
            1.99507
          ],
          [
            2.82136,
            2.82136,
            1.99507
          ],
          [
            2.82136,
            8.46407,
            1.99507
          ],
          [
            8.46407,
            2.82136,
            1.99507
          ],
          [
            8.46407,
            8.46407,
            1.99507
          ],
          [
            1.40929,
            1.40296,
            3.93763
          ],
          [
            1.40929,
            7.06111,
            3.93763
          ],
          [
            7.04891,
            1.42818,
            3.96335
          ],
          [
            7.04891,
            7.03589,
            3.96335
          ],
          [
            4.23651,
            1.42818,
            3.96335
          ],
          [
            4.23651,
            7.03589,
            3.96335
          ],
          [
            9.87614,
            1.40296,
            3.93763
          ],
          [
            9.87614,
            7.06111,
            3.93763
          ],
          [
            1.404,
            4.23203,
            4.01647
          ],
          [
            1.41273,
            9.87475,
            4.03598
          ],
          [
            7.05608,
            4.23203,
            4.02979
          ],
          [
            7.05726,
            9.87475,
            4.02235
          ],
          [
            4.22934,
            4.23203,
            4.02979
          ],
          [
            4.22817,
            9.87475,
            4.02235
          ],
          [
            9.88143,
            4.23203,
            4.01647
          ],
          [
            9.87269,
            9.87475,
            4.03598
          ],
          [
            0.0,
            -0.06679,
            6.0064
          ],
          [
            0.0,
            5.57676,
            6.01568
          ],
          [
            5.64271,
            -0.09121,
            5.9863
          ],
          [
            5.64271,
            5.66427,
            6.04555
          ],
          [
            2.81822,
            -0.069,
            6.00584
          ],
          [
            2.76281,
            5.58038,
            5.99222
          ],
          [
            8.4672,
            -0.069,
            6.00584
          ],
          [
            8.52262,
            5.58038,
            5.99222
          ],
          [
            0.0,
            2.88731,
            6.01568
          ],
          [
            0.0,
            8.53086,
            6.0064
          ],
          [
            5.64271,
            2.7998,
            6.04555
          ],
          [
            5.64271,
            8.55528,
            5.9863
          ],
          [
            2.76281,
            2.88369,
            5.99222
          ],
          [
            2.81822,
            8.53307,
            6.00584
          ],
          [
            8.52262,
            2.88369,
            5.99222
          ],
          [
            8.4672,
            8.53307,
            6.00584
          ],
          [
            0.0,
            1.4019,
            7.28111
          ],
          [
            5.64271,
            4.23203,
            7.38912
          ],
          [
            2.81431,
            7.05116,
            7.26848
          ],
          [
            8.47112,
            1.4129,
            7.26848
          ],
          [
            5.64271,
            1.27831,
            7.32394
          ],
          [
            8.47112,
            7.05116,
            7.26848
          ],
          [
            2.81431,
            1.4129,
            7.26848
          ],
          [
            5.64271,
            7.18576,
            7.32394
          ],
          [
            0.0,
            7.06217,
            7.28111
          ]
        ],
        "Stress": [
          [
            -27.20906,
            0.0,
            0.0
          ],
          [
            0.0,
            -27.37775,
            0.0
          ],
          [
            0.0,
            0.0,
            -13.49479
          ]
        ],
        "computation_code": "VASP",
        "pseudopotential_information": [
          [
            "PAW_PBE",
            "Pt",
            "04Feb2005"
          ],
          [
            "PAW_PBE",
            "O",
            "08Apr2002"
          ]
        ]
      }
    ],
    "EnergyStyle": "electronvolt",
    "ForcesStyle": "electronvoltperangstrom",
    "LatticeStyle": "angstrom",
    "PositionsStyle": "angstrom",
    "StressStyle": "kB"
  }
}