{
  "Dataset": {
    "AtomTypeStyle": "chemicalsymbol",
    "Data": [
      {
        "AtomTypes": [
          "Pt",
          "Pt",
          "Pt",
          "Pt",
          "Pt",
          "Pt",
          "Pt",
          "Pt",
          "Pt",
          "Pt",
          "Pt",
          "Pt",
          "Pt",
          "Pt",
          "Pt",
          "Pt",
          "Pt",
          "Pt",
          "Pt",
          "Pt",
          "Pt",
          "Pt",
          "Pt",
          "Pt",
          "Pt",
          "Pt",
          "Pt",
          "Pt",
          "Pt",
          "Pt",
          "Pt",
          "Pt",
          "Pt",
          "Pt",
          "Pt",
          "Pt",
          "Pt",
          "Pt",
          "Pt",
          "Pt",
          "Pt",
          "Pt",
          "Pt",
          "Pt",
          "Pt",
          "Pt",
          "Pt",
          "Pt",
          "Pt",
          "Pt",
          "Pt",
          "Pt",
          "Pt",
          "Pt",
          "Pt",
          "Pt",
          "Pt",
          "Pt",
          "Pt",
          "Pt",
          "Pt",
          "Pt",
          "Pt",
          "Pt",
          "O",
          "O",
          "O",
          "O"
        ],
        "Energy": -346.77936964,
        "Forces": [
          [
            0.027292,
            0.03507,
            0.365641
          ],
          [
            0.1036,
            0.00365,
            0.327991
          ],
          [
            -0.1036,
            0.00365,
            0.327991
          ],
          [
            -0.027292,
            0.03507,
            0.365641
          ],
          [
            -0.1036,
            -0.00365,
            0.327991
          ],
          [
            -0.027292,
            -0.03507,
            0.365641
          ],
          [
            0.027292,
            -0.03507,
            0.365641
          ],
          [
            0.1036,
            -0.00365,
            0.327991
          ],
          [
            0.013028,
            -0.016693,
            0.367283
          ],
          [
            -0.013028,
            -0.016693,
            0.367283
          ],
          [
            0.052635,
            0.01808,
            0.353275
          ],
          [
            -0.052635,
            0.01808,
            0.353275
          ],
          [
            0.052635,
            -0.01808,
            0.353275
          ],
          [
            -0.052635,
            -0.01808,
            0.353275
          ],
          [
            0.013028,
            0.016693,
            0.367283
          ],
          [
            -0.013028,
            0.016693,
            0.367283
          ],
          [
            0.034965,
            -0.00688,
            -0.28281
          ],
          [
            -0.024481,
            -0.119324,
            -0.260124
          ],
          [
            -0.024481,
            0.119324,
            -0.260124
          ],
          [
            0.034965,
            0.00688,
            -0.28281
          ],
          [
            0.024481,
            -0.119324,
            -0.260124
          ],
          [
            -0.034965,
            -0.00688,
            -0.28281
          ],
          [
            -0.034965,
            0.00688,
            -0.28281
          ],
          [
            0.024481,
            0.119324,
            -0.260124
          ],
          [
            -0.026166,
            -0.056957,
            -0.274112
          ],
          [
            0.01409,
            0.122929,
            -0.28001
          ],
          [
            -0.026166,
            0.056957,
            -0.274112
          ],
          [
            0.01409,
            -0.122929,
            -0.28001
          ],
          [
            -0.01409,
            0.122929,
            -0.28001
          ],
          [
            0.026166,
            -0.056957,
            -0.274112
          ],
          [
            -0.01409,
            -0.122929,
            -0.28001
          ],
          [
            0.026166,
            0.056957,
            -0.274112
          ],
          [
            0.010459,
            0.001707,
            -0.039625
          ],
          [
            -0.010459,
            0.001707,
            -0.039625
          ],
          [
            -0.002657,
            -0.005354,
            -0.043055
          ],
          [
            0.002657,
            -0.005354,
            -0.043055
          ],
          [
            0.026898,
            -0.027757,
            -0.027514
          ],
          [
            0.042263,
            0.019287,
            -0.019677
          ],
          [
            -0.042263,
            0.019287,
            -0.019677
          ],
          [
            -0.026898,
            -0.027757,
            -0.027514
          ],
          [
            -0.002657,
            0.005354,
            -0.043055
          ],
          [
            0.002657,
            0.005354,
            -0.043055
          ],
          [
            0.010459,
            -0.001707,
            -0.039625
          ],
          [
            -0.010459,
            -0.001707,
            -0.039625
          ],
          [
            -0.042263,
            -0.019287,
            -0.019677
          ],
          [
            -0.026898,
            0.027757,
            -0.027514
          ],
          [
            0.026898,
            0.027757,
            -0.027514
          ],
          [
            0.042263,
            -0.019287,
            -0.019677
          ],
          [
            0.037306,
            0.047436,
            -0.016061
          ],
          [
            0.012414,
            -0.032309,
            -0.067355
          ],
          [
            0.012414,
            0.032309,
            -0.067355
          ],
          [
            0.037306,
            -0.047436,
            -0.016061
          ],
          [
            -0.012414,
            -0.032309,
            -0.067355
          ],
          [
            -0.037306,
            0.047436,
            -0.016061
          ],
          [
            -0.037306,
            -0.047436,
            -0.016061
          ],
          [
            -0.012414,
            0.032309,
            -0.067355
          ],
          [
            -0.017127,
            -0.134293,
            -0.033376
          ],
          [
            0.018622,
            0.021766,
            0.044921
          ],
          [
            -0.017127,
            0.134293,
            -0.033376
          ],
          [
            0.018622,
            -0.021766,
            0.044921
          ],
          [
            -0.018622,
            0.021766,
            0.044921
          ],
          [
            0.017127,
            -0.134293,
            -0.033376
          ],
          [
            -0.018622,
            -0.021766,
            0.044921
          ],
          [
            0.017127,
            0.134293,
            -0.033376
          ],
          [
            0.006725,
            0.052127,
            -0.115392
          ],
          [
            0.006725,
            -0.052127,
            -0.115392
          ],
          [
            -0.006725,
            -0.052127,
            -0.115392
          ],
          [
            -0.006725,
            0.052127,
            -0.115392
          ]
        ],
        "Lattice": [
          [
            11.285424233,
            0.0,
            0.0
          ],
          [
            0.0,
            11.285424233,
            0.0
          ],
          [
            0.0,
            0.0,
            19.570980073
          ]
        ],
        "NumAtoms": 68,
        "Positions": [
          [
            4.23203,
            1.41068,
            0.0
          ],
          [
            4.23203,
            7.05339,
            0.0
          ],
          [
            9.87475,
            1.41068,
            0.0
          ],
          [
            9.87475,
            7.05339,
            0.0
          ],
          [
            4.23203,
            4.23203,
            0.0
          ],
          [
            4.23203,
            9.87475,
            0.0
          ],
          [
            9.87475,
            4.23203,
            0.0
          ],
          [
            9.87475,
            9.87475,
            0.0
          ],
          [
            1.41068,
            1.41068,
            0.0
          ],
          [
            1.41068,
            7.05339,
            0.0
          ],
          [
            7.05339,
            1.41068,
            0.0
          ],
          [
            7.05339,
            7.05339,
            0.0
          ],
          [
            1.41068,
            4.23203,
            0.0
          ],
          [
            1.41068,
            9.87475,
            0.0
          ],
          [
            7.05339,
            4.23203,
            0.0
          ],
          [
            7.05339,
            9.87475,
            0.0
          ],
          [
            0.0,
            0.0,
            1.99507
          ],
          [
            0.0,
            5.64271,
            1.99507
          ],
          [
            5.64271,
            0.0,
            1.99507
          ],
          [
            5.64271,
            5.64271,
            1.99507
          ],
          [
            2.82136,
            0.0,
            1.99507
          ],
          [
            2.82136,
            5.64271,
            1.99507
          ],
          [
            8.46407,
            0.0,
            1.99507
          ],
          [
            8.46407,
            5.64271,
            1.99507
          ],
          [
            0.0,
            2.82136,
            1.99507
          ],
          [
            0.0,
            8.46407,
            1.99507
          ],
          [
            5.64271,
            2.82136,
            1.99507
          ],
          [
            5.64271,
            8.46407,
            1.99507
          ],
          [
            2.82136,
            2.82136,
            1.99507
          ],
          [
            2.82136,
            8.46407,
            1.99507
          ],
          [
            8.46407,
            2.82136,
            1.99507
          ],
          [
            8.46407,
            8.46407,
            1.99507
          ],
          [
            1.39499,
            1.41039,
            3.95307
          ],
          [
            1.42636,
            7.0531,
            3.95307
          ],
          [
            7.04918,
            1.41184,
            4.00256
          ],
          [
            7.0576,
            7.05455,
            4.00256
          ],
          [
            4.23957,
            1.44046,
            3.95165
          ],
          [
            4.22118,
            7.01788,
            4.00008
          ],
          [
            9.8856,
            1.37516,
            4.00008
          ],
          [
            9.86721,
            7.08317,
            3.95165
          ],
          [
            1.40646,
            4.23088,
            4.00256
          ],
          [
            1.41489,
            9.87359,
            4.00256
          ],
          [
            7.0377,
            4.23232,
            3.95307
          ],
          [
            7.06908,
            9.87503,
            3.95307
          ],
          [
            4.24288,
            4.26755,
            4.00008
          ],
          [
            4.2245,
            9.84496,
            3.95165
          ],
          [
            9.88228,
            4.20225,
            3.95165
          ],
          [
            9.8639,
            9.91026,
            4.00008
          ],
          [
            0.08178,
            -0.09153,
            6.02463
          ],
          [
            -0.05096,
            5.6531,
            5.90383
          ],
          [
            5.59175,
            -0.01039,
            5.90383
          ],
          [
            5.72449,
            5.73424,
            6.02463
          ],
          [
            2.87232,
            0.01039,
            5.90383
          ],
          [
            2.73958,
            5.55118,
            6.02463
          ],
          [
            8.38229,
            0.09153,
            6.02463
          ],
          [
            8.51503,
            5.63232,
            5.90383
          ],
          [
            -0.01239,
            2.94016,
            6.05709
          ],
          [
            -0.00299,
            8.44018,
            5.86519
          ],
          [
            5.63032,
            2.70255,
            6.05709
          ],
          [
            5.63972,
            8.48796,
            5.86519
          ],
          [
            2.82435,
            2.79747,
            5.86519
          ],
          [
            2.83375,
            8.58287,
            6.05709
          ],
          [
            8.46706,
            2.84525,
            5.86519
          ],
          [
            8.47646,
            8.34527,
            6.05709
          ],
          [
            0.00376,
            1.40536,
            7.27323
          ],
          [
            5.64647,
            4.23735,
            7.27323
          ],
          [
            8.46031,
            9.88006,
            7.27323
          ],
          [
            2.8176,
            7.04807,
            7.27323
          ]
        ],
        "Stress": [
          [
            -29.32854,
            0.0,
            0.0
          ],
          [
            0.0,
            -30.81238,
            0.0
          ],
          [
            0.0,
            0.0,
            -12.59992
          ]
        ],
        "computation_code": "VASP",
        "pseudopotential_information": [
          [
            "PAW_PBE",
            "Pt",
            "04Feb2005"
          ],
          [
            "PAW_PBE",
            "O",
            "08Apr2002"
          ]
        ]
      }
    ],
    "EnergyStyle": "electronvolt",
    "ForcesStyle": "electronvoltperangstrom",
    "LatticeStyle": "angstrom",
    "PositionsStyle": "angstrom",
    "StressStyle": "kB"
  }
}