{
  "Dataset": {
    "AtomTypeStyle": "chemicalsymbol",
    "Data": [
      {
        "AtomTypes": [
          "Pt",
          "Pt",
          "Pt",
          "Pt",
          "Pt",
          "Pt",
          "Pt",
          "Pt",
          "Pt",
          "Pt",
          "Pt",
          "Pt",
          "Pt",
          "Pt",
          "Pt",
          "Pt",
          "Pt",
          "Pt",
          "Pt",
          "Pt",
          "Pt",
          "Pt",
          "Pt",
          "Pt",
          "Pt",
          "Pt",
          "Pt",
          "Pt",
          "Pt",
          "Pt",
          "Pt",
          "Pt",
          "Pt",
          "Pt",
          "Pt",
          "Pt",
          "Pt",
          "Pt",
          "Pt",
          "Pt",
          "Pt",
          "Pt",
          "Pt",
          "Pt",
          "Pt",
          "Pt",
          "Pt",
          "Pt",
          "Pt",
          "Pt",
          "Pt",
          "Pt",
          "Pt",
          "Pt",
          "Pt",
          "Pt",
          "Pt",
          "Pt",
          "Pt",
          "Pt",
          "Pt",
          "Pt",
          "Pt",
          "Pt",
          "O",
          "O"
        ],
        "Energy": -335.26306996,
        "Forces": [
          [
            0.0,
            0.0,
            0.331168
          ],
          [
            0.0,
            0.0,
            0.349281
          ],
          [
            0.0,
            0.0,
            0.320731
          ],
          [
            0.0,
            0.0,
            0.162185
          ],
          [
            0.0,
            -0.002438,
            0.398225
          ],
          [
            0.0,
            0.002438,
            0.398225
          ],
          [
            0.0,
            0.004823,
            0.397699
          ],
          [
            0.0,
            -0.004823,
            0.397699
          ],
          [
            -0.021549,
            0.0,
            0.34367
          ],
          [
            -0.073157,
            0.0,
            0.331078
          ],
          [
            0.021549,
            0.0,
            0.34367
          ],
          [
            0.073157,
            0.0,
            0.331078
          ],
          [
            0.04905,
            -0.01429,
            0.41196
          ],
          [
            0.04905,
            0.01429,
            0.41196
          ],
          [
            -0.04905,
            -0.01429,
            0.41196
          ],
          [
            -0.04905,
            0.01429,
            0.41196
          ],
          [
            -0.046549,
            -0.071767,
            -0.25725
          ],
          [
            0.030615,
            0.015602,
            -0.159054
          ],
          [
            0.058314,
            -0.09225,
            -0.285858
          ],
          [
            -0.021893,
            -0.067936,
            -0.111342
          ],
          [
            -0.058314,
            -0.09225,
            -0.285858
          ],
          [
            0.021893,
            -0.067936,
            -0.111342
          ],
          [
            0.046549,
            -0.071767,
            -0.25725
          ],
          [
            -0.030615,
            0.015602,
            -0.159054
          ],
          [
            -0.046549,
            0.071767,
            -0.25725
          ],
          [
            0.030615,
            -0.015602,
            -0.159054
          ],
          [
            0.058314,
            0.09225,
            -0.285858
          ],
          [
            -0.021893,
            0.067936,
            -0.111342
          ],
          [
            -0.058314,
            0.09225,
            -0.285858
          ],
          [
            0.021893,
            0.067936,
            -0.111342
          ],
          [
            0.046549,
            0.071767,
            -0.25725
          ],
          [
            -0.030615,
            -0.015602,
            -0.159054
          ],
          [
            0.17941,
            0.0,
            0.082827
          ],
          [
            -0.01086,
            0.0,
            -0.21305
          ],
          [
            -0.17941,
            0.0,
            0.082827
          ],
          [
            0.01086,
            0.0,
            -0.21305
          ],
          [
            0.0,
            0.0,
            0.298955
          ],
          [
            0.0,
            0.0,
            -0.199359
          ],
          [
            0.0,
            0.0,
            -0.310248
          ],
          [
            0.0,
            0.0,
            -0.218266
          ],
          [
            0.034424,
            0.011679,
            -0.116176
          ],
          [
            0.034424,
            -0.011679,
            -0.116176
          ],
          [
            -0.034424,
            0.011679,
            -0.116176
          ],
          [
            -0.034424,
            -0.011679,
            -0.116176
          ],
          [
            0.0,
            -0.064049,
            0.016039
          ],
          [
            0.0,
            0.064049,
            0.016039
          ],
          [
            0.0,
            0.050666,
            -0.25235
          ],
          [
            0.0,
            -0.050666,
            -0.25235
          ],
          [
            0.022571,
            -0.021192,
            -0.093238
          ],
          [
            -0.006101,
            0.010518,
            -0.053725
          ],
          [
            0.064422,
            -0.004629,
            -0.070475
          ],
          [
            0.006597,
            0.029664,
            -0.017478
          ],
          [
            -0.064422,
            -0.004629,
            -0.070475
          ],
          [
            -0.006597,
            0.029664,
            -0.017478
          ],
          [
            -0.022571,
            -0.021192,
            -0.093238
          ],
          [
            0.006101,
            0.010518,
            -0.053725
          ],
          [
            0.022571,
            0.021192,
            -0.093238
          ],
          [
            -0.006101,
            -0.010518,
            -0.053725
          ],
          [
            0.064422,
            0.004629,
            -0.070475
          ],
          [
            0.006597,
            -0.029664,
            -0.017478
          ],
          [
            -0.064422,
            0.004629,
            -0.070475
          ],
          [
            -0.006597,
            -0.029664,
            -0.017478
          ],
          [
            -0.022571,
            0.021192,
            -0.093238
          ],
          [
            0.006101,
            -0.010518,
            -0.053725
          ],
          [
            -0.043455,
            0.0,
            0.033911
          ],
          [
            0.043455,
            0.0,
            0.033911
          ]
        ],
        "Lattice": [
          [
            11.285424233,
            0.0,
            0.0
          ],
          [
            0.0,
            11.285424233,
            0.0
          ],
          [
            0.0,
            0.0,
            19.570980073
          ]
        ],
        "NumAtoms": 66,
        "Positions": [
          [
            4.23203,
            1.41068,
            0.0
          ],
          [
            4.23203,
            7.05339,
            0.0
          ],
          [
            9.87475,
            1.41068,
            0.0
          ],
          [
            9.87475,
            7.05339,
            0.0
          ],
          [
            4.23203,
            4.23203,
            0.0
          ],
          [
            4.23203,
            9.87475,
            0.0
          ],
          [
            9.87475,
            4.23203,
            0.0
          ],
          [
            9.87475,
            9.87475,
            0.0
          ],
          [
            1.41068,
            1.41068,
            0.0
          ],
          [
            1.41068,
            7.05339,
            0.0
          ],
          [
            7.05339,
            1.41068,
            0.0
          ],
          [
            7.05339,
            7.05339,
            0.0
          ],
          [
            1.41068,
            4.23203,
            0.0
          ],
          [
            1.41068,
            9.87475,
            0.0
          ],
          [
            7.05339,
            4.23203,
            0.0
          ],
          [
            7.05339,
            9.87475,
            0.0
          ],
          [
            0.0,
            0.0,
            1.99507
          ],
          [
            0.0,
            5.64271,
            1.99507
          ],
          [
            5.64271,
            0.0,
            1.99507
          ],
          [
            5.64271,
            5.64271,
            1.99507
          ],
          [
            2.82136,
            0.0,
            1.99507
          ],
          [
            2.82136,
            5.64271,
            1.99507
          ],
          [
            8.46407,
            0.0,
            1.99507
          ],
          [
            8.46407,
            5.64271,
            1.99507
          ],
          [
            0.0,
            2.82136,
            1.99507
          ],
          [
            0.0,
            8.46407,
            1.99507
          ],
          [
            5.64271,
            2.82136,
            1.99507
          ],
          [
            5.64271,
            8.46407,
            1.99507
          ],
          [
            2.82136,
            2.82136,
            1.99507
          ],
          [
            2.82136,
            8.46407,
            1.99507
          ],
          [
            8.46407,
            2.82136,
            1.99507
          ],
          [
            8.46407,
            8.46407,
            1.99507
          ],
          [
            1.39937,
            1.41068,
            3.96636
          ],
          [
            1.41074,
            7.05339,
            3.98765
          ],
          [
            7.0647,
            1.41068,
            3.96636
          ],
          [
            7.05333,
            7.05339,
            3.98765
          ],
          [
            4.23203,
            1.41068,
            3.93415
          ],
          [
            4.23203,
            7.05339,
            3.98071
          ],
          [
            9.87475,
            1.41068,
            3.98015
          ],
          [
            9.87475,
            7.05339,
            3.99695
          ],
          [
            1.41963,
            4.22313,
            4.0014
          ],
          [
            1.41963,
            9.88365,
            4.0014
          ],
          [
            7.04444,
            4.22313,
            4.0014
          ],
          [
            7.04444,
            9.88365,
            4.0014
          ],
          [
            4.23203,
            4.21661,
            4.01663
          ],
          [
            4.23203,
            9.89017,
            4.01663
          ],
          [
            9.87475,
            4.24622,
            3.97393
          ],
          [
            9.87475,
            9.86056,
            3.97393
          ],
          [
            -0.04175,
            -0.01099,
            5.91705
          ],
          [
            -0.00611,
            5.64971,
            5.93684
          ],
          [
            5.67488,
            -0.10381,
            6.0082
          ],
          [
            5.64765,
            5.66776,
            5.94096
          ],
          [
            2.78919,
            -0.10381,
            6.0082
          ],
          [
            2.81642,
            5.66776,
            5.94096
          ],
          [
            8.50582,
            -0.01099,
            5.91705
          ],
          [
            8.47018,
            5.64971,
            5.93684
          ],
          [
            -0.04175,
            2.83235,
            5.91705
          ],
          [
            -0.00611,
            8.45707,
            5.93684
          ],
          [
            5.67488,
            2.92516,
            6.0082
          ],
          [
            5.64765,
            8.43902,
            5.94096
          ],
          [
            2.78919,
            2.92516,
            6.0082
          ],
          [
            2.81642,
            8.43902,
            5.94096
          ],
          [
            8.50582,
            2.83235,
            5.91705
          ],
          [
            8.47018,
            8.45707,
            5.93684
          ],
          [
            2.81228,
            1.41068,
            7.23204
          ],
          [
            5.65179,
            1.41068,
            7.23204
          ]
        ],
        "Stress": [
          [
            -31.8943,
            0.0,
            0.0
          ],
          [
            0.0,
            -32.49825,
            0.0
          ],
          [
            0.0,
            0.0,
            -13.20043
          ]
        ],
        "computation_code": "VASP",
        "pseudopotential_information": [
          [
            "PAW_PBE",
            "Pt",
            "04Feb2005"
          ],
          [
            "PAW_PBE",
            "O",
            "08Apr2002"
          ]
        ]
      }
    ],
    "EnergyStyle": "electronvolt",
    "ForcesStyle": "electronvoltperangstrom",
    "LatticeStyle": "angstrom",
    "PositionsStyle": "angstrom",
    "StressStyle": "kB"
  }
}