{
  "Dataset": {
    "AtomTypeStyle": "chemicalsymbol",
    "Data": [
      {
        "AtomTypes": [
          "Pt",
          "Pt",
          "Pt",
          "Pt",
          "Pt",
          "Pt",
          "Pt",
          "Pt",
          "Pt",
          "Pt",
          "Pt",
          "Pt",
          "Pt",
          "Pt",
          "Pt",
          "Pt",
          "Pt",
          "Pt",
          "Pt",
          "Pt",
          "Pt",
          "Pt",
          "Pt",
          "Pt",
          "Pt",
          "Pt",
          "Pt",
          "Pt",
          "Pt",
          "Pt",
          "Pt",
          "Pt",
          "Pt",
          "Pt",
          "Pt",
          "Pt",
          "Pt",
          "Pt",
          "Pt",
          "Pt",
          "Pt",
          "Pt",
          "Pt",
          "Pt",
          "Pt",
          "Pt",
          "Pt",
          "Pt",
          "Pt",
          "Pt",
          "Pt",
          "Pt",
          "Pt",
          "Pt",
          "Pt",
          "Pt",
          "Pt",
          "Pt",
          "Pt",
          "Pt",
          "Pt",
          "Pt",
          "Pt",
          "Pt",
          "Pt",
          "Pt",
          "Pt",
          "Pt",
          "Pt",
          "Pt",
          "Pt",
          "Pt",
          "Pt",
          "Pt",
          "Pt",
          "Pt",
          "Pt",
          "Pt",
          "Pt",
          "Pt",
          "O",
          "O",
          "O",
          "O",
          "O",
          "O",
          "O",
          "O",
          "O",
          "O",
          "O",
          "O",
          "O",
          "O",
          "O",
          "O",
          "O"
        ],
        "Energy": -490.7821232,
        "Forces": [
          [
            0.03364,
            -0.0,
            0.875035
          ],
          [
            -0.010802,
            -0.0,
            0.823113
          ],
          [
            -0.021071,
            -0.0,
            0.787112
          ],
          [
            0.001586,
            -0.0,
            0.85022
          ],
          [
            -0.03364,
            -0.0,
            0.875035
          ],
          [
            0.010802,
            -0.0,
            0.823113
          ],
          [
            0.021071,
            -0.0,
            0.787112
          ],
          [
            -0.001586,
            -0.0,
            0.85022
          ],
          [
            -0.009873,
            0.008093,
            0.802462
          ],
          [
            -0.009873,
            -0.008093,
            0.802462
          ],
          [
            0.006079,
            0.005442,
            0.778538
          ],
          [
            0.006079,
            -0.005442,
            0.778538
          ],
          [
            0.009873,
            0.008093,
            0.802462
          ],
          [
            0.009873,
            -0.008093,
            0.802462
          ],
          [
            -0.006079,
            0.005442,
            0.778538
          ],
          [
            -0.006079,
            -0.005442,
            0.778538
          ],
          [
            -0.0,
            -0.191072,
            -0.837185
          ],
          [
            -0.0,
            -0.035236,
            -1.085207
          ],
          [
            -0.0,
            0.062399,
            -1.020828
          ],
          [
            -0.0,
            -0.113988,
            -1.104343
          ],
          [
            -0.045348,
            -0.029877,
            -0.956632
          ],
          [
            0.048564,
            0.010631,
            -1.025468
          ],
          [
            0.045348,
            -0.029877,
            -0.956632
          ],
          [
            -0.048564,
            0.010631,
            -1.025468
          ],
          [
            -0.0,
            0.191072,
            -0.837185
          ],
          [
            -0.0,
            0.035236,
            -1.085207
          ],
          [
            -0.0,
            -0.062399,
            -1.020828
          ],
          [
            -0.0,
            0.113988,
            -1.104343
          ],
          [
            -0.045348,
            0.029877,
            -0.956632
          ],
          [
            0.048564,
            -0.010631,
            -1.025468
          ],
          [
            0.045348,
            0.029877,
            -0.956632
          ],
          [
            -0.048564,
            -0.010631,
            -1.025468
          ],
          [
            -0.132063,
            -0.070433,
            -0.145003
          ],
          [
            -0.132063,
            0.070433,
            -0.145003
          ],
          [
            -0.037905,
            0.040109,
            -0.056883
          ],
          [
            -0.037905,
            -0.040109,
            -0.056883
          ],
          [
            0.132063,
            -0.070433,
            -0.145003
          ],
          [
            0.132063,
            0.070433,
            -0.145003
          ],
          [
            0.037905,
            0.040109,
            -0.056883
          ],
          [
            0.037905,
            -0.040109,
            -0.056883
          ],
          [
            0.018924,
            -0.0,
            -0.136905
          ],
          [
            0.022045,
            -0.0,
            -0.084348
          ],
          [
            -0.02594,
            -0.0,
            -0.069894
          ],
          [
            0.001365,
            -0.0,
            -0.0815
          ],
          [
            -0.018924,
            -0.0,
            -0.136905
          ],
          [
            -0.022045,
            -0.0,
            -0.084348
          ],
          [
            0.02594,
            -0.0,
            -0.069894
          ],
          [
            -0.001365,
            -0.0,
            -0.0815
          ],
          [
            -0.0,
            -0.305119,
            0.339215
          ],
          [
            -0.0,
            -0.111892,
            0.182328
          ],
          [
            -0.0,
            0.004951,
            0.1446
          ],
          [
            -0.0,
            -0.011243,
            0.173222
          ],
          [
            -0.002035,
            0.006945,
            0.146372
          ],
          [
            -0.010982,
            0.062352,
            0.146685
          ],
          [
            0.002035,
            0.006945,
            0.146372
          ],
          [
            0.010982,
            0.062352,
            0.146685
          ],
          [
            -0.0,
            0.305119,
            0.339215
          ],
          [
            -0.0,
            0.111892,
            0.182328
          ],
          [
            -0.0,
            -0.004951,
            0.1446
          ],
          [
            -0.0,
            0.011243,
            0.173222
          ],
          [
            -0.002035,
            -0.006945,
            0.146372
          ],
          [
            -0.010982,
            -0.062352,
            0.146685
          ],
          [
            0.002035,
            -0.006945,
            0.146372
          ],
          [
            0.010982,
            -0.062352,
            0.146685
          ],
          [
            0.077773,
            -0.0,
            0.083829
          ],
          [
            0.090007,
            -0.0,
            0.080978
          ],
          [
            -0.007358,
            -0.0,
            0.153053
          ],
          [
            -0.010329,
            -0.0,
            0.146189
          ],
          [
            -0.077773,
            -0.0,
            0.083829
          ],
          [
            -0.090007,
            -0.0,
            0.080978
          ],
          [
            0.007358,
            -0.0,
            0.153053
          ],
          [
            0.010329,
            -0.0,
            0.146189
          ],
          [
            -0.077937,
            0.061815,
            -0.008952
          ],
          [
            -0.077937,
            -0.061815,
            -0.008952
          ],
          [
            -0.010413,
            -0.000288,
            0.151275
          ],
          [
            -0.010413,
            0.000288,
            0.151275
          ],
          [
            0.077937,
            0.061815,
            -0.008952
          ],
          [
            0.077937,
            -0.061815,
            -0.008952
          ],
          [
            0.010413,
            -0.000288,
            0.151275
          ],
          [
            0.010413,
            0.000288,
            0.151275
          ],
          [
            0.069431,
            -0.147991,
            0.117977
          ],
          [
            -0.004745,
            -0.065933,
            0.053138
          ],
          [
            -0.021172,
            -0.013331,
            -0.057865
          ],
          [
            -0.016877,
            0.023607,
            -0.059738
          ],
          [
            0.021172,
            -0.013331,
            -0.057865
          ],
          [
            0.016877,
            0.023607,
            -0.059738
          ],
          [
            -0.069431,
            -0.147991,
            0.117977
          ],
          [
            0.004745,
            -0.065933,
            0.053138
          ],
          [
            -0.069431,
            0.147991,
            0.117977
          ],
          [
            0.069431,
            0.147991,
            0.117977
          ],
          [
            0.021172,
            0.013331,
            -0.057865
          ],
          [
            -0.021172,
            0.013331,
            -0.057865
          ],
          [
            0.004745,
            0.065933,
            0.053138
          ],
          [
            -0.004745,
            0.065933,
            0.053138
          ],
          [
            0.016877,
            -0.023607,
            -0.059738
          ],
          [
            -0.016877,
            -0.023607,
            -0.059738
          ],
          [
            -0.0,
            -0.0,
            0.01901
          ]
        ],
        "Lattice": [
          [
            15.96,
            0.0,
            0.0
          ],
          [
            0.0,
            11.285421372,
            0.0
          ],
          [
            0.0,
            0.0,
            19.881450655
          ]
        ],
        "NumAtoms": 97,
        "Positions": [
          [
            0.0,
            2.82136,
            0.0
          ],
          [
            0.0,
            8.46407,
            0.0
          ],
          [
            7.98,
            2.82136,
            0.0
          ],
          [
            7.98,
            8.46407,
            0.0
          ],
          [
            3.99,
            2.82136,
            0.0
          ],
          [
            3.99,
            8.46407,
            0.0
          ],
          [
            11.97,
            2.82136,
            0.0
          ],
          [
            11.97,
            8.46407,
            0.0
          ],
          [
            0.0,
            0.0,
            0.0
          ],
          [
            0.0,
            5.64271,
            0.0
          ],
          [
            7.98,
            0.0,
            0.0
          ],
          [
            7.98,
            5.64271,
            0.0
          ],
          [
            3.99,
            0.0,
            0.0
          ],
          [
            3.99,
            5.64271,
            0.0
          ],
          [
            11.97,
            0.0,
            0.0
          ],
          [
            11.97,
            5.64271,
            0.0
          ],
          [
            1.995,
            4.23203,
            1.41067
          ],
          [
            1.995,
            9.87474,
            1.41067
          ],
          [
            9.975,
            4.23203,
            1.41067
          ],
          [
            9.975,
            9.87474,
            1.41067
          ],
          [
            5.985,
            4.23203,
            1.41067
          ],
          [
            5.985,
            9.87474,
            1.41067
          ],
          [
            13.965,
            4.23203,
            1.41067
          ],
          [
            13.965,
            9.87474,
            1.41067
          ],
          [
            1.995,
            1.41068,
            1.41067
          ],
          [
            1.995,
            7.05339,
            1.41067
          ],
          [
            9.975,
            1.41068,
            1.41067
          ],
          [
            9.975,
            7.05339,
            1.41067
          ],
          [
            5.985,
            1.41068,
            1.41067
          ],
          [
            5.985,
            7.05339,
            1.41067
          ],
          [
            13.965,
            1.41068,
            1.41067
          ],
          [
            13.965,
            7.05339,
            1.41067
          ],
          [
            -0.00409,
            0.00776,
            2.8192
          ],
          [
            -0.00409,
            5.63495,
            2.8192
          ],
          [
            7.99351,
            -0.00827,
            2.81319
          ],
          [
            7.99351,
            5.65098,
            2.81319
          ],
          [
            3.99409,
            0.00776,
            2.8192
          ],
          [
            3.99409,
            5.63495,
            2.8192
          ],
          [
            11.95649,
            -0.00827,
            2.81319
          ],
          [
            11.95649,
            5.65098,
            2.81319
          ],
          [
            0.02219,
            2.82136,
            2.88979
          ],
          [
            -0.01824,
            8.46407,
            2.81907
          ],
          [
            8.00009,
            2.82136,
            2.81475
          ],
          [
            7.98164,
            8.46407,
            2.82471
          ],
          [
            3.96781,
            2.82136,
            2.88979
          ],
          [
            4.00824,
            8.46407,
            2.81907
          ],
          [
            11.94991,
            2.82136,
            2.81475
          ],
          [
            11.96836,
            8.46407,
            2.82471
          ],
          [
            1.995,
            4.39076,
            4.2864
          ],
          [
            1.995,
            9.84333,
            4.19115
          ],
          [
            9.975,
            4.23289,
            4.23045
          ],
          [
            9.975,
            9.87438,
            4.21886
          ],
          [
            6.02104,
            4.23443,
            4.20658
          ],
          [
            5.99864,
            9.87337,
            4.21813
          ],
          [
            13.92896,
            4.23443,
            4.20658
          ],
          [
            13.95136,
            9.87337,
            4.21813
          ],
          [
            1.995,
            1.25195,
            4.2864
          ],
          [
            1.995,
            7.08481,
            4.19115
          ],
          [
            9.975,
            1.40982,
            4.23045
          ],
          [
            9.975,
            7.05375,
            4.21886
          ],
          [
            6.02104,
            1.40828,
            4.20658
          ],
          [
            5.99864,
            7.05476,
            4.21813
          ],
          [
            13.92896,
            1.40828,
            4.20658
          ],
          [
            13.95136,
            7.05476,
            4.21813
          ],
          [
            -0.33834,
            2.82136,
            5.7646
          ],
          [
            -0.01186,
            8.46407,
            5.64265
          ],
          [
            7.99182,
            2.82136,
            5.6484
          ],
          [
            7.98685,
            8.46407,
            5.63638
          ],
          [
            4.32834,
            2.82136,
            5.7646
          ],
          [
            4.00186,
            8.46407,
            5.64265
          ],
          [
            11.95818,
            2.82136,
            5.6484
          ],
          [
            11.96315,
            8.46407,
            5.63638
          ],
          [
            -0.01218,
            -0.03768,
            5.63278
          ],
          [
            -0.01218,
            5.68039,
            5.63278
          ],
          [
            7.98737,
            -0.00462,
            5.63949
          ],
          [
            7.98737,
            5.64733,
            5.63949
          ],
          [
            4.00218,
            -0.03768,
            5.63278
          ],
          [
            4.00218,
            5.68039,
            5.63278
          ],
          [
            11.96263,
            -0.00462,
            5.63949
          ],
          [
            11.96263,
            5.64733,
            5.63949
          ],
          [
            4.12234,
            4.31678,
            7.01351
          ],
          [
            3.98856,
            9.8633,
            7.00425
          ],
          [
            11.9554,
            4.23977,
            6.99868
          ],
          [
            11.96592,
            9.8698,
            6.99689
          ],
          [
            7.9946,
            4.23977,
            6.99868
          ],
          [
            7.98408,
            9.8698,
            6.99689
          ],
          [
            -0.13234,
            4.31678,
            7.01351
          ],
          [
            0.00144,
            9.8633,
            7.00425
          ],
          [
            -0.13234,
            1.32594,
            7.01351
          ],
          [
            4.12234,
            1.32594,
            7.01351
          ],
          [
            7.9946,
            1.40294,
            6.99868
          ],
          [
            11.9554,
            1.40294,
            6.99868
          ],
          [
            0.00144,
            7.06484,
            7.00425
          ],
          [
            3.98856,
            7.06484,
            7.00425
          ],
          [
            7.98408,
            7.05833,
            6.99689
          ],
          [
            11.96592,
            7.05833,
            6.99689
          ],
          [
            1.995,
            2.82136,
            5.54823
          ]
        ],
        "Stress": [
          [
            -23.23005,
            0.0,
            0.0
          ],
          [
            0.0,
            -27.97322,
            0.0
          ],
          [
            0.0,
            0.0,
            -7.35888
          ]
        ],
        "computation_code": "VASP",
        "pseudopotential_information": [
          [
            "PAW_PBE",
            "Pt",
            "04Feb2005"
          ],
          [
            "PAW_PBE",
            "O",
            "08Apr2002"
          ]
        ]
      }
    ],
    "EnergyStyle": "electronvolt",
    "ForcesStyle": "electronvoltperangstrom",
    "LatticeStyle": "angstrom",
    "PositionsStyle": "angstrom",
    "StressStyle": "kB"
  }
}