{
  "Dataset": {
    "AtomTypeStyle": "chemicalsymbol",
    "Data": [
      {
        "AtomTypes": [
          "Pt",
          "Pt",
          "Pt",
          "Pt",
          "Pt",
          "Pt",
          "Pt",
          "Pt",
          "Pt",
          "Pt",
          "Pt",
          "Pt",
          "Pt",
          "Pt",
          "Pt",
          "Pt",
          "Pt",
          "Pt",
          "Pt",
          "Pt",
          "Pt",
          "Pt",
          "Pt",
          "Pt",
          "Pt",
          "Pt",
          "Pt",
          "Pt",
          "Pt",
          "Pt",
          "Pt",
          "Pt",
          "Pt",
          "Pt",
          "Pt",
          "Pt",
          "Pt",
          "Pt",
          "Pt",
          "Pt",
          "Pt",
          "Pt",
          "Pt",
          "Pt",
          "Pt",
          "Pt",
          "Pt",
          "Pt",
          "Pt",
          "Pt",
          "Pt",
          "Pt",
          "Pt",
          "Pt",
          "Pt",
          "Pt",
          "Pt",
          "Pt",
          "Pt",
          "Pt",
          "Pt",
          "Pt",
          "Pt",
          "Pt",
          "Pt",
          "Pt",
          "Pt",
          "Pt",
          "Pt",
          "Pt",
          "Pt",
          "Pt",
          "Pt",
          "Pt",
          "Pt",
          "Pt",
          "Pt",
          "Pt",
          "Pt",
          "Pt",
          "O",
          "O"
        ],
        "Energy": -410.64372315,
        "Forces": [
          [
            -0.007445,
            0.023199,
            0.908065
          ],
          [
            0.015464,
            -0.006596,
            0.924749
          ],
          [
            0.015362,
            -0.026374,
            0.78709
          ],
          [
            -0.002973,
            0.016603,
            0.884406
          ],
          [
            -0.015362,
            -0.026374,
            0.78709
          ],
          [
            0.002973,
            0.016603,
            0.884406
          ],
          [
            0.007445,
            0.023199,
            0.908065
          ],
          [
            -0.015464,
            -0.006596,
            0.924749
          ],
          [
            -0.007445,
            -0.023199,
            0.908065
          ],
          [
            0.015464,
            0.006596,
            0.924749
          ],
          [
            0.015362,
            0.026374,
            0.78709
          ],
          [
            -0.002973,
            -0.016603,
            0.884406
          ],
          [
            -0.015362,
            0.026374,
            0.78709
          ],
          [
            0.002973,
            -0.016603,
            0.884406
          ],
          [
            0.007445,
            -0.023199,
            0.908065
          ],
          [
            -0.015464,
            0.006596,
            0.924749
          ],
          [
            0.148174,
            -0.081014,
            -0.833995
          ],
          [
            0.148174,
            0.081014,
            -0.833995
          ],
          [
            -0.148174,
            -0.081014,
            -0.833995
          ],
          [
            -0.148174,
            0.081014,
            -0.833995
          ],
          [
            -0.0,
            -0.125315,
            -0.792721
          ],
          [
            -0.0,
            0.125315,
            -0.792721
          ],
          [
            -0.0,
            -0.033291,
            -0.884629
          ],
          [
            -0.0,
            0.033291,
            -0.884629
          ],
          [
            0.267158,
            0.0,
            -1.023507
          ],
          [
            0.023305,
            0.0,
            -0.880722
          ],
          [
            -0.267158,
            0.0,
            -1.023507
          ],
          [
            -0.023305,
            0.0,
            -0.880722
          ],
          [
            -0.0,
            0.0,
            -1.037889
          ],
          [
            -0.0,
            0.0,
            -0.921357
          ],
          [
            -0.0,
            0.0,
            -0.971656
          ],
          [
            -0.0,
            0.0,
            -0.859818
          ],
          [
            0.015057,
            0.00081,
            -0.016102
          ],
          [
            0.003899,
            -0.000441,
            -0.032081
          ],
          [
            -0.000864,
            -0.009543,
            0.018857
          ],
          [
            0.00575,
            0.00176,
            0.021748
          ],
          [
            0.000864,
            -0.009543,
            0.018857
          ],
          [
            -0.00575,
            0.00176,
            0.021748
          ],
          [
            -0.015057,
            0.00081,
            -0.016102
          ],
          [
            -0.003899,
            -0.000441,
            -0.032081
          ],
          [
            0.015057,
            -0.00081,
            -0.016102
          ],
          [
            0.003899,
            0.000441,
            -0.032081
          ],
          [
            -0.000864,
            0.009543,
            0.018857
          ],
          [
            0.00575,
            -0.00176,
            0.021748
          ],
          [
            0.000864,
            0.009543,
            0.018857
          ],
          [
            -0.00575,
            -0.00176,
            0.021748
          ],
          [
            -0.015057,
            -0.00081,
            -0.016102
          ],
          [
            -0.003899,
            0.000441,
            -0.032081
          ],
          [
            0.007737,
            0.033331,
            0.020648
          ],
          [
            0.007737,
            -0.033331,
            0.020648
          ],
          [
            -0.007737,
            0.033331,
            0.020648
          ],
          [
            -0.007737,
            -0.033331,
            0.020648
          ],
          [
            -0.0,
            0.031941,
            0.010311
          ],
          [
            -0.0,
            -0.031941,
            0.010311
          ],
          [
            -0.0,
            0.032781,
            0.019054
          ],
          [
            -0.0,
            -0.032781,
            0.019054
          ],
          [
            0.010939,
            0.0,
            0.038747
          ],
          [
            0.019084,
            0.0,
            0.017829
          ],
          [
            -0.010939,
            0.0,
            0.038747
          ],
          [
            -0.019084,
            0.0,
            0.017829
          ],
          [
            -0.0,
            0.0,
            0.060469
          ],
          [
            -0.0,
            0.0,
            0.016995
          ],
          [
            -0.0,
            0.0,
            0.017267
          ],
          [
            -0.0,
            0.0,
            0.014635
          ],
          [
            -0.002561,
            0.010698,
            -0.005314
          ],
          [
            0.020958,
            -0.012202,
            -0.020644
          ],
          [
            -0.004083,
            -0.071131,
            0.067333
          ],
          [
            -0.004985,
            -0.001481,
            0.001575
          ],
          [
            0.004083,
            -0.071131,
            0.067333
          ],
          [
            0.004985,
            -0.001481,
            0.001575
          ],
          [
            0.002561,
            0.010698,
            -0.005314
          ],
          [
            -0.020958,
            -0.012202,
            -0.020644
          ],
          [
            -0.002561,
            -0.010698,
            -0.005314
          ],
          [
            0.020958,
            0.012202,
            -0.020644
          ],
          [
            -0.004083,
            0.071131,
            0.067333
          ],
          [
            -0.004985,
            0.001481,
            0.001575
          ],
          [
            0.004083,
            0.071131,
            0.067333
          ],
          [
            0.004985,
            0.001481,
            0.001575
          ],
          [
            0.002561,
            -0.010698,
            -0.005314
          ],
          [
            -0.020958,
            0.012202,
            -0.020644
          ],
          [
            -0.001761,
            0.0,
            -0.116354
          ],
          [
            0.001761,
            0.0,
            -0.116354
          ]
        ],
        "Lattice": [
          [
            15.96,
            0.0,
            0.0
          ],
          [
            0.0,
            11.285421372,
            0.0
          ],
          [
            0.0,
            0.0,
            19.881450655
          ]
        ],
        "NumAtoms": 82,
        "Positions": [
          [
            0.0,
            2.82136,
            0.0
          ],
          [
            0.0,
            8.46407,
            0.0
          ],
          [
            7.98,
            2.82136,
            0.0
          ],
          [
            7.98,
            8.46407,
            0.0
          ],
          [
            3.99,
            2.82136,
            0.0
          ],
          [
            3.99,
            8.46407,
            0.0
          ],
          [
            11.97,
            2.82136,
            0.0
          ],
          [
            11.97,
            8.46407,
            0.0
          ],
          [
            0.0,
            0.0,
            0.0
          ],
          [
            0.0,
            5.64271,
            0.0
          ],
          [
            7.98,
            0.0,
            0.0
          ],
          [
            7.98,
            5.64271,
            0.0
          ],
          [
            3.99,
            0.0,
            0.0
          ],
          [
            3.99,
            5.64271,
            0.0
          ],
          [
            11.97,
            0.0,
            0.0
          ],
          [
            11.97,
            5.64271,
            0.0
          ],
          [
            1.995,
            4.23203,
            1.41067
          ],
          [
            1.995,
            9.87474,
            1.41067
          ],
          [
            9.975,
            4.23203,
            1.41067
          ],
          [
            9.975,
            9.87474,
            1.41067
          ],
          [
            5.985,
            4.23203,
            1.41067
          ],
          [
            5.985,
            9.87474,
            1.41067
          ],
          [
            13.965,
            4.23203,
            1.41067
          ],
          [
            13.965,
            9.87474,
            1.41067
          ],
          [
            1.995,
            1.41068,
            1.41067
          ],
          [
            1.995,
            7.05339,
            1.41067
          ],
          [
            9.975,
            1.41068,
            1.41067
          ],
          [
            9.975,
            7.05339,
            1.41067
          ],
          [
            5.985,
            1.41068,
            1.41067
          ],
          [
            5.985,
            7.05339,
            1.41067
          ],
          [
            13.965,
            1.41068,
            1.41067
          ],
          [
            13.965,
            7.05339,
            1.41067
          ],
          [
            -0.00042,
            -0.00489,
            2.77616
          ],
          [
            0.00377,
            5.64521,
            2.78042
          ],
          [
            7.97459,
            -0.02014,
            2.8301
          ],
          [
            7.97408,
            5.65238,
            2.7796
          ],
          [
            3.99541,
            -0.02014,
            2.8301
          ],
          [
            3.99592,
            5.65238,
            2.7796
          ],
          [
            11.97042,
            -0.00489,
            2.77616
          ],
          [
            11.96623,
            5.64521,
            2.78042
          ],
          [
            -0.00042,
            2.82624,
            2.77616
          ],
          [
            0.00377,
            8.46157,
            2.78042
          ],
          [
            7.97459,
            2.8415,
            2.8301
          ],
          [
            7.97408,
            8.4544,
            2.7796
          ],
          [
            3.99541,
            2.8415,
            2.8301
          ],
          [
            3.99592,
            8.4544,
            2.7796
          ],
          [
            11.97042,
            2.82624,
            2.77616
          ],
          [
            11.96623,
            8.46157,
            2.78042
          ],
          [
            2.02992,
            4.21136,
            4.33423
          ],
          [
            2.02992,
            9.8954,
            4.33423
          ],
          [
            9.94008,
            4.21136,
            4.33423
          ],
          [
            9.94008,
            9.8954,
            4.33423
          ],
          [
            5.985,
            4.19953,
            4.34027
          ],
          [
            5.985,
            9.90723,
            4.34027
          ],
          [
            13.965,
            4.23387,
            4.32722
          ],
          [
            13.965,
            9.87289,
            4.32722
          ],
          [
            2.0105,
            1.41068,
            4.26134
          ],
          [
            2.01621,
            7.05339,
            4.34086
          ],
          [
            9.9595,
            1.41068,
            4.26134
          ],
          [
            9.95379,
            7.05339,
            4.34086
          ],
          [
            5.985,
            1.41068,
            4.23433
          ],
          [
            5.985,
            7.05339,
            4.35352
          ],
          [
            13.965,
            1.41068,
            4.31871
          ],
          [
            13.965,
            7.05339,
            4.34235
          ],
          [
            0.01023,
            2.80776,
            5.48236
          ],
          [
            0.02113,
            8.48043,
            5.47951
          ],
          [
            7.973,
            2.82635,
            5.65707
          ],
          [
            7.96262,
            8.49096,
            5.50507
          ],
          [
            3.997,
            2.82635,
            5.65707
          ],
          [
            4.00738,
            8.49096,
            5.50507
          ],
          [
            11.95977,
            2.80776,
            5.48236
          ],
          [
            11.94887,
            8.48043,
            5.47951
          ],
          [
            0.01023,
            0.0136,
            5.48236
          ],
          [
            0.02113,
            5.62634,
            5.47951
          ],
          [
            7.973,
            -0.005,
            5.65707
          ],
          [
            7.96262,
            5.61582,
            5.50507
          ],
          [
            3.997,
            -0.005,
            5.65707
          ],
          [
            4.00738,
            5.61582,
            5.50507
          ],
          [
            11.95977,
            0.0136,
            5.48236
          ],
          [
            11.94887,
            5.62634,
            5.47951
          ],
          [
            4.00399,
            1.41068,
            7.00363
          ],
          [
            7.96601,
            1.41068,
            7.00363
          ]
        ],
        "Stress": [
          [
            -17.93291,
            0.0,
            0.0
          ],
          [
            0.0,
            -39.74769,
            0.0
          ],
          [
            0.0,
            0.0,
            -9.70092
          ]
        ],
        "computation_code": "VASP",
        "pseudopotential_information": [
          [
            "PAW_PBE",
            "Pt",
            "04Feb2005"
          ],
          [
            "PAW_PBE",
            "O",
            "08Apr2002"
          ]
        ]
      }
    ],
    "EnergyStyle": "electronvolt",
    "ForcesStyle": "electronvoltperangstrom",
    "LatticeStyle": "angstrom",
    "PositionsStyle": "angstrom",
    "StressStyle": "kB"
  }
}