{
  "Dataset": {
    "AtomTypeStyle": "chemicalsymbol",
    "Data": [
      {
        "AtomTypes": [
          "Pt",
          "Pt",
          "Pt",
          "Pt",
          "Pt",
          "Pt",
          "Pt",
          "Pt",
          "Pt",
          "Pt",
          "Pt",
          "Pt",
          "Pt",
          "Pt",
          "Pt",
          "Pt",
          "Pt",
          "Pt",
          "Pt",
          "Pt",
          "Pt",
          "Pt",
          "Pt",
          "Pt",
          "Pt",
          "Pt",
          "Pt",
          "Pt",
          "Pt",
          "Pt",
          "Pt",
          "Pt",
          "Pt",
          "Pt",
          "Pt",
          "Pt",
          "Pt",
          "Pt",
          "Pt",
          "Pt",
          "Pt",
          "Pt",
          "Pt",
          "Pt",
          "Pt",
          "Pt",
          "Pt",
          "Pt",
          "Pt",
          "Pt",
          "Pt",
          "Pt",
          "Pt",
          "Pt",
          "Pt",
          "Pt",
          "Pt",
          "Pt",
          "Pt",
          "Pt",
          "Pt",
          "Pt",
          "Pt",
          "Pt",
          "Pt",
          "Pt",
          "Pt",
          "Pt",
          "Pt",
          "Pt",
          "Pt",
          "Pt",
          "Pt",
          "Pt",
          "Pt",
          "Pt",
          "Pt",
          "Pt",
          "Pt",
          "Pt",
          "O",
          "O",
          "O",
          "O",
          "O",
          "O",
          "O",
          "O",
          "O",
          "O",
          "O",
          "O",
          "O"
        ],
        "Energy": -471.8551887,
        "Forces": [
          [
            0.0,
            -0.042718,
            0.822752
          ],
          [
            0.0,
            -0.03839,
            0.754357
          ],
          [
            0.0,
            0.016252,
            0.835038
          ],
          [
            0.0,
            0.012705,
            0.936881
          ],
          [
            -0.008326,
            0.011951,
            0.788569
          ],
          [
            0.008054,
            -0.047468,
            0.699518
          ],
          [
            0.008326,
            0.011951,
            0.788569
          ],
          [
            -0.008054,
            -0.047468,
            0.699518
          ],
          [
            0.0,
            0.03839,
            0.754357
          ],
          [
            0.0,
            0.042718,
            0.822752
          ],
          [
            0.0,
            -0.012705,
            0.936881
          ],
          [
            0.0,
            -0.016252,
            0.835038
          ],
          [
            0.008054,
            0.047468,
            0.699518
          ],
          [
            -0.008326,
            -0.011951,
            0.788569
          ],
          [
            -0.008054,
            0.047468,
            0.699518
          ],
          [
            0.008326,
            -0.011951,
            0.788569
          ],
          [
            -0.02385,
            -0.0,
            -0.719947
          ],
          [
            -0.083376,
            -0.0,
            -0.707115
          ],
          [
            0.033823,
            -0.0,
            -0.72687
          ],
          [
            -0.012619,
            -0.0,
            -0.748129
          ],
          [
            -0.033823,
            -0.0,
            -0.72687
          ],
          [
            0.012619,
            -0.0,
            -0.748129
          ],
          [
            0.02385,
            -0.0,
            -0.719947
          ],
          [
            0.083376,
            -0.0,
            -0.707115
          ],
          [
            -0.017536,
            0.02551,
            -0.95852
          ],
          [
            -0.017536,
            -0.02551,
            -0.95852
          ],
          [
            0.033675,
            -0.045294,
            -0.877776
          ],
          [
            0.033675,
            0.045294,
            -0.877776
          ],
          [
            -0.033675,
            -0.045294,
            -0.877776
          ],
          [
            -0.033675,
            0.045294,
            -0.877776
          ],
          [
            0.017536,
            0.02551,
            -0.95852
          ],
          [
            0.017536,
            -0.02551,
            -0.95852
          ],
          [
            0.0,
            0.038354,
            0.007929
          ],
          [
            0.0,
            -0.055738,
            0.013487
          ],
          [
            0.0,
            0.142984,
            -0.113309
          ],
          [
            0.0,
            -0.049613,
            0.054364
          ],
          [
            0.07187,
            -0.017232,
            0.064768
          ],
          [
            -0.025668,
            -0.027889,
            -0.002226
          ],
          [
            -0.07187,
            -0.017232,
            0.064768
          ],
          [
            0.025668,
            -0.027889,
            -0.002226
          ],
          [
            0.0,
            0.055738,
            0.013487
          ],
          [
            0.0,
            -0.038354,
            0.007929
          ],
          [
            0.0,
            0.049613,
            0.054364
          ],
          [
            0.0,
            -0.142984,
            -0.113309
          ],
          [
            -0.025668,
            0.027889,
            -0.002226
          ],
          [
            0.07187,
            0.017232,
            0.064768
          ],
          [
            0.025668,
            0.027889,
            -0.002226
          ],
          [
            -0.07187,
            0.017232,
            0.064768
          ],
          [
            -0.006181,
            -0.0,
            0.045487
          ],
          [
            -0.007242,
            -0.0,
            -0.089152
          ],
          [
            -0.022031,
            -0.0,
            0.030686
          ],
          [
            0.138646,
            -0.0,
            -0.052674
          ],
          [
            0.022031,
            -0.0,
            0.030686
          ],
          [
            -0.138646,
            -0.0,
            -0.052674
          ],
          [
            0.006181,
            -0.0,
            0.045487
          ],
          [
            0.007242,
            -0.0,
            -0.089152
          ],
          [
            0.010695,
            0.02761,
            0.006213
          ],
          [
            0.010695,
            -0.02761,
            0.006213
          ],
          [
            -0.004392,
            0.018208,
            -0.003465
          ],
          [
            -0.004392,
            -0.018208,
            -0.003465
          ],
          [
            0.004392,
            0.018208,
            -0.003465
          ],
          [
            0.004392,
            -0.018208,
            -0.003465
          ],
          [
            -0.010695,
            0.02761,
            0.006213
          ],
          [
            -0.010695,
            -0.02761,
            0.006213
          ],
          [
            0.0,
            -0.047646,
            0.028328
          ],
          [
            0.0,
            0.067603,
            -0.190263
          ],
          [
            0.0,
            0.009398,
            -0.035605
          ],
          [
            0.0,
            -0.057268,
            0.05558
          ],
          [
            -0.007997,
            -0.098973,
            0.013111
          ],
          [
            0.059055,
            0.077851,
            -0.196513
          ],
          [
            0.007997,
            -0.098973,
            0.013111
          ],
          [
            -0.059055,
            0.077851,
            -0.196513
          ],
          [
            0.0,
            -0.067603,
            -0.190263
          ],
          [
            0.0,
            0.047646,
            0.028328
          ],
          [
            0.0,
            0.057268,
            0.05558
          ],
          [
            0.0,
            -0.009398,
            -0.035605
          ],
          [
            0.059055,
            -0.077851,
            -0.196513
          ],
          [
            -0.007997,
            0.098973,
            0.013111
          ],
          [
            -0.059055,
            -0.077851,
            -0.196513
          ],
          [
            0.007997,
            0.098973,
            0.013111
          ],
          [
            0.003487,
            -0.0,
            0.176967
          ],
          [
            -0.003487,
            -0.0,
            0.176967
          ],
          [
            0.0,
            -0.0,
            0.002618
          ],
          [
            0.0,
            -0.0,
            0.138743
          ],
          [
            0.0,
            0.108365,
            0.17539
          ],
          [
            -0.025975,
            0.08766,
            0.127291
          ],
          [
            0.0,
            0.035173,
            0.02924
          ],
          [
            0.025975,
            0.08766,
            0.127291
          ],
          [
            0.0,
            -0.108365,
            0.17539
          ],
          [
            -0.025975,
            -0.08766,
            0.127291
          ],
          [
            0.0,
            -0.035173,
            0.02924
          ],
          [
            0.025975,
            -0.08766,
            0.127291
          ],
          [
            0.0,
            -0.0,
            0.047912
          ]
        ],
        "Lattice": [
          [
            15.96,
            0.0,
            0.0
          ],
          [
            0.0,
            11.285421372,
            0.0
          ],
          [
            0.0,
            0.0,
            19.881450655
          ]
        ],
        "NumAtoms": 93,
        "Positions": [
          [
            0.0,
            2.82136,
            0.0
          ],
          [
            0.0,
            8.46407,
            0.0
          ],
          [
            7.98,
            2.82136,
            0.0
          ],
          [
            7.98,
            8.46407,
            0.0
          ],
          [
            3.99,
            2.82136,
            0.0
          ],
          [
            3.99,
            8.46407,
            0.0
          ],
          [
            11.97,
            2.82136,
            0.0
          ],
          [
            11.97,
            8.46407,
            0.0
          ],
          [
            0.0,
            0.0,
            0.0
          ],
          [
            0.0,
            5.64271,
            0.0
          ],
          [
            7.98,
            0.0,
            0.0
          ],
          [
            7.98,
            5.64271,
            0.0
          ],
          [
            3.99,
            0.0,
            0.0
          ],
          [
            3.99,
            5.64271,
            0.0
          ],
          [
            11.97,
            0.0,
            0.0
          ],
          [
            11.97,
            5.64271,
            0.0
          ],
          [
            1.995,
            4.23203,
            1.41067
          ],
          [
            1.995,
            9.87474,
            1.41067
          ],
          [
            9.975,
            4.23203,
            1.41067
          ],
          [
            9.975,
            9.87474,
            1.41067
          ],
          [
            5.985,
            4.23203,
            1.41067
          ],
          [
            5.985,
            9.87474,
            1.41067
          ],
          [
            13.965,
            4.23203,
            1.41067
          ],
          [
            13.965,
            9.87474,
            1.41067
          ],
          [
            1.995,
            1.41068,
            1.41067
          ],
          [
            1.995,
            7.05339,
            1.41067
          ],
          [
            9.975,
            1.41068,
            1.41067
          ],
          [
            9.975,
            7.05339,
            1.41067
          ],
          [
            5.985,
            1.41068,
            1.41067
          ],
          [
            5.985,
            7.05339,
            1.41067
          ],
          [
            13.965,
            1.41068,
            1.41067
          ],
          [
            13.965,
            7.05339,
            1.41067
          ],
          [
            -0.0,
            -0.03,
            2.82477
          ],
          [
            -0.0,
            5.65296,
            2.83614
          ],
          [
            7.98,
            -0.01895,
            2.85691
          ],
          [
            7.98,
            5.65047,
            2.82668
          ],
          [
            3.9682,
            -0.01787,
            2.81148
          ],
          [
            3.99363,
            5.65319,
            2.83972
          ],
          [
            11.9918,
            -0.01787,
            2.81148
          ],
          [
            11.96637,
            5.65319,
            2.83972
          ],
          [
            -0.0,
            2.81111,
            2.83614
          ],
          [
            -0.0,
            8.49407,
            2.82477
          ],
          [
            7.98,
            2.81359,
            2.82668
          ],
          [
            7.98,
            8.48302,
            2.85691
          ],
          [
            3.99363,
            2.81088,
            2.83972
          ],
          [
            3.9682,
            8.48193,
            2.81148
          ],
          [
            11.96637,
            2.81088,
            2.83972
          ],
          [
            11.9918,
            8.48193,
            2.81148
          ],
          [
            1.99877,
            4.23203,
            4.26179
          ],
          [
            2.00245,
            9.87474,
            4.38439
          ],
          [
            9.99145,
            4.23203,
            4.25582
          ],
          [
            9.99006,
            9.87474,
            4.2924
          ],
          [
            5.96855,
            4.23203,
            4.25582
          ],
          [
            5.96994,
            9.87474,
            4.2924
          ],
          [
            13.96123,
            4.23203,
            4.26179
          ],
          [
            13.95755,
            9.87474,
            4.38439
          ],
          [
            1.99196,
            1.42744,
            4.25021
          ],
          [
            1.99196,
            7.03664,
            4.25021
          ],
          [
            9.96302,
            1.41895,
            4.25153
          ],
          [
            9.96302,
            7.04513,
            4.25153
          ],
          [
            5.99698,
            1.41895,
            4.25153
          ],
          [
            5.99698,
            7.04513,
            4.25153
          ],
          [
            13.96804,
            1.42744,
            4.25021
          ],
          [
            13.96804,
            7.03664,
            4.25021
          ],
          [
            -0.0,
            2.79733,
            5.72632
          ],
          [
            -0.0,
            8.49324,
            5.59538
          ],
          [
            7.98,
            2.82653,
            5.6759
          ],
          [
            7.98,
            8.48036,
            5.67925
          ],
          [
            3.98955,
            2.79746,
            5.72729
          ],
          [
            4.01529,
            8.49702,
            5.59865
          ],
          [
            11.97045,
            2.79746,
            5.72729
          ],
          [
            11.94471,
            8.49702,
            5.59865
          ],
          [
            -0.0,
            -0.02917,
            5.59538
          ],
          [
            -0.0,
            5.66674,
            5.72632
          ],
          [
            7.98,
            -0.01629,
            5.67925
          ],
          [
            7.98,
            5.63754,
            5.6759
          ],
          [
            4.01529,
            -0.03295,
            5.59865
          ],
          [
            3.98955,
            5.66661,
            5.72729
          ],
          [
            11.94471,
            -0.03295,
            5.59865
          ],
          [
            11.97045,
            5.66661,
            5.72729
          ],
          [
            3.99379,
            4.23203,
            7.03865
          ],
          [
            11.96621,
            4.23203,
            7.03865
          ],
          [
            7.98,
            4.23203,
            7.03355
          ],
          [
            -0.0,
            4.23203,
            7.03941
          ],
          [
            -0.0,
            1.24201,
            7.00441
          ],
          [
            3.97884,
            1.24485,
            7.00265
          ],
          [
            7.98,
            1.40886,
            7.02174
          ],
          [
            11.98116,
            1.24485,
            7.00265
          ],
          [
            -0.0,
            7.22206,
            7.00441
          ],
          [
            3.97884,
            7.21922,
            7.00265
          ],
          [
            7.98,
            7.0552,
            7.02174
          ],
          [
            11.98116,
            7.21922,
            7.00265
          ],
          [
            7.98,
            9.87474,
            7.04988
          ]
        ],
        "Stress": [
          [
            -30.21734,
            0.0,
            0.0
          ],
          [
            0.0,
            -40.34704,
            0.0
          ],
          [
            0.0,
            0.0,
            -10.35335
          ]
        ],
        "computation_code": "VASP",
        "pseudopotential_information": [
          [
            "PAW_PBE",
            "Pt",
            "04Feb2005"
          ],
          [
            "PAW_PBE",
            "O",
            "08Apr2002"
          ]
        ]
      }
    ],
    "EnergyStyle": "electronvolt",
    "ForcesStyle": "electronvoltperangstrom",
    "LatticeStyle": "angstrom",
    "PositionsStyle": "angstrom",
    "StressStyle": "kB"
  }
}