{
  "Dataset": {
    "AtomTypeStyle": "chemicalsymbol",
    "Data": [
      {
        "AtomTypes": [
          "Pt",
          "Pt",
          "Pt",
          "Pt",
          "Pt",
          "Pt",
          "Pt",
          "Pt",
          "Pt",
          "Pt",
          "Pt",
          "Pt",
          "Pt",
          "Pt",
          "Pt",
          "Pt",
          "Pt",
          "Pt",
          "Pt",
          "Pt",
          "Pt",
          "Pt",
          "Pt",
          "Pt",
          "Pt",
          "Pt",
          "Pt",
          "Pt",
          "Pt",
          "Pt",
          "Pt",
          "Pt",
          "Pt",
          "Pt",
          "Pt",
          "Pt",
          "Pt",
          "Pt",
          "Pt",
          "Pt",
          "Pt",
          "Pt",
          "Pt",
          "Pt",
          "Pt",
          "Pt",
          "Pt",
          "Pt",
          "Pt",
          "Pt",
          "Pt",
          "Pt",
          "Pt",
          "Pt",
          "Pt",
          "Pt",
          "Pt",
          "Pt",
          "Pt",
          "Pt",
          "Pt",
          "Pt",
          "Pt",
          "Pt",
          "Pt",
          "Pt",
          "Pt",
          "Pt",
          "Pt",
          "Pt",
          "Pt",
          "Pt",
          "Pt",
          "Pt",
          "Pt",
          "Pt",
          "Pt",
          "Pt",
          "Pt",
          "Pt",
          "O",
          "O",
          "O",
          "O",
          "O",
          "O",
          "O",
          "O",
          "O",
          "O",
          "O"
        ],
        "Energy": -461.54550841,
        "Forces": [
          [
            0.002785,
            -0.020078,
            0.827049
          ],
          [
            0.001244,
            0.019769,
            0.724725
          ],
          [
            0.010094,
            -0.003815,
            0.814592
          ],
          [
            0.002326,
            0.010682,
            0.813624
          ],
          [
            -0.004259,
            0.036789,
            0.739378
          ],
          [
            -0.004486,
            -0.018616,
            0.829145
          ],
          [
            0.000266,
            0.01106,
            0.857712
          ],
          [
            -0.008091,
            0.030938,
            0.743255
          ],
          [
            0.002785,
            0.020078,
            0.827049
          ],
          [
            0.001244,
            -0.019769,
            0.724725
          ],
          [
            0.010094,
            0.003815,
            0.814592
          ],
          [
            0.002326,
            -0.010682,
            0.813624
          ],
          [
            -0.004259,
            -0.036789,
            0.739378
          ],
          [
            -0.004486,
            0.018616,
            0.829145
          ],
          [
            0.000266,
            -0.01106,
            0.857712
          ],
          [
            -0.008091,
            -0.030938,
            0.743255
          ],
          [
            0.000268,
            0.002804,
            -0.931284
          ],
          [
            0.000268,
            -0.002804,
            -0.931284
          ],
          [
            0.018155,
            -0.023382,
            -0.968547
          ],
          [
            0.018155,
            0.023382,
            -0.968547
          ],
          [
            -0.013506,
            0.026141,
            -0.948021
          ],
          [
            -0.013506,
            -0.026141,
            -0.948021
          ],
          [
            -0.002931,
            -0.047908,
            -0.896923
          ],
          [
            -0.002931,
            0.047908,
            -0.896923
          ],
          [
            -0.089015,
            0.0,
            -0.613855
          ],
          [
            0.146853,
            0.0,
            -0.654499
          ],
          [
            0.081326,
            0.0,
            -0.599334
          ],
          [
            -0.056488,
            0.0,
            -0.613914
          ],
          [
            0.039418,
            0.0,
            -0.590227
          ],
          [
            -0.063887,
            0.0,
            -0.618792
          ],
          [
            -0.038025,
            0.0,
            -0.569652
          ],
          [
            -0.018132,
            0.0,
            -0.635509
          ],
          [
            0.007799,
            0.003007,
            0.003841
          ],
          [
            0.002631,
            -0.001345,
            0.00037
          ],
          [
            0.006506,
            0.005787,
            -0.010623
          ],
          [
            -0.003899,
            0.003877,
            -0.015797
          ],
          [
            -0.000574,
            -0.012511,
            0.007246
          ],
          [
            -0.004973,
            -0.000267,
            0.017935
          ],
          [
            -0.005542,
            0.005069,
            -0.001949
          ],
          [
            -0.001377,
            -0.008597,
            0.008762
          ],
          [
            0.007799,
            -0.003007,
            0.003841
          ],
          [
            0.002631,
            0.001345,
            0.00037
          ],
          [
            0.006506,
            -0.005787,
            -0.010623
          ],
          [
            -0.003899,
            -0.003877,
            -0.015797
          ],
          [
            -0.000574,
            0.012511,
            0.007246
          ],
          [
            -0.004973,
            0.000267,
            0.017935
          ],
          [
            -0.005542,
            -0.005069,
            -0.001949
          ],
          [
            -0.001377,
            0.008597,
            0.008762
          ],
          [
            -0.002495,
            0.005152,
            0.013892
          ],
          [
            -0.002495,
            -0.005152,
            0.013892
          ],
          [
            0.013771,
            0.010236,
            -0.000842
          ],
          [
            0.013771,
            -0.010236,
            -0.000842
          ],
          [
            -0.016249,
            0.000297,
            -0.011481
          ],
          [
            -0.016249,
            -0.000297,
            -0.011481
          ],
          [
            0.003332,
            0.003856,
            0.004409
          ],
          [
            0.003332,
            -0.003856,
            0.004409
          ],
          [
            0.023555,
            0.0,
            0.010491
          ],
          [
            -0.016267,
            0.0,
            0.024781
          ],
          [
            -0.018686,
            0.0,
            0.008735
          ],
          [
            0.010054,
            0.0,
            -0.000446
          ],
          [
            -0.00959,
            0.0,
            -0.006444
          ],
          [
            0.015793,
            0.0,
            0.01365
          ],
          [
            -0.002475,
            0.0,
            0.006039
          ],
          [
            -0.001349,
            0.0,
            0.002948
          ],
          [
            -0.004473,
            0.002048,
            0.006628
          ],
          [
            -0.002654,
            0.011903,
            -0.001796
          ],
          [
            -0.000942,
            -0.025204,
            -0.071844
          ],
          [
            0.005361,
            -0.030676,
            -0.065625
          ],
          [
            -0.00412,
            0.008405,
            -0.016299
          ],
          [
            -0.004284,
            0.004458,
            0.006482
          ],
          [
            0.010276,
            -0.000444,
            0.031881
          ],
          [
            0.00201,
            0.003068,
            -0.023843
          ],
          [
            -0.004473,
            -0.002048,
            0.006628
          ],
          [
            -0.002654,
            -0.011903,
            -0.001796
          ],
          [
            -0.000942,
            0.025204,
            -0.071844
          ],
          [
            0.005361,
            0.030676,
            -0.065625
          ],
          [
            -0.00412,
            -0.008405,
            -0.016299
          ],
          [
            -0.004284,
            -0.004458,
            0.006482
          ],
          [
            0.010276,
            0.000444,
            0.031881
          ],
          [
            0.00201,
            -0.003068,
            -0.023843
          ],
          [
            -0.001624,
            -0.002744,
            -0.004413
          ],
          [
            -0.001624,
            0.002744,
            -0.004413
          ],
          [
            0.018387,
            -0.009366,
            -0.023211
          ],
          [
            0.018387,
            0.009366,
            -0.023211
          ],
          [
            -0.00466,
            0.003614,
            0.014702
          ],
          [
            -0.00466,
            -0.003614,
            0.014702
          ],
          [
            -0.016313,
            0.001405,
            -0.031741
          ],
          [
            -0.016313,
            -0.001405,
            -0.031741
          ],
          [
            0.003618,
            0.0,
            -0.016715
          ],
          [
            -0.000481,
            0.0,
            -0.022306
          ],
          [
            -0.001734,
            0.0,
            -0.007728
          ]
        ],
        "Lattice": [
          [
            15.96,
            0.0,
            0.0
          ],
          [
            0.0,
            11.285421372,
            0.0
          ],
          [
            0.0,
            0.0,
            19.881450655
          ]
        ],
        "NumAtoms": 91,
        "Positions": [
          [
            0.0,
            2.82136,
            0.0
          ],
          [
            0.0,
            8.46407,
            0.0
          ],
          [
            7.98,
            2.82136,
            0.0
          ],
          [
            7.98,
            8.46407,
            0.0
          ],
          [
            3.99,
            2.82136,
            0.0
          ],
          [
            3.99,
            8.46407,
            0.0
          ],
          [
            11.97,
            2.82136,
            0.0
          ],
          [
            11.97,
            8.46407,
            0.0
          ],
          [
            0.0,
            0.0,
            0.0
          ],
          [
            0.0,
            5.64271,
            0.0
          ],
          [
            7.98,
            0.0,
            0.0
          ],
          [
            7.98,
            5.64271,
            0.0
          ],
          [
            3.99,
            0.0,
            0.0
          ],
          [
            3.99,
            5.64271,
            0.0
          ],
          [
            11.97,
            0.0,
            0.0
          ],
          [
            11.97,
            5.64271,
            0.0
          ],
          [
            1.995,
            4.23203,
            1.41067
          ],
          [
            1.995,
            9.87474,
            1.41067
          ],
          [
            9.975,
            4.23203,
            1.41067
          ],
          [
            9.975,
            9.87474,
            1.41067
          ],
          [
            5.985,
            4.23203,
            1.41067
          ],
          [
            5.985,
            9.87474,
            1.41067
          ],
          [
            13.965,
            4.23203,
            1.41067
          ],
          [
            13.965,
            9.87474,
            1.41067
          ],
          [
            1.995,
            1.41068,
            1.41067
          ],
          [
            1.995,
            7.05339,
            1.41067
          ],
          [
            9.975,
            1.41068,
            1.41067
          ],
          [
            9.975,
            7.05339,
            1.41067
          ],
          [
            5.985,
            1.41068,
            1.41067
          ],
          [
            5.985,
            7.05339,
            1.41067
          ],
          [
            13.965,
            1.41068,
            1.41067
          ],
          [
            13.965,
            7.05339,
            1.41067
          ],
          [
            0.0032,
            -8e-05,
            2.85708
          ],
          [
            -0.00556,
            5.66083,
            2.81838
          ],
          [
            7.97252,
            0.01105,
            2.83516
          ],
          [
            7.98321,
            5.65446,
            2.83509
          ],
          [
            3.99709,
            0.01853,
            2.81994
          ],
          [
            3.99,
            5.64476,
            2.86127
          ],
          [
            11.9694,
            0.00269,
            2.85811
          ],
          [
            11.9719,
            5.66381,
            2.82008
          ],
          [
            0.0032,
            2.82143,
            2.85708
          ],
          [
            -0.00556,
            8.44595,
            2.81838
          ],
          [
            7.97252,
            2.81031,
            2.83516
          ],
          [
            7.98321,
            8.45232,
            2.83509
          ],
          [
            3.99709,
            2.80283,
            2.81994
          ],
          [
            3.99,
            8.46202,
            2.86127
          ],
          [
            11.9694,
            2.81866,
            2.85811
          ],
          [
            11.9719,
            8.44296,
            2.82008
          ],
          [
            1.9992,
            4.23092,
            4.24771
          ],
          [
            1.9992,
            9.87585,
            4.24771
          ],
          [
            9.99358,
            4.21522,
            4.24615
          ],
          [
            9.99358,
            9.89154,
            4.24615
          ],
          [
            5.96303,
            4.24622,
            4.25307
          ],
          [
            5.96303,
            9.86055,
            4.25307
          ],
          [
            13.96687,
            4.19715,
            4.25473
          ],
          [
            13.96687,
            9.90962,
            4.25473
          ],
          [
            1.96857,
            1.41068,
            4.31291
          ],
          [
            2.02438,
            7.05339,
            4.31034
          ],
          [
            9.99314,
            1.41068,
            4.32073
          ],
          [
            9.96491,
            7.05339,
            4.36258
          ],
          [
            5.99185,
            1.41068,
            4.3736
          ],
          [
            5.96395,
            7.05339,
            4.32305
          ],
          [
            13.96658,
            1.41068,
            4.30195
          ],
          [
            13.96787,
            7.05339,
            4.36105
          ],
          [
            -0.01407,
            2.84962,
            5.7934
          ],
          [
            0.0389,
            8.43358,
            5.58293
          ],
          [
            8.00669,
            2.7903,
            5.64334
          ],
          [
            7.95012,
            8.43367,
            5.64505
          ],
          [
            3.96018,
            2.78309,
            5.59653
          ],
          [
            3.99595,
            8.49186,
            5.80893
          ],
          [
            11.97884,
            2.84863,
            5.79846
          ],
          [
            11.96751,
            8.44687,
            5.58381
          ],
          [
            -0.01407,
            -0.02827,
            5.7934
          ],
          [
            0.0389,
            5.67319,
            5.58293
          ],
          [
            8.00669,
            0.03106,
            5.64334
          ],
          [
            7.95012,
            5.6731,
            5.64505
          ],
          [
            3.96018,
            0.03826,
            5.59653
          ],
          [
            3.99595,
            5.61491,
            5.80893
          ],
          [
            11.97884,
            -0.02727,
            5.79846
          ],
          [
            11.96751,
            5.65991,
            5.58381
          ],
          [
            4.00469,
            4.02878,
            7.04118
          ],
          [
            4.00469,
            10.07799,
            7.04118
          ],
          [
            11.99838,
            4.428,
            7.0431
          ],
          [
            11.99838,
            9.67878,
            7.0431
          ],
          [
            7.97686,
            4.22957,
            6.94708
          ],
          [
            7.97686,
            9.87721,
            6.94708
          ],
          [
            -0.04579,
            4.43183,
            7.03164
          ],
          [
            -0.04579,
            9.67495,
            7.03164
          ],
          [
            -0.01341,
            1.41068,
            7.11169
          ],
          [
            11.9896,
            1.41068,
            7.11665
          ],
          [
            3.98582,
            7.05339,
            7.12815
          ]
        ],
        "Stress": [
          [
            -32.5774,
            0.0,
            -0.01053
          ],
          [
            0.0,
            -46.40817,
            0.0
          ],
          [
            -0.01053,
            0.0,
            -12.26054
          ]
        ],
        "computation_code": "VASP",
        "pseudopotential_information": [
          [
            "PAW_PBE",
            "Pt",
            "04Feb2005"
          ],
          [
            "PAW_PBE",
            "O",
            "08Apr2002"
          ]
        ]
      }
    ],
    "EnergyStyle": "electronvolt",
    "ForcesStyle": "electronvoltperangstrom",
    "LatticeStyle": "angstrom",
    "PositionsStyle": "angstrom",
    "StressStyle": "kB"
  }
}