{
  "Dataset": {
    "AtomTypeStyle": "chemicalsymbol",
    "Data": [
      {
        "AtomTypes": [
          "Pt",
          "Pt",
          "Pt",
          "Pt",
          "Pt",
          "Pt",
          "Pt",
          "Pt",
          "Pt",
          "Pt",
          "Pt",
          "Pt",
          "Pt",
          "Pt",
          "Pt",
          "Pt",
          "Pt",
          "Pt",
          "Pt",
          "Pt",
          "Pt",
          "Pt",
          "Pt",
          "Pt",
          "Pt",
          "Pt",
          "Pt",
          "Pt",
          "Pt",
          "Pt",
          "Pt",
          "Pt",
          "Pt",
          "Pt",
          "Pt",
          "Pt",
          "Pt",
          "Pt",
          "Pt",
          "Pt",
          "Pt",
          "Pt",
          "Pt",
          "Pt",
          "Pt",
          "Pt",
          "Pt",
          "Pt",
          "Pt",
          "Pt",
          "Pt",
          "Pt",
          "Pt",
          "Pt",
          "Pt",
          "Pt",
          "Pt",
          "Pt",
          "Pt",
          "Pt",
          "Pt",
          "Pt",
          "Pt",
          "Pt",
          "Pt",
          "Pt",
          "Pt",
          "Pt",
          "Pt",
          "Pt",
          "Pt",
          "Pt",
          "Pt",
          "Pt",
          "Pt",
          "Pt",
          "Pt",
          "Pt",
          "Pt",
          "Pt",
          "O",
          "O",
          "O",
          "O",
          "O",
          "O",
          "O",
          "O",
          "O",
          "O",
          "O",
          "O",
          "O",
          "O",
          "O",
          "O",
          "O"
        ],
        "Energy": -490.91764661,
        "Forces": [
          [
            0.023201,
            -0.0,
            0.883413
          ],
          [
            -0.016525,
            -0.0,
            0.857208
          ],
          [
            -0.015885,
            -0.0,
            0.823065
          ],
          [
            0.00566,
            -0.0,
            0.88979
          ],
          [
            -0.023201,
            -0.0,
            0.883413
          ],
          [
            0.016525,
            -0.0,
            0.857208
          ],
          [
            0.015885,
            -0.0,
            0.823065
          ],
          [
            -0.00566,
            -0.0,
            0.88979
          ],
          [
            -0.005624,
            0.010933,
            0.85411
          ],
          [
            -0.005624,
            -0.010933,
            0.85411
          ],
          [
            0.007751,
            0.003684,
            0.82687
          ],
          [
            0.007751,
            -0.003684,
            0.82687
          ],
          [
            0.005624,
            0.010933,
            0.85411
          ],
          [
            0.005624,
            -0.010933,
            0.85411
          ],
          [
            -0.007751,
            0.003684,
            0.82687
          ],
          [
            -0.007751,
            -0.003684,
            0.82687
          ],
          [
            0.0,
            -0.138606,
            -0.637359
          ],
          [
            0.0,
            -0.006122,
            -0.905867
          ],
          [
            0.0,
            0.074266,
            -0.86038
          ],
          [
            0.0,
            -0.085544,
            -0.917276
          ],
          [
            -0.057113,
            -0.034115,
            -0.822771
          ],
          [
            0.041561,
            0.008083,
            -0.869646
          ],
          [
            0.057113,
            -0.034115,
            -0.822771
          ],
          [
            -0.041561,
            0.008083,
            -0.869646
          ],
          [
            0.0,
            0.138606,
            -0.637359
          ],
          [
            0.0,
            0.006122,
            -0.905867
          ],
          [
            0.0,
            -0.074266,
            -0.86038
          ],
          [
            0.0,
            0.085544,
            -0.917276
          ],
          [
            -0.057113,
            0.034115,
            -0.822771
          ],
          [
            0.041561,
            -0.008083,
            -0.869646
          ],
          [
            0.057113,
            0.034115,
            -0.822771
          ],
          [
            -0.041561,
            -0.008083,
            -0.869646
          ],
          [
            -0.017417,
            -0.013944,
            -0.028417
          ],
          [
            -0.017417,
            0.013944,
            -0.028417
          ],
          [
            0.011497,
            0.010881,
            -0.01659
          ],
          [
            0.011497,
            -0.010881,
            -0.01659
          ],
          [
            0.017417,
            -0.013944,
            -0.028417
          ],
          [
            0.017417,
            0.013944,
            -0.028417
          ],
          [
            -0.011497,
            0.010881,
            -0.01659
          ],
          [
            -0.011497,
            -0.010881,
            -0.01659
          ],
          [
            0.008144,
            -0.0,
            -0.004403
          ],
          [
            0.001974,
            -0.0,
            -0.016485
          ],
          [
            0.00062,
            -0.0,
            -0.011357
          ],
          [
            0.001848,
            -0.0,
            -0.003382
          ],
          [
            -0.008144,
            -0.0,
            -0.004403
          ],
          [
            -0.001974,
            -0.0,
            -0.016485
          ],
          [
            -0.00062,
            -0.0,
            -0.011357
          ],
          [
            -0.001848,
            -0.0,
            -0.003382
          ],
          [
            0.0,
            -0.00701,
            0.035879
          ],
          [
            0.0,
            5.3e-05,
            -0.015892
          ],
          [
            0.0,
            0.007573,
            -0.01472
          ],
          [
            0.0,
            -0.000582,
            -0.013012
          ],
          [
            0.004554,
            -0.00017,
            -0.002712
          ],
          [
            0.000259,
            -0.01022,
            -0.004393
          ],
          [
            -0.004554,
            -0.00017,
            -0.002712
          ],
          [
            -0.000259,
            -0.01022,
            -0.004393
          ],
          [
            0.0,
            0.00701,
            0.035879
          ],
          [
            0.0,
            -5.3e-05,
            -0.015892
          ],
          [
            0.0,
            -0.007573,
            -0.01472
          ],
          [
            0.0,
            0.000582,
            -0.013012
          ],
          [
            0.004554,
            0.00017,
            -0.002712
          ],
          [
            0.000259,
            0.01022,
            -0.004393
          ],
          [
            -0.004554,
            0.00017,
            -0.002712
          ],
          [
            -0.000259,
            0.01022,
            -0.004393
          ],
          [
            -0.012578,
            -0.0,
            0.025485
          ],
          [
            -0.0092,
            -0.0,
            0.050978
          ],
          [
            0.004416,
            -0.0,
            -0.006201
          ],
          [
            -0.004949,
            -0.0,
            -0.042716
          ],
          [
            0.012578,
            -0.0,
            0.025485
          ],
          [
            0.0092,
            -0.0,
            0.050978
          ],
          [
            -0.004416,
            -0.0,
            -0.006201
          ],
          [
            0.004949,
            -0.0,
            -0.042716
          ],
          [
            -0.001038,
            0.001021,
            0.009622
          ],
          [
            -0.001038,
            -0.001021,
            0.009622
          ],
          [
            -0.002116,
            0.01345,
            -0.024647
          ],
          [
            -0.002116,
            -0.01345,
            -0.024647
          ],
          [
            0.001038,
            0.001021,
            0.009622
          ],
          [
            0.001038,
            -0.001021,
            0.009622
          ],
          [
            0.002116,
            0.01345,
            -0.024647
          ],
          [
            0.002116,
            -0.01345,
            -0.024647
          ],
          [
            0.031069,
            -0.008405,
            -0.008897
          ],
          [
            -0.004247,
            -0.040154,
            -0.007572
          ],
          [
            -0.005631,
            -0.003314,
            0.002484
          ],
          [
            -0.001703,
            -0.001325,
            0.033371
          ],
          [
            0.005631,
            -0.003314,
            0.002484
          ],
          [
            0.001703,
            -0.001325,
            0.033371
          ],
          [
            -0.031069,
            -0.008405,
            -0.008897
          ],
          [
            0.004247,
            -0.040154,
            -0.007572
          ],
          [
            -0.031069,
            0.008405,
            -0.008897
          ],
          [
            0.031069,
            0.008405,
            -0.008897
          ],
          [
            0.005631,
            0.003314,
            0.002484
          ],
          [
            -0.005631,
            0.003314,
            0.002484
          ],
          [
            0.004247,
            0.040154,
            -0.007572
          ],
          [
            -0.004247,
            0.040154,
            -0.007572
          ],
          [
            0.001703,
            0.001325,
            0.033371
          ],
          [
            -0.001703,
            0.001325,
            0.033371
          ],
          [
            0.0,
            -0.0,
            0.003213
          ]
        ],
        "Lattice": [
          [
            15.96,
            0.0,
            0.0
          ],
          [
            0.0,
            11.285421372,
            0.0
          ],
          [
            0.0,
            0.0,
            19.881450655
          ]
        ],
        "NumAtoms": 97,
        "Positions": [
          [
            0.0,
            2.82136,
            0.0
          ],
          [
            0.0,
            8.46407,
            0.0
          ],
          [
            7.98,
            2.82136,
            0.0
          ],
          [
            7.98,
            8.46407,
            0.0
          ],
          [
            3.99,
            2.82136,
            0.0
          ],
          [
            3.99,
            8.46407,
            0.0
          ],
          [
            11.97,
            2.82136,
            0.0
          ],
          [
            11.97,
            8.46407,
            0.0
          ],
          [
            0.0,
            0.0,
            0.0
          ],
          [
            0.0,
            5.64271,
            0.0
          ],
          [
            7.98,
            0.0,
            0.0
          ],
          [
            7.98,
            5.64271,
            0.0
          ],
          [
            3.99,
            0.0,
            0.0
          ],
          [
            3.99,
            5.64271,
            0.0
          ],
          [
            11.97,
            0.0,
            0.0
          ],
          [
            11.97,
            5.64271,
            0.0
          ],
          [
            1.995,
            4.23203,
            1.41067
          ],
          [
            1.995,
            9.87474,
            1.41067
          ],
          [
            9.975,
            4.23203,
            1.41067
          ],
          [
            9.975,
            9.87474,
            1.41067
          ],
          [
            5.985,
            4.23203,
            1.41067
          ],
          [
            5.985,
            9.87474,
            1.41067
          ],
          [
            13.965,
            4.23203,
            1.41067
          ],
          [
            13.965,
            9.87474,
            1.41067
          ],
          [
            1.995,
            1.41068,
            1.41067
          ],
          [
            1.995,
            7.05339,
            1.41067
          ],
          [
            9.975,
            1.41068,
            1.41067
          ],
          [
            9.975,
            7.05339,
            1.41067
          ],
          [
            5.985,
            1.41068,
            1.41067
          ],
          [
            5.985,
            7.05339,
            1.41067
          ],
          [
            13.965,
            1.41068,
            1.41067
          ],
          [
            13.965,
            7.05339,
            1.41067
          ],
          [
            -0.00586,
            0.00623,
            2.83568
          ],
          [
            -0.00586,
            5.63648,
            2.83568
          ],
          [
            7.98722,
            -0.00528,
            2.83091
          ],
          [
            7.98722,
            5.64799,
            2.83091
          ],
          [
            3.99586,
            0.00623,
            2.83568
          ],
          [
            3.99586,
            5.63648,
            2.83568
          ],
          [
            11.96278,
            -0.00528,
            2.83091
          ],
          [
            11.96278,
            5.64799,
            2.83091
          ],
          [
            0.0309,
            2.82136,
            2.89366
          ],
          [
            -0.01411,
            8.46407,
            2.83087
          ],
          [
            7.99776,
            2.82136,
            2.82756
          ],
          [
            7.97824,
            8.46407,
            2.83818
          ],
          [
            3.9591,
            2.82136,
            2.89366
          ],
          [
            4.00411,
            8.46407,
            2.83087
          ],
          [
            11.95224,
            2.82136,
            2.82756
          ],
          [
            11.97176,
            8.46407,
            2.83818
          ],
          [
            1.995,
            4.36624,
            4.3642
          ],
          [
            1.995,
            9.85148,
            4.23073
          ],
          [
            9.975,
            4.23386,
            4.26363
          ],
          [
            9.975,
            9.87274,
            4.25465
          ],
          [
            6.02008,
            4.22989,
            4.24036
          ],
          [
            5.9953,
            9.87862,
            4.2566
          ],
          [
            13.92992,
            4.22989,
            4.24036
          ],
          [
            13.95471,
            9.87862,
            4.2566
          ],
          [
            1.995,
            1.27647,
            4.3642
          ],
          [
            1.995,
            7.07666,
            4.23073
          ],
          [
            9.975,
            1.40885,
            4.26363
          ],
          [
            9.975,
            7.05539,
            4.25465
          ],
          [
            6.02008,
            1.41282,
            4.24036
          ],
          [
            5.9953,
            7.04951,
            4.2566
          ],
          [
            13.92992,
            1.41282,
            4.24036
          ],
          [
            13.95471,
            7.04951,
            4.2566
          ],
          [
            -0.32699,
            2.82136,
            5.81006
          ],
          [
            0.02537,
            8.46407,
            5.67109
          ],
          [
            7.99285,
            2.82136,
            5.68758
          ],
          [
            7.98561,
            8.46407,
            5.67784
          ],
          [
            4.31699,
            2.82136,
            5.81006
          ],
          [
            3.96463,
            8.46407,
            5.67109
          ],
          [
            11.95715,
            2.82136,
            5.68758
          ],
          [
            11.96439,
            8.46407,
            5.67784
          ],
          [
            -0.03721,
            -0.01636,
            5.68398
          ],
          [
            -0.03721,
            5.65907,
            5.68398
          ],
          [
            7.98718,
            -0.00408,
            5.68236
          ],
          [
            7.98718,
            5.64679,
            5.68236
          ],
          [
            4.02721,
            -0.01636,
            5.68398
          ],
          [
            4.02721,
            5.65907,
            5.68398
          ],
          [
            11.96282,
            -0.00408,
            5.68236
          ],
          [
            11.96282,
            5.64679,
            5.68236
          ],
          [
            4.18753,
            4.3047,
            7.08111
          ],
          [
            3.9819,
            9.86232,
            7.03454
          ],
          [
            11.93798,
            4.23718,
            7.03524
          ],
          [
            11.95663,
            9.87139,
            7.03265
          ],
          [
            8.01202,
            4.23718,
            7.03524
          ],
          [
            7.99337,
            9.87139,
            7.03265
          ],
          [
            -0.19753,
            4.3047,
            7.08111
          ],
          [
            0.0081,
            9.86232,
            7.03454
          ],
          [
            -0.19753,
            1.33801,
            7.08111
          ],
          [
            4.18753,
            1.33801,
            7.08111
          ],
          [
            8.01202,
            1.40554,
            7.03524
          ],
          [
            11.93798,
            1.40554,
            7.03524
          ],
          [
            0.0081,
            7.06581,
            7.03454
          ],
          [
            3.9819,
            7.06581,
            7.03454
          ],
          [
            7.99337,
            7.05675,
            7.03265
          ],
          [
            11.95663,
            7.05675,
            7.03265
          ],
          [
            1.995,
            2.82136,
            5.65744
          ]
        ],
        "Stress": [
          [
            -27.88138,
            0.0,
            0.0
          ],
          [
            0.0,
            -31.67945,
            0.0
          ],
          [
            0.0,
            0.0,
            -13.75557
          ]
        ],
        "computation_code": "VASP",
        "pseudopotential_information": [
          [
            "PAW_PBE",
            "Pt",
            "04Feb2005"
          ],
          [
            "PAW_PBE",
            "O",
            "08Apr2002"
          ]
        ]
      }
    ],
    "EnergyStyle": "electronvolt",
    "ForcesStyle": "electronvoltperangstrom",
    "LatticeStyle": "angstrom",
    "PositionsStyle": "angstrom",
    "StressStyle": "kB"
  }
}