{
  "Dataset": {
    "AtomTypeStyle": "chemicalsymbol",
    "Data": [
      {
        "AtomTypes": [
          "Pt",
          "Pt",
          "Pt",
          "Pt",
          "Pt",
          "Pt",
          "Pt",
          "Pt",
          "Pt",
          "Pt",
          "Pt",
          "Pt",
          "Pt",
          "Pt",
          "Pt",
          "Pt",
          "Pt",
          "Pt",
          "Pt",
          "Pt",
          "Pt",
          "Pt",
          "Pt",
          "Pt",
          "Pt",
          "Pt",
          "Pt",
          "Pt",
          "Pt",
          "Pt",
          "Pt",
          "Pt",
          "Pt",
          "Pt",
          "Pt",
          "Pt",
          "Pt",
          "Pt",
          "Pt",
          "Pt",
          "Pt",
          "Pt",
          "Pt",
          "Pt",
          "Pt",
          "Pt",
          "Pt",
          "Pt",
          "Pt",
          "Pt",
          "Pt",
          "Pt",
          "Pt",
          "Pt",
          "Pt",
          "Pt",
          "Pt",
          "Pt",
          "Pt",
          "Pt",
          "Pt",
          "Pt",
          "Pt",
          "Pt",
          "Pt",
          "Pt",
          "Pt",
          "Pt",
          "Pt",
          "Pt",
          "Pt",
          "Pt",
          "Pt",
          "Pt",
          "Pt",
          "Pt",
          "Pt",
          "Pt",
          "Pt",
          "Pt",
          "O",
          "O",
          "O",
          "O",
          "O",
          "O",
          "O",
          "O",
          "O",
          "O",
          "O",
          "O",
          "O",
          "O",
          "O"
        ],
        "Energy": -482.08746554,
        "Forces": [
          [
            -0.0,
            -0.000308,
            0.800526
          ],
          [
            -0.0,
            -0.053269,
            0.674716
          ],
          [
            -0.0,
            0.030154,
            0.833834
          ],
          [
            -0.0,
            0.015314,
            0.837129
          ],
          [
            0.00359,
            -0.011486,
            0.843084
          ],
          [
            0.008607,
            0.003221,
            0.894556
          ],
          [
            -0.00359,
            -0.011486,
            0.843084
          ],
          [
            -0.008607,
            0.003221,
            0.894556
          ],
          [
            -0.0,
            0.053269,
            0.674716
          ],
          [
            -0.0,
            0.000308,
            0.800526
          ],
          [
            -0.0,
            -0.015314,
            0.837129
          ],
          [
            -0.0,
            -0.030154,
            0.833834
          ],
          [
            0.008607,
            -0.003221,
            0.894556
          ],
          [
            0.00359,
            0.011486,
            0.843084
          ],
          [
            -0.008607,
            -0.003221,
            0.894556
          ],
          [
            -0.00359,
            0.011486,
            0.843084
          ],
          [
            -0.036432,
            -0.0,
            -0.807115
          ],
          [
            0.031858,
            0.0,
            -0.8163
          ],
          [
            0.024776,
            -0.0,
            -0.809751
          ],
          [
            0.052426,
            -0.0,
            -0.812852
          ],
          [
            -0.024776,
            -0.0,
            -0.809751
          ],
          [
            -0.052426,
            -0.0,
            -0.812852
          ],
          [
            0.036432,
            -0.0,
            -0.807115
          ],
          [
            -0.031858,
            0.0,
            -0.8163
          ],
          [
            -0.029885,
            0.029885,
            -0.899418
          ],
          [
            -0.029885,
            -0.029885,
            -0.899418
          ],
          [
            0.001602,
            -0.041404,
            -0.833943
          ],
          [
            0.001602,
            0.041404,
            -0.833943
          ],
          [
            -0.001602,
            -0.041404,
            -0.833943
          ],
          [
            -0.001602,
            0.041404,
            -0.833943
          ],
          [
            0.029885,
            0.029885,
            -0.899418
          ],
          [
            0.029885,
            -0.029885,
            -0.899418
          ],
          [
            -0.0,
            -0.061606,
            0.069957
          ],
          [
            -0.0,
            -0.020919,
            -0.008713
          ],
          [
            -0.0,
            -0.003484,
            -0.009171
          ],
          [
            -0.0,
            0.001259,
            -0.003816
          ],
          [
            0.052299,
            0.061457,
            -0.031935
          ],
          [
            -0.021218,
            -0.011027,
            0.020526
          ],
          [
            -0.052299,
            0.061457,
            -0.031935
          ],
          [
            0.021218,
            -0.011027,
            0.020526
          ],
          [
            -0.0,
            0.020919,
            -0.008713
          ],
          [
            -0.0,
            0.061606,
            0.069957
          ],
          [
            -0.0,
            -0.001259,
            -0.003816
          ],
          [
            -0.0,
            0.003484,
            -0.009171
          ],
          [
            -0.021218,
            0.011027,
            0.020526
          ],
          [
            0.052299,
            -0.061457,
            -0.031935
          ],
          [
            0.021218,
            0.011027,
            0.020526
          ],
          [
            -0.052299,
            -0.061457,
            -0.031935
          ],
          [
            -0.009258,
            -0.0,
            0.040974
          ],
          [
            -0.038712,
            0.0,
            -0.073824
          ],
          [
            0.012673,
            0.0,
            0.002895
          ],
          [
            0.004016,
            -0.0,
            0.00127
          ],
          [
            -0.012673,
            0.0,
            0.002895
          ],
          [
            -0.004016,
            -0.0,
            0.00127
          ],
          [
            0.009258,
            -0.0,
            0.040974
          ],
          [
            0.038712,
            0.0,
            -0.073824
          ],
          [
            -0.003448,
            0.02322,
            0.005836
          ],
          [
            -0.003448,
            -0.02322,
            0.005836
          ],
          [
            0.00926,
            -0.004958,
            -0.002228
          ],
          [
            0.00926,
            0.004958,
            -0.002228
          ],
          [
            -0.00926,
            -0.004958,
            -0.002228
          ],
          [
            -0.00926,
            0.004958,
            -0.002228
          ],
          [
            0.003448,
            0.02322,
            0.005836
          ],
          [
            0.003448,
            -0.02322,
            0.005836
          ],
          [
            -0.0,
            -0.014632,
            0.037327
          ],
          [
            -0.0,
            -0.000846,
            -0.111128
          ],
          [
            -0.0,
            -0.001228,
            0.090341
          ],
          [
            -0.0,
            -0.002631,
            0.091959
          ],
          [
            -0.004357,
            0.013274,
            -0.005562
          ],
          [
            0.014648,
            -0.010494,
            0.018341
          ],
          [
            0.004357,
            0.013274,
            -0.005562
          ],
          [
            -0.014648,
            -0.010494,
            0.018341
          ],
          [
            -0.0,
            0.000846,
            -0.111128
          ],
          [
            -0.0,
            0.014632,
            0.037327
          ],
          [
            -0.0,
            0.002631,
            0.091959
          ],
          [
            -0.0,
            0.001228,
            0.090341
          ],
          [
            0.014648,
            0.010494,
            0.018341
          ],
          [
            -0.004357,
            -0.013274,
            -0.005562
          ],
          [
            -0.014648,
            0.010494,
            0.018341
          ],
          [
            0.004357,
            -0.013274,
            -0.005562
          ],
          [
            0.008636,
            -0.0,
            -0.005885
          ],
          [
            -0.008636,
            -0.0,
            -0.005885
          ],
          [
            -0.0,
            -0.0,
            -0.095392
          ],
          [
            -0.0,
            -0.0,
            0.06346
          ],
          [
            -0.0,
            -0.021461,
            0.062658
          ],
          [
            0.004268,
            0.012451,
            0.014443
          ],
          [
            -0.0,
            0.00836,
            -0.087134
          ],
          [
            -0.004268,
            0.012451,
            0.014443
          ],
          [
            -0.0,
            0.021461,
            0.062658
          ],
          [
            0.004268,
            -0.012451,
            0.014443
          ],
          [
            -0.0,
            -0.00836,
            -0.087134
          ],
          [
            -0.004268,
            -0.012451,
            0.014443
          ],
          [
            0.011356,
            -0.0,
            0.011676
          ],
          [
            -0.0,
            -0.0,
            -0.082014
          ],
          [
            -0.011356,
            -0.0,
            0.011676
          ]
        ],
        "Lattice": [
          [
            15.96,
            0.0,
            0.0
          ],
          [
            0.0,
            11.285421372,
            0.0
          ],
          [
            0.0,
            0.0,
            19.881450655
          ]
        ],
        "NumAtoms": 95,
        "Positions": [
          [
            0.0,
            2.82136,
            0.0
          ],
          [
            0.0,
            8.46407,
            0.0
          ],
          [
            7.98,
            2.82136,
            0.0
          ],
          [
            7.98,
            8.46407,
            0.0
          ],
          [
            3.99,
            2.82136,
            0.0
          ],
          [
            3.99,
            8.46407,
            0.0
          ],
          [
            11.97,
            2.82136,
            0.0
          ],
          [
            11.97,
            8.46407,
            0.0
          ],
          [
            0.0,
            0.0,
            0.0
          ],
          [
            0.0,
            5.64271,
            0.0
          ],
          [
            7.98,
            0.0,
            0.0
          ],
          [
            7.98,
            5.64271,
            0.0
          ],
          [
            3.99,
            0.0,
            0.0
          ],
          [
            3.99,
            5.64271,
            0.0
          ],
          [
            11.97,
            0.0,
            0.0
          ],
          [
            11.97,
            5.64271,
            0.0
          ],
          [
            1.995,
            4.23203,
            1.41067
          ],
          [
            1.995,
            9.87474,
            1.41067
          ],
          [
            9.975,
            4.23203,
            1.41067
          ],
          [
            9.975,
            9.87474,
            1.41067
          ],
          [
            5.985,
            4.23203,
            1.41067
          ],
          [
            5.985,
            9.87474,
            1.41067
          ],
          [
            13.965,
            4.23203,
            1.41067
          ],
          [
            13.965,
            9.87474,
            1.41067
          ],
          [
            1.995,
            1.41068,
            1.41067
          ],
          [
            1.995,
            7.05339,
            1.41067
          ],
          [
            9.975,
            1.41068,
            1.41067
          ],
          [
            9.975,
            7.05339,
            1.41067
          ],
          [
            5.985,
            1.41068,
            1.41067
          ],
          [
            5.985,
            7.05339,
            1.41067
          ],
          [
            13.965,
            1.41068,
            1.41067
          ],
          [
            13.965,
            7.05339,
            1.41067
          ],
          [
            -0.0,
            -0.00448,
            2.80382
          ],
          [
            -0.0,
            5.64818,
            2.84288
          ],
          [
            7.98,
            0.00093,
            2.83506
          ],
          [
            7.98,
            5.64389,
            2.83455
          ],
          [
            3.97335,
            -0.01077,
            2.84541
          ],
          [
            3.99266,
            5.64544,
            2.82938
          ],
          [
            11.98665,
            -0.01077,
            2.84541
          ],
          [
            11.96734,
            5.64544,
            2.82938
          ],
          [
            -0.0,
            2.81589,
            2.84288
          ],
          [
            -0.0,
            8.46854,
            2.80382
          ],
          [
            7.98,
            2.82017,
            2.83455
          ],
          [
            7.98,
            8.46313,
            2.83506
          ],
          [
            3.99266,
            2.81863,
            2.82938
          ],
          [
            3.97335,
            8.47484,
            2.84541
          ],
          [
            11.96734,
            2.81863,
            2.82938
          ],
          [
            11.98665,
            8.47484,
            2.84541
          ],
          [
            1.98307,
            4.23203,
            4.25784
          ],
          [
            1.9661,
            9.87474,
            4.30011
          ],
          [
            9.9741,
            4.23203,
            4.25261
          ],
          [
            9.97064,
            9.87474,
            4.2525
          ],
          [
            5.9859,
            4.23203,
            4.25261
          ],
          [
            5.98936,
            9.87474,
            4.2525
          ],
          [
            13.97693,
            4.23203,
            4.25784
          ],
          [
            13.9939,
            9.87474,
            4.30011
          ],
          [
            2.00682,
            1.41921,
            4.25468
          ],
          [
            2.00682,
            7.04487,
            4.25468
          ],
          [
            9.98037,
            1.40987,
            4.25312
          ],
          [
            9.98037,
            7.05421,
            4.25312
          ],
          [
            5.97963,
            1.40987,
            4.25312
          ],
          [
            5.97963,
            7.05421,
            4.25312
          ],
          [
            13.95318,
            1.41921,
            4.25468
          ],
          [
            13.95318,
            7.04487,
            4.25468
          ],
          [
            -0.0,
            2.79271,
            5.71823
          ],
          [
            -0.0,
            8.50877,
            5.60425
          ],
          [
            7.98,
            2.82202,
            5.66959
          ],
          [
            7.98,
            8.464,
            5.67136
          ],
          [
            3.9894,
            2.82329,
            5.67351
          ],
          [
            3.99801,
            8.47116,
            5.67351
          ],
          [
            11.9706,
            2.82329,
            5.67351
          ],
          [
            11.962,
            8.47116,
            5.67351
          ],
          [
            -0.0,
            -0.0447,
            5.60425
          ],
          [
            -0.0,
            5.67135,
            5.71823
          ],
          [
            7.98,
            7e-05,
            5.67136
          ],
          [
            7.98,
            5.64205,
            5.66959
          ],
          [
            3.99801,
            -0.00709,
            5.67351
          ],
          [
            3.9894,
            5.64078,
            5.67351
          ],
          [
            11.962,
            -0.00709,
            5.67351
          ],
          [
            11.9706,
            5.64078,
            5.67351
          ],
          [
            3.99492,
            4.23203,
            7.02784
          ],
          [
            11.96508,
            4.23203,
            7.02784
          ],
          [
            7.98,
            4.23203,
            7.02854
          ],
          [
            -0.0,
            4.23203,
            7.03198
          ],
          [
            -0.0,
            1.25171,
            6.99728
          ],
          [
            3.99186,
            1.40926,
            7.02305
          ],
          [
            7.98,
            1.41171,
            7.02601
          ],
          [
            11.96814,
            1.40926,
            7.02305
          ],
          [
            -0.0,
            7.21236,
            6.99728
          ],
          [
            3.99186,
            7.0548,
            7.02305
          ],
          [
            7.98,
            7.05236,
            7.02601
          ],
          [
            11.96814,
            7.0548,
            7.02305
          ],
          [
            3.99271,
            9.87474,
            7.03422
          ],
          [
            7.98,
            9.87474,
            7.02835
          ],
          [
            11.96729,
            9.87474,
            7.03422
          ]
        ],
        "Stress": [
          [
            -29.9721,
            0.0,
            0.0
          ],
          [
            0.0,
            -36.86636,
            0.0
          ],
          [
            0.0,
            0.0,
            -12.7651
          ]
        ],
        "computation_code": "VASP",
        "pseudopotential_information": [
          [
            "PAW_PBE",
            "Pt",
            "04Feb2005"
          ],
          [
            "PAW_PBE",
            "O",
            "08Apr2002"
          ]
        ]
      }
    ],
    "EnergyStyle": "electronvolt",
    "ForcesStyle": "electronvoltperangstrom",
    "LatticeStyle": "angstrom",
    "PositionsStyle": "angstrom",
    "StressStyle": "kB"
  }
}