{
  "Dataset": {
    "AtomTypeStyle": "chemicalsymbol",
    "Data": [
      {
        "AtomTypes": [
          "Pt",
          "Pt",
          "Pt",
          "Pt",
          "Pt",
          "Pt",
          "Pt",
          "Pt",
          "Pt",
          "Pt",
          "Pt",
          "Pt",
          "Pt",
          "Pt",
          "Pt",
          "Pt",
          "Pt",
          "Pt",
          "Pt",
          "Pt",
          "Pt",
          "Pt",
          "Pt",
          "Pt",
          "Pt",
          "Pt",
          "Pt",
          "Pt",
          "Pt",
          "Pt",
          "Pt",
          "Pt",
          "Pt",
          "Pt",
          "Pt",
          "Pt",
          "Pt",
          "Pt",
          "Pt",
          "Pt",
          "Pt",
          "Pt",
          "Pt",
          "Pt",
          "Pt",
          "Pt",
          "Pt",
          "Pt",
          "Pt",
          "Pt",
          "Pt",
          "Pt",
          "Pt",
          "Pt",
          "Pt",
          "Pt",
          "Pt",
          "Pt",
          "Pt",
          "Pt",
          "Pt",
          "Pt",
          "Pt",
          "Pt",
          "Pt",
          "Pt",
          "Pt",
          "Pt",
          "Pt",
          "Pt",
          "Pt",
          "Pt",
          "Pt",
          "Pt",
          "Pt",
          "Pt",
          "Pt",
          "Pt",
          "Pt",
          "Pt",
          "O",
          "O"
        ],
        "Energy": -410.64618152,
        "Forces": [
          [
            -0.008903,
            0.022332,
            0.908316
          ],
          [
            0.014091,
            -0.005604,
            0.920024
          ],
          [
            0.016908,
            -0.025641,
            0.79006
          ],
          [
            -0.001207,
            0.016084,
            0.888762
          ],
          [
            -0.016908,
            -0.025641,
            0.79006
          ],
          [
            0.001207,
            0.016084,
            0.888762
          ],
          [
            0.008903,
            0.022332,
            0.908316
          ],
          [
            -0.014091,
            -0.005604,
            0.920024
          ],
          [
            -0.008903,
            -0.022332,
            0.908316
          ],
          [
            0.014091,
            0.005604,
            0.920024
          ],
          [
            0.016908,
            0.025641,
            0.79006
          ],
          [
            -0.001207,
            -0.016084,
            0.888762
          ],
          [
            -0.016908,
            0.025641,
            0.79006
          ],
          [
            0.001207,
            -0.016084,
            0.888762
          ],
          [
            0.008903,
            -0.022332,
            0.908316
          ],
          [
            -0.014091,
            0.005604,
            0.920024
          ],
          [
            0.166777,
            -0.083293,
            -0.832541
          ],
          [
            0.166777,
            0.083293,
            -0.832541
          ],
          [
            -0.166777,
            -0.083293,
            -0.832541
          ],
          [
            -0.166777,
            0.083293,
            -0.832541
          ],
          [
            -0.0,
            -0.12612,
            -0.785914
          ],
          [
            -0.0,
            0.12612,
            -0.785914
          ],
          [
            -0.0,
            -0.038211,
            -0.888576
          ],
          [
            -0.0,
            0.038211,
            -0.888576
          ],
          [
            0.277515,
            -0.0,
            -1.01357
          ],
          [
            0.046824,
            -0.0,
            -0.88127
          ],
          [
            -0.277515,
            -0.0,
            -1.01357
          ],
          [
            -0.046824,
            -0.0,
            -0.88127
          ],
          [
            -0.0,
            -0.0,
            -1.022484
          ],
          [
            -0.0,
            -0.0,
            -0.917058
          ],
          [
            -0.0,
            -0.0,
            -0.969587
          ],
          [
            -0.0,
            -0.0,
            -0.864256
          ],
          [
            0.006768,
            0.007279,
            -0.012792
          ],
          [
            0.000132,
            0.005191,
            -0.01205
          ],
          [
            0.004749,
            -0.009296,
            0.016396
          ],
          [
            0.006386,
            0.003681,
            0.003762
          ],
          [
            -0.004749,
            -0.009296,
            0.016396
          ],
          [
            -0.006386,
            0.003681,
            0.003762
          ],
          [
            -0.006768,
            0.007279,
            -0.012792
          ],
          [
            -0.000132,
            0.005191,
            -0.01205
          ],
          [
            0.006768,
            -0.007279,
            -0.012792
          ],
          [
            0.000132,
            -0.005191,
            -0.01205
          ],
          [
            0.004749,
            0.009296,
            0.016396
          ],
          [
            0.006386,
            -0.003681,
            0.003762
          ],
          [
            -0.004749,
            0.009296,
            0.016396
          ],
          [
            -0.006386,
            -0.003681,
            0.003762
          ],
          [
            -0.006768,
            -0.007279,
            -0.012792
          ],
          [
            -0.000132,
            -0.005191,
            -0.01205
          ],
          [
            0.009482,
            0.024014,
            0.015703
          ],
          [
            0.009482,
            -0.024014,
            0.015703
          ],
          [
            -0.009482,
            0.024014,
            0.015703
          ],
          [
            -0.009482,
            -0.024014,
            0.015703
          ],
          [
            -0.0,
            0.026316,
            0.006117
          ],
          [
            -0.0,
            -0.026316,
            0.006117
          ],
          [
            -0.0,
            0.020259,
            0.020961
          ],
          [
            -0.0,
            -0.020259,
            0.020961
          ],
          [
            0.024741,
            -0.0,
            0.019057
          ],
          [
            -0.006895,
            -0.0,
            0.018583
          ],
          [
            -0.024741,
            -0.0,
            0.019057
          ],
          [
            0.006895,
            -0.0,
            0.018583
          ],
          [
            -0.0,
            -0.0,
            0.031114
          ],
          [
            -0.0,
            -0.0,
            0.020533
          ],
          [
            -0.0,
            -0.0,
            0.02649
          ],
          [
            -0.0,
            -0.0,
            0.013353
          ],
          [
            -0.011605,
            0.010649,
            -0.008672
          ],
          [
            0.012103,
            -0.021327,
            -0.021772
          ],
          [
            -0.001936,
            -0.030374,
            0.033635
          ],
          [
            -0.004496,
            -0.001369,
            0.007529
          ],
          [
            0.001936,
            -0.030374,
            0.033635
          ],
          [
            0.004496,
            -0.001369,
            0.007529
          ],
          [
            0.011605,
            0.010649,
            -0.008672
          ],
          [
            -0.012103,
            -0.021327,
            -0.021772
          ],
          [
            -0.011605,
            -0.010649,
            -0.008672
          ],
          [
            0.012103,
            0.021327,
            -0.021772
          ],
          [
            -0.001936,
            0.030374,
            0.033635
          ],
          [
            -0.004496,
            0.001369,
            0.007529
          ],
          [
            0.001936,
            0.030374,
            0.033635
          ],
          [
            0.004496,
            0.001369,
            0.007529
          ],
          [
            0.011605,
            -0.010649,
            -0.008672
          ],
          [
            -0.012103,
            0.021327,
            -0.021772
          ],
          [
            -0.001855,
            -0.0,
            -0.047162
          ],
          [
            0.001855,
            -0.0,
            -0.047162
          ]
        ],
        "Lattice": [
          [
            15.96,
            0.0,
            0.0
          ],
          [
            0.0,
            11.285421372,
            0.0
          ],
          [
            0.0,
            0.0,
            19.881450655
          ]
        ],
        "NumAtoms": 82,
        "Positions": [
          [
            0.0,
            2.82136,
            0.0
          ],
          [
            0.0,
            8.46407,
            0.0
          ],
          [
            7.98,
            2.82136,
            0.0
          ],
          [
            7.98,
            8.46407,
            0.0
          ],
          [
            3.99,
            2.82136,
            0.0
          ],
          [
            3.99,
            8.46407,
            0.0
          ],
          [
            11.97,
            2.82136,
            0.0
          ],
          [
            11.97,
            8.46407,
            0.0
          ],
          [
            0.0,
            0.0,
            0.0
          ],
          [
            0.0,
            5.64271,
            0.0
          ],
          [
            7.98,
            0.0,
            0.0
          ],
          [
            7.98,
            5.64271,
            0.0
          ],
          [
            3.99,
            0.0,
            0.0
          ],
          [
            3.99,
            5.64271,
            0.0
          ],
          [
            11.97,
            0.0,
            0.0
          ],
          [
            11.97,
            5.64271,
            0.0
          ],
          [
            1.995,
            4.23203,
            1.41067
          ],
          [
            1.995,
            9.87474,
            1.41067
          ],
          [
            9.975,
            4.23203,
            1.41067
          ],
          [
            9.975,
            9.87474,
            1.41067
          ],
          [
            5.985,
            4.23203,
            1.41067
          ],
          [
            5.985,
            9.87474,
            1.41067
          ],
          [
            13.965,
            4.23203,
            1.41067
          ],
          [
            13.965,
            9.87474,
            1.41067
          ],
          [
            1.995,
            1.41068,
            1.41067
          ],
          [
            1.995,
            7.05339,
            1.41067
          ],
          [
            9.975,
            1.41068,
            1.41067
          ],
          [
            9.975,
            7.05339,
            1.41067
          ],
          [
            5.985,
            1.41068,
            1.41067
          ],
          [
            5.985,
            7.05339,
            1.41067
          ],
          [
            13.965,
            1.41068,
            1.41067
          ],
          [
            13.965,
            7.05339,
            1.41067
          ],
          [
            0.00112,
            -0.00553,
            2.77564
          ],
          [
            0.00506,
            5.64515,
            2.77757
          ],
          [
            7.97346,
            -0.01921,
            2.83195
          ],
          [
            7.97276,
            5.6515,
            2.78192
          ],
          [
            3.99654,
            -0.01921,
            2.83195
          ],
          [
            3.99724,
            5.6515,
            2.78192
          ],
          [
            11.96888,
            -0.00553,
            2.77564
          ],
          [
            11.96494,
            5.64515,
            2.77757
          ],
          [
            0.00112,
            2.82688,
            2.77564
          ],
          [
            0.00506,
            8.46163,
            2.77757
          ],
          [
            7.97346,
            2.84056,
            2.83195
          ],
          [
            7.97276,
            8.45527,
            2.78192
          ],
          [
            3.99654,
            2.84056,
            2.83195
          ],
          [
            3.99724,
            8.45527,
            2.78192
          ],
          [
            11.96888,
            2.82688,
            2.77564
          ],
          [
            11.96494,
            8.46163,
            2.77757
          ],
          [
            2.03224,
            4.21173,
            4.33541
          ],
          [
            2.03224,
            9.89504,
            4.33541
          ],
          [
            9.93776,
            4.21173,
            4.33541
          ],
          [
            9.93776,
            9.89504,
            4.33541
          ],
          [
            5.985,
            4.19872,
            4.34263
          ],
          [
            5.985,
            9.90804,
            4.34263
          ],
          [
            13.965,
            4.23656,
            4.32629
          ],
          [
            13.965,
            9.8702,
            4.32629
          ],
          [
            2.01007,
            1.41068,
            4.26495
          ],
          [
            2.022,
            7.05339,
            4.34031
          ],
          [
            9.95993,
            1.41068,
            4.26495
          ],
          [
            9.948,
            7.05339,
            4.34031
          ],
          [
            5.985,
            1.41068,
            4.24009
          ],
          [
            5.985,
            7.05339,
            4.35328
          ],
          [
            13.965,
            1.41068,
            4.31638
          ],
          [
            13.965,
            7.05339,
            4.34234
          ],
          [
            0.01052,
            2.80875,
            5.48128
          ],
          [
            0.02442,
            8.48009,
            5.47645
          ],
          [
            7.9729,
            2.8262,
            5.6614
          ],
          [
            7.96061,
            8.49173,
            5.50815
          ],
          [
            3.9971,
            2.8262,
            5.6614
          ],
          [
            4.00939,
            8.49173,
            5.50815
          ],
          [
            11.95948,
            2.80875,
            5.48128
          ],
          [
            11.94558,
            8.48009,
            5.47645
          ],
          [
            0.01052,
            0.0126,
            5.48128
          ],
          [
            0.02442,
            5.62669,
            5.47645
          ],
          [
            7.9729,
            -0.00484,
            5.6614
          ],
          [
            7.96061,
            5.61505,
            5.50815
          ],
          [
            3.9971,
            -0.00484,
            5.6614
          ],
          [
            4.00939,
            5.61505,
            5.50815
          ],
          [
            11.95948,
            0.0126,
            5.48128
          ],
          [
            11.94558,
            5.62669,
            5.47645
          ],
          [
            4.00432,
            1.41068,
            7.00332
          ],
          [
            7.96568,
            1.41068,
            7.00332
          ]
        ],
        "Stress": [
          [
            -17.95755,
            0.0,
            0.0
          ],
          [
            0.0,
            -39.71101,
            0.0
          ],
          [
            0.0,
            0.0,
            -9.71398
          ]
        ],
        "computation_code": "VASP",
        "pseudopotential_information": [
          [
            "PAW_PBE",
            "Pt",
            "04Feb2005"
          ],
          [
            "PAW_PBE",
            "O",
            "08Apr2002"
          ]
        ]
      }
    ],
    "EnergyStyle": "electronvolt",
    "ForcesStyle": "electronvoltperangstrom",
    "LatticeStyle": "angstrom",
    "PositionsStyle": "angstrom",
    "StressStyle": "kB"
  }
}