{
  "Dataset": {
    "AtomTypeStyle": "chemicalsymbol",
    "Data": [
      {
        "AtomTypes": [
          "Pt",
          "Pt",
          "Pt",
          "Pt",
          "Pt",
          "Pt",
          "Pt",
          "Pt",
          "Pt",
          "Pt",
          "Pt",
          "Pt",
          "Pt",
          "Pt",
          "Pt",
          "Pt",
          "Pt",
          "Pt",
          "Pt",
          "Pt",
          "Pt",
          "Pt",
          "Pt",
          "Pt",
          "Pt",
          "Pt",
          "Pt",
          "Pt",
          "Pt",
          "Pt",
          "Pt",
          "Pt",
          "Pt",
          "Pt",
          "Pt",
          "Pt",
          "Pt",
          "Pt",
          "Pt",
          "Pt",
          "Pt",
          "Pt",
          "Pt",
          "Pt",
          "Pt",
          "Pt",
          "Pt",
          "Pt",
          "Pt",
          "Pt",
          "Pt",
          "Pt",
          "Pt",
          "Pt",
          "Pt",
          "Pt",
          "Pt",
          "Pt",
          "Pt",
          "Pt",
          "Pt",
          "Pt",
          "Pt",
          "Pt",
          "Pt",
          "Pt",
          "Pt",
          "Pt",
          "Pt",
          "Pt",
          "Pt",
          "Pt",
          "Pt",
          "Pt",
          "Pt",
          "Pt",
          "Pt",
          "Pt",
          "Pt",
          "Pt",
          "O",
          "O"
        ],
        "Energy": -410.50709725,
        "Forces": [
          [
            -0.035853,
            7e-06,
            0.904546
          ],
          [
            -0.010046,
            8e-06,
            0.92399
          ],
          [
            0.035853,
            7e-06,
            0.904546
          ],
          [
            0.010046,
            8e-06,
            0.92399
          ],
          [
            -0.0,
            7e-06,
            0.700639
          ],
          [
            -0.0,
            7e-06,
            0.875522
          ],
          [
            -0.0,
            7e-06,
            0.942414
          ],
          [
            -0.0,
            8e-06,
            0.94306
          ],
          [
            -0.005044,
            -0.008,
            0.924025
          ],
          [
            -0.005044,
            0.008011,
            0.924025
          ],
          [
            0.005044,
            -0.008,
            0.924025
          ],
          [
            0.005044,
            0.008011,
            0.924025
          ],
          [
            -0.0,
            0.05547,
            0.746026
          ],
          [
            -0.0,
            -0.055459,
            0.746026
          ],
          [
            -0.0,
            -0.015805,
            0.897594
          ],
          [
            -0.0,
            0.015817,
            0.897595
          ],
          [
            0.39546,
            -0.00768,
            -0.867014
          ],
          [
            0.252495,
            0.064829,
            -0.849399
          ],
          [
            0.040368,
            -0.037521,
            -0.911131
          ],
          [
            0.084546,
            0.001869,
            -0.912157
          ],
          [
            -0.39546,
            -0.00768,
            -0.867014
          ],
          [
            -0.252495,
            0.064829,
            -0.849399
          ],
          [
            -0.040368,
            -0.037521,
            -0.911131
          ],
          [
            -0.084546,
            0.001869,
            -0.912157
          ],
          [
            0.39546,
            0.007695,
            -0.867014
          ],
          [
            0.252494,
            -0.064819,
            -0.849397
          ],
          [
            0.040371,
            0.037536,
            -0.91113
          ],
          [
            0.084544,
            -0.001859,
            -0.912158
          ],
          [
            -0.39546,
            0.007695,
            -0.867014
          ],
          [
            -0.252494,
            -0.064819,
            -0.849397
          ],
          [
            -0.040371,
            0.037536,
            -0.91113
          ],
          [
            -0.084544,
            -0.001859,
            -0.912158
          ],
          [
            0.004806,
            0.001073,
            0.007801
          ],
          [
            0.004807,
            -0.00106,
            0.007801
          ],
          [
            -0.004806,
            0.001073,
            0.007801
          ],
          [
            -0.004807,
            -0.00106,
            0.007801
          ],
          [
            -0.0,
            -0.001319,
            0.003941
          ],
          [
            -0.0,
            0.001334,
            0.003944
          ],
          [
            -0.0,
            -0.002705,
            -0.007626
          ],
          [
            -0.0,
            0.002718,
            -0.007626
          ],
          [
            0.003691,
            7e-06,
            0.000976
          ],
          [
            0.00767,
            7e-06,
            0.009561
          ],
          [
            -0.003691,
            7e-06,
            0.000976
          ],
          [
            -0.00767,
            7e-06,
            0.009561
          ],
          [
            -0.0,
            8e-06,
            0.009031
          ],
          [
            -0.0,
            5e-06,
            0.009173
          ],
          [
            -0.0,
            5e-06,
            -0.000394
          ],
          [
            -0.0,
            9e-06,
            -0.010449
          ],
          [
            0.004335,
            -0.007186,
            -0.001038
          ],
          [
            0.000701,
            0.00413,
            0.003724
          ],
          [
            -0.002427,
            0.000557,
            -0.003675
          ],
          [
            0.003341,
            -0.002769,
            -0.003765
          ],
          [
            -0.004335,
            -0.007186,
            -0.001038
          ],
          [
            -0.000701,
            0.00413,
            0.003724
          ],
          [
            0.002427,
            0.000557,
            -0.003675
          ],
          [
            -0.003341,
            -0.002769,
            -0.003765
          ],
          [
            0.004337,
            0.007201,
            -0.001035
          ],
          [
            0.000807,
            -0.004395,
            0.003548
          ],
          [
            -0.002425,
            -0.000544,
            -0.003675
          ],
          [
            0.003339,
            0.002784,
            -0.003765
          ],
          [
            -0.004337,
            0.007201,
            -0.001035
          ],
          [
            -0.000807,
            -0.004395,
            0.003548
          ],
          [
            0.002425,
            -0.000544,
            -0.003675
          ],
          [
            -0.003339,
            0.002784,
            -0.003765
          ],
          [
            0.009782,
            8e-06,
            -0.005105
          ],
          [
            0.00969,
            8e-06,
            -0.005233
          ],
          [
            -0.009782,
            8e-06,
            -0.005105
          ],
          [
            -0.00969,
            8e-06,
            -0.005233
          ],
          [
            -0.0,
            -2e-05,
            -0.00254
          ],
          [
            -0.0,
            3e-06,
            -0.0062
          ],
          [
            -0.0,
            7e-06,
            0.004349
          ],
          [
            -0.0,
            8e-06,
            0.004402
          ],
          [
            0.009109,
            7.3e-05,
            -0.003721
          ],
          [
            0.009109,
            -6e-05,
            -0.003723
          ],
          [
            -0.009109,
            7.3e-05,
            -0.003721
          ],
          [
            -0.009109,
            -6e-05,
            -0.003723
          ],
          [
            -0.0,
            -0.011315,
            -0.015732
          ],
          [
            -0.0,
            0.011372,
            -0.015777
          ],
          [
            -0.0,
            0.001222,
            0.000973
          ],
          [
            -0.0,
            -0.001208,
            0.000975
          ],
          [
            -0.0,
            -0.004151,
            0.04445
          ],
          [
            -0.0,
            0.004152,
            0.044505
          ]
        ],
        "Lattice": [
          [
            15.96,
            0.0,
            0.0
          ],
          [
            0.0,
            11.285421372,
            0.0
          ],
          [
            0.0,
            0.0,
            19.881450655
          ]
        ],
        "NumAtoms": 82,
        "Positions": [
          [
            0.0,
            2.82136,
            0.0
          ],
          [
            0.0,
            8.46407,
            0.0
          ],
          [
            7.98,
            2.82136,
            0.0
          ],
          [
            7.98,
            8.46407,
            0.0
          ],
          [
            3.99,
            2.82136,
            0.0
          ],
          [
            3.99,
            8.46407,
            0.0
          ],
          [
            11.97,
            2.82136,
            0.0
          ],
          [
            11.97,
            8.46407,
            0.0
          ],
          [
            0.0,
            0.0,
            0.0
          ],
          [
            0.0,
            5.64271,
            0.0
          ],
          [
            7.98,
            0.0,
            0.0
          ],
          [
            7.98,
            5.64271,
            0.0
          ],
          [
            3.99,
            0.0,
            0.0
          ],
          [
            3.99,
            5.64271,
            0.0
          ],
          [
            11.97,
            0.0,
            0.0
          ],
          [
            11.97,
            5.64271,
            0.0
          ],
          [
            1.995,
            4.23203,
            1.41067
          ],
          [
            1.995,
            9.87474,
            1.41067
          ],
          [
            9.975,
            4.23203,
            1.41067
          ],
          [
            9.975,
            9.87474,
            1.41067
          ],
          [
            5.985,
            4.23203,
            1.41067
          ],
          [
            5.985,
            9.87474,
            1.41067
          ],
          [
            13.965,
            4.23203,
            1.41067
          ],
          [
            13.965,
            9.87474,
            1.41067
          ],
          [
            1.995,
            1.41068,
            1.41067
          ],
          [
            1.995,
            7.05339,
            1.41067
          ],
          [
            9.975,
            1.41068,
            1.41067
          ],
          [
            9.975,
            7.05339,
            1.41067
          ],
          [
            5.985,
            1.41068,
            1.41067
          ],
          [
            5.985,
            7.05339,
            1.41067
          ],
          [
            13.965,
            1.41068,
            1.41067
          ],
          [
            13.965,
            7.05339,
            1.41067
          ],
          [
            0.00443,
            11.28329,
            2.76075
          ],
          [
            0.00443,
            5.64484,
            2.76075
          ],
          [
            7.97557,
            11.28329,
            2.76075
          ],
          [
            7.97557,
            5.64484,
            2.76075
          ],
          [
            3.99,
            11.27237,
            2.83524
          ],
          [
            3.99,
            5.65576,
            2.83524
          ],
          [
            11.97,
            -0.0021,
            2.77851
          ],
          [
            11.97,
            5.64481,
            2.77851
          ],
          [
            0.0153,
            2.82136,
            2.76972
          ],
          [
            0.01432,
            8.46407,
            2.7656
          ],
          [
            7.9647,
            2.82136,
            2.76972
          ],
          [
            7.96568,
            8.46407,
            2.7656
          ],
          [
            3.99,
            2.82135,
            2.8531
          ],
          [
            3.99,
            8.46407,
            2.78969
          ],
          [
            11.97,
            2.82136,
            2.78104
          ],
          [
            11.97,
            8.46407,
            2.78185
          ],
          [
            2.07524,
            4.19143,
            4.31054
          ],
          [
            2.05706,
            9.90648,
            4.34193
          ],
          [
            9.97619,
            4.23542,
            4.32853
          ],
          [
            9.95658,
            9.86879,
            4.33827
          ],
          [
            5.90476,
            4.19143,
            4.31054
          ],
          [
            5.92294,
            9.90648,
            4.34193
          ],
          [
            13.96381,
            4.23542,
            4.32853
          ],
          [
            13.98342,
            9.86879,
            4.33827
          ],
          [
            2.07524,
            1.45128,
            4.31054
          ],
          [
            2.05706,
            7.02165,
            4.34193
          ],
          [
            9.97619,
            1.40729,
            4.32853
          ],
          [
            9.95658,
            7.05934,
            4.33827
          ],
          [
            5.90476,
            1.45128,
            4.31054
          ],
          [
            5.92294,
            7.02165,
            4.34193
          ],
          [
            13.96381,
            1.40729,
            4.32853
          ],
          [
            13.98342,
            7.05934,
            4.33827
          ],
          [
            0.03205,
            2.82136,
            5.46162
          ],
          [
            0.06603,
            8.46407,
            5.44607
          ],
          [
            7.94795,
            2.82136,
            5.46162
          ],
          [
            7.91397,
            8.46407,
            5.44607
          ],
          [
            3.99,
            2.82136,
            6.0813
          ],
          [
            3.99,
            8.46407,
            5.54394
          ],
          [
            11.97,
            2.82136,
            5.48476
          ],
          [
            11.97,
            8.46407,
            5.48679
          ],
          [
            0.04271,
            0.03236,
            5.44547
          ],
          [
            0.04271,
            5.61035,
            5.44547
          ],
          [
            7.93729,
            0.03236,
            5.44547
          ],
          [
            7.93729,
            5.61035,
            5.44547
          ],
          [
            3.99,
            0.02203,
            5.66274
          ],
          [
            3.99,
            5.62068,
            5.66274
          ],
          [
            11.97,
            11.27089,
            5.48482
          ],
          [
            11.97,
            5.65725,
            5.48481
          ],
          [
            3.99,
            1.18561,
            7.19083
          ],
          [
            3.99,
            4.4571,
            7.19082
          ]
        ],
        "Stress": [
          [
            -16.47601,
            0.0,
            0.0
          ],
          [
            0.0,
            -38.33932,
            -0.00019
          ],
          [
            0.0,
            -0.00019,
            -9.86883
          ]
        ],
        "computation_code": "VASP",
        "pseudopotential_information": [
          [
            "PAW_PBE",
            "Pt",
            "04Feb2005"
          ],
          [
            "PAW_PBE",
            "O",
            "08Apr2002"
          ]
        ]
      }
    ],
    "EnergyStyle": "electronvolt",
    "ForcesStyle": "electronvoltperangstrom",
    "LatticeStyle": "angstrom",
    "PositionsStyle": "angstrom",
    "StressStyle": "kB"
  }
}