{
  "Dataset": {
    "AtomTypeStyle": "chemicalsymbol",
    "Data": [
      {
        "AtomTypes": [
          "Pt",
          "Pt",
          "Pt",
          "Pt",
          "Pt",
          "Pt",
          "Pt",
          "Pt",
          "Pt",
          "Pt",
          "Pt",
          "Pt",
          "Pt",
          "Pt",
          "Pt",
          "Pt",
          "Pt",
          "Pt",
          "Pt",
          "Pt",
          "Pt",
          "Pt",
          "Pt",
          "Pt",
          "Pt",
          "Pt",
          "Pt",
          "Pt",
          "Pt",
          "Pt",
          "Pt",
          "Pt",
          "Pt",
          "Pt",
          "Pt",
          "Pt",
          "Pt",
          "Pt",
          "Pt",
          "Pt",
          "Pt",
          "Pt",
          "Pt",
          "Pt",
          "Pt",
          "Pt",
          "Pt",
          "Pt",
          "Pt",
          "Pt",
          "Pt",
          "Pt",
          "Pt",
          "Pt",
          "Pt",
          "Pt",
          "Pt",
          "Pt",
          "Pt",
          "Pt",
          "Pt",
          "Pt",
          "Pt",
          "Pt",
          "Pt",
          "Pt",
          "Pt",
          "Pt",
          "Pt",
          "Pt",
          "Pt",
          "Pt",
          "Pt",
          "Pt",
          "Pt",
          "Pt",
          "Pt",
          "Pt",
          "Pt",
          "Pt",
          "O",
          "O",
          "O",
          "O",
          "O",
          "O",
          "O",
          "O",
          "O",
          "O",
          "O",
          "O",
          "O",
          "O",
          "O"
        ],
        "Energy": -482.10174199,
        "Forces": [
          [
            0.0,
            -0.005461,
            0.794433
          ],
          [
            0.0,
            -0.06269,
            0.6841
          ],
          [
            0.0,
            0.022101,
            0.835972
          ],
          [
            0.0,
            0.019549,
            0.830588
          ],
          [
            0.003717,
            -0.008751,
            0.849984
          ],
          [
            0.005872,
            0.003288,
            0.887524
          ],
          [
            -0.003717,
            -0.008751,
            0.849984
          ],
          [
            -0.005872,
            0.003288,
            0.887524
          ],
          [
            0.0,
            0.06269,
            0.6841
          ],
          [
            0.0,
            0.005461,
            0.794433
          ],
          [
            0.0,
            -0.019549,
            0.830588
          ],
          [
            0.0,
            -0.022101,
            0.835972
          ],
          [
            0.005872,
            -0.003288,
            0.887524
          ],
          [
            0.003717,
            0.008751,
            0.849984
          ],
          [
            -0.005872,
            -0.003288,
            0.887524
          ],
          [
            -0.003717,
            0.008751,
            0.849984
          ],
          [
            -0.043745,
            -0.0,
            -0.78912
          ],
          [
            0.06882,
            -0.0,
            -0.852708
          ],
          [
            0.032146,
            -0.0,
            -0.798663
          ],
          [
            0.045611,
            -0.0,
            -0.816399
          ],
          [
            -0.032146,
            -0.0,
            -0.798663
          ],
          [
            -0.045611,
            -0.0,
            -0.816399
          ],
          [
            0.043745,
            -0.0,
            -0.78912
          ],
          [
            -0.06882,
            -0.0,
            -0.852708
          ],
          [
            -0.04888,
            0.031467,
            -0.889636
          ],
          [
            -0.04888,
            -0.031467,
            -0.889636
          ],
          [
            -0.00607,
            -0.022943,
            -0.838268
          ],
          [
            -0.00607,
            0.022943,
            -0.838268
          ],
          [
            0.00607,
            -0.022943,
            -0.838268
          ],
          [
            0.00607,
            0.022943,
            -0.838268
          ],
          [
            0.04888,
            0.031467,
            -0.889636
          ],
          [
            0.04888,
            -0.031467,
            -0.889636
          ],
          [
            0.0,
            0.047614,
            -0.029553
          ],
          [
            0.0,
            0.040545,
            -0.001784
          ],
          [
            0.0,
            -0.000389,
            0.004493
          ],
          [
            0.0,
            -0.004733,
            -0.003802
          ],
          [
            0.016809,
            -0.021305,
            -0.007003
          ],
          [
            -0.014524,
            -0.025931,
            0.01126
          ],
          [
            -0.016809,
            -0.021305,
            -0.007003
          ],
          [
            0.014524,
            -0.025931,
            0.01126
          ],
          [
            0.0,
            -0.040545,
            -0.001784
          ],
          [
            0.0,
            -0.047614,
            -0.029553
          ],
          [
            0.0,
            0.004733,
            -0.003802
          ],
          [
            0.0,
            0.000389,
            0.004493
          ],
          [
            -0.014524,
            0.025931,
            0.01126
          ],
          [
            0.016809,
            0.021305,
            -0.007003
          ],
          [
            0.014524,
            0.025931,
            0.01126
          ],
          [
            -0.016809,
            0.021305,
            -0.007003
          ],
          [
            -0.017978,
            -0.0,
            0.01795
          ],
          [
            0.00855,
            -0.0,
            0.04385
          ],
          [
            -0.004585,
            -0.0,
            -0.003456
          ],
          [
            0.021175,
            -0.0,
            -0.00094
          ],
          [
            0.004585,
            -0.0,
            -0.003456
          ],
          [
            -0.021175,
            -0.0,
            -0.00094
          ],
          [
            0.017978,
            -0.0,
            0.01795
          ],
          [
            -0.00855,
            -0.0,
            0.04385
          ],
          [
            0.018482,
            -0.009865,
            -0.006098
          ],
          [
            0.018482,
            0.009865,
            -0.006098
          ],
          [
            -0.014376,
            0.008748,
            0.007492
          ],
          [
            -0.014376,
            -0.008748,
            0.007492
          ],
          [
            0.014376,
            0.008748,
            0.007492
          ],
          [
            0.014376,
            -0.008748,
            0.007492
          ],
          [
            -0.018482,
            -0.009865,
            -0.006098
          ],
          [
            -0.018482,
            0.009865,
            -0.006098
          ],
          [
            0.0,
            0.008962,
            0.050058
          ],
          [
            0.0,
            -0.004345,
            0.007189
          ],
          [
            0.0,
            -0.001986,
            -0.007142
          ],
          [
            0.0,
            0.001831,
            0.00593
          ],
          [
            -0.00014,
            -0.016685,
            0.012242
          ],
          [
            -0.008641,
            0.005616,
            -0.004738
          ],
          [
            0.00014,
            -0.016685,
            0.012242
          ],
          [
            0.008641,
            0.005616,
            -0.004738
          ],
          [
            0.0,
            0.004345,
            0.007189
          ],
          [
            0.0,
            -0.008962,
            0.050058
          ],
          [
            0.0,
            -0.001831,
            0.00593
          ],
          [
            0.0,
            0.001986,
            -0.007142
          ],
          [
            -0.008641,
            -0.005616,
            -0.004738
          ],
          [
            -0.00014,
            0.016685,
            0.012242
          ],
          [
            0.008641,
            -0.005616,
            -0.004738
          ],
          [
            0.00014,
            0.016685,
            0.012242
          ],
          [
            0.006954,
            -0.0,
            0.002183
          ],
          [
            -0.006954,
            -0.0,
            0.002183
          ],
          [
            0.0,
            -0.0,
            -0.002824
          ],
          [
            0.0,
            -0.0,
            0.047147
          ],
          [
            0.0,
            -0.003603,
            -0.008371
          ],
          [
            0.002329,
            0.006593,
            -0.009441
          ],
          [
            0.0,
            0.001146,
            -0.000832
          ],
          [
            -0.002329,
            0.006593,
            -0.009441
          ],
          [
            0.0,
            0.003603,
            -0.008371
          ],
          [
            0.002329,
            -0.006593,
            -0.009441
          ],
          [
            0.0,
            -0.001146,
            -0.000832
          ],
          [
            -0.002329,
            -0.006593,
            -0.009441
          ],
          [
            0.002935,
            -0.0,
            -0.012149
          ],
          [
            0.0,
            -0.0,
            -0.00125
          ],
          [
            -0.002935,
            -0.0,
            -0.012149
          ]
        ],
        "Lattice": [
          [
            15.96,
            0.0,
            0.0
          ],
          [
            0.0,
            11.285421372,
            0.0
          ],
          [
            0.0,
            0.0,
            19.881450655
          ]
        ],
        "NumAtoms": 95,
        "Positions": [
          [
            0.0,
            2.82136,
            0.0
          ],
          [
            0.0,
            8.46407,
            0.0
          ],
          [
            7.98,
            2.82136,
            0.0
          ],
          [
            7.98,
            8.46407,
            0.0
          ],
          [
            3.99,
            2.82136,
            0.0
          ],
          [
            3.99,
            8.46407,
            0.0
          ],
          [
            11.97,
            2.82136,
            0.0
          ],
          [
            11.97,
            8.46407,
            0.0
          ],
          [
            0.0,
            0.0,
            0.0
          ],
          [
            0.0,
            5.64271,
            0.0
          ],
          [
            7.98,
            0.0,
            0.0
          ],
          [
            7.98,
            5.64271,
            0.0
          ],
          [
            3.99,
            0.0,
            0.0
          ],
          [
            3.99,
            5.64271,
            0.0
          ],
          [
            11.97,
            0.0,
            0.0
          ],
          [
            11.97,
            5.64271,
            0.0
          ],
          [
            1.995,
            4.23203,
            1.41067
          ],
          [
            1.995,
            9.87474,
            1.41067
          ],
          [
            9.975,
            4.23203,
            1.41067
          ],
          [
            9.975,
            9.87474,
            1.41067
          ],
          [
            5.985,
            4.23203,
            1.41067
          ],
          [
            5.985,
            9.87474,
            1.41067
          ],
          [
            13.965,
            4.23203,
            1.41067
          ],
          [
            13.965,
            9.87474,
            1.41067
          ],
          [
            1.995,
            1.41068,
            1.41067
          ],
          [
            1.995,
            7.05339,
            1.41067
          ],
          [
            9.975,
            1.41068,
            1.41067
          ],
          [
            9.975,
            7.05339,
            1.41067
          ],
          [
            5.985,
            1.41068,
            1.41067
          ],
          [
            5.985,
            7.05339,
            1.41067
          ],
          [
            13.965,
            1.41068,
            1.41067
          ],
          [
            13.965,
            7.05339,
            1.41067
          ],
          [
            -0.0,
            -0.01065,
            2.80607
          ],
          [
            -0.0,
            5.64331,
            2.84453
          ],
          [
            7.98,
            0.00081,
            2.83429
          ],
          [
            7.98,
            5.64452,
            2.83536
          ],
          [
            3.97929,
            -0.00226,
            2.84221
          ],
          [
            3.98958,
            5.64321,
            2.83206
          ],
          [
            11.98071,
            -0.00226,
            2.84221
          ],
          [
            11.97042,
            5.64321,
            2.83206
          ],
          [
            -0.0,
            2.82075,
            2.84453
          ],
          [
            -0.0,
            8.47471,
            2.80607
          ],
          [
            7.98,
            2.81954,
            2.83536
          ],
          [
            7.98,
            8.46326,
            2.83429
          ],
          [
            3.98958,
            2.82086,
            2.83206
          ],
          [
            3.97929,
            8.46632,
            2.84221
          ],
          [
            11.97042,
            2.82086,
            2.83206
          ],
          [
            11.98071,
            8.46632,
            2.84221
          ],
          [
            1.97439,
            4.23203,
            4.26928
          ],
          [
            1.97384,
            9.87474,
            4.28058
          ],
          [
            9.97478,
            4.23203,
            4.25305
          ],
          [
            9.9693,
            9.87474,
            4.25288
          ],
          [
            5.98522,
            4.23203,
            4.25305
          ],
          [
            5.9907,
            9.87474,
            4.25288
          ],
          [
            13.98561,
            4.23203,
            4.26928
          ],
          [
            13.98616,
            9.87474,
            4.28058
          ],
          [
            2.00613,
            1.42698,
            4.25593
          ],
          [
            2.00613,
            7.0371,
            4.25593
          ],
          [
            9.98168,
            1.40863,
            4.253
          ],
          [
            9.98168,
            7.05545,
            4.253
          ],
          [
            5.97832,
            1.40863,
            4.253
          ],
          [
            5.97832,
            7.05545,
            4.253
          ],
          [
            13.95387,
            1.42698,
            4.25593
          ],
          [
            13.95387,
            7.0371,
            4.25593
          ],
          [
            -0.0,
            2.78357,
            5.73959
          ],
          [
            -0.0,
            8.50188,
            5.57785
          ],
          [
            7.98,
            2.82193,
            5.67068
          ],
          [
            7.98,
            8.46356,
            5.67433
          ],
          [
            3.98834,
            2.82485,
            5.67335
          ],
          [
            4.00235,
            8.47047,
            5.67772
          ],
          [
            11.97166,
            2.82485,
            5.67335
          ],
          [
            11.95765,
            8.47047,
            5.67772
          ],
          [
            -0.0,
            -0.03782,
            5.57785
          ],
          [
            -0.0,
            5.68049,
            5.73959
          ],
          [
            7.98,
            0.00051,
            5.67433
          ],
          [
            7.98,
            5.64214,
            5.67068
          ],
          [
            4.00235,
            -0.00641,
            5.67772
          ],
          [
            3.98834,
            5.63921,
            5.67335
          ],
          [
            11.95765,
            -0.00641,
            5.67772
          ],
          [
            11.97166,
            5.63921,
            5.67335
          ],
          [
            3.99819,
            4.23203,
            7.02856
          ],
          [
            11.96181,
            4.23203,
            7.02856
          ],
          [
            7.98,
            4.23203,
            7.02524
          ],
          [
            -0.0,
            4.23203,
            7.04389
          ],
          [
            -0.0,
            1.22666,
            7.00542
          ],
          [
            3.99312,
            1.41219,
            7.02582
          ],
          [
            7.98,
            1.41309,
            7.02408
          ],
          [
            11.96688,
            1.41219,
            7.02582
          ],
          [
            -0.0,
            7.23741,
            7.00542
          ],
          [
            3.99312,
            7.05188,
            7.02582
          ],
          [
            7.98,
            7.05097,
            7.02408
          ],
          [
            11.96688,
            7.05188,
            7.02582
          ],
          [
            3.99608,
            9.87474,
            7.03819
          ],
          [
            7.98,
            9.87474,
            7.02705
          ],
          [
            11.96392,
            9.87474,
            7.03819
          ]
        ],
        "Stress": [
          [
            -30.11446,
            0.0,
            0.0
          ],
          [
            0.0,
            -37.00866,
            0.0
          ],
          [
            0.0,
            0.0,
            -12.68946
          ]
        ],
        "computation_code": "VASP",
        "pseudopotential_information": [
          [
            "PAW_PBE",
            "Pt",
            "04Feb2005"
          ],
          [
            "PAW_PBE",
            "O",
            "08Apr2002"
          ]
        ]
      }
    ],
    "EnergyStyle": "electronvolt",
    "ForcesStyle": "electronvoltperangstrom",
    "LatticeStyle": "angstrom",
    "PositionsStyle": "angstrom",
    "StressStyle": "kB"
  }
}