{
  "Dataset": {
    "AtomTypeStyle": "chemicalsymbol",
    "Data": [
      {
        "AtomTypes": [
          "Pt",
          "Pt",
          "Pt",
          "Pt",
          "Pt",
          "Pt",
          "Pt",
          "Pt",
          "Pt",
          "Pt",
          "Pt",
          "Pt",
          "Pt",
          "Pt",
          "Pt",
          "Pt",
          "Pt",
          "Pt",
          "Pt",
          "Pt",
          "Pt",
          "Pt",
          "Pt",
          "Pt",
          "Pt",
          "Pt",
          "Pt",
          "Pt",
          "Pt",
          "Pt",
          "Pt",
          "Pt",
          "Pt",
          "Pt",
          "Pt",
          "Pt",
          "Pt",
          "Pt",
          "Pt",
          "Pt",
          "Pt",
          "Pt",
          "Pt",
          "Pt",
          "Pt",
          "Pt",
          "Pt",
          "Pt",
          "Pt",
          "Pt",
          "Pt",
          "Pt",
          "Pt",
          "Pt",
          "Pt",
          "Pt",
          "Pt",
          "Pt",
          "Pt",
          "Pt",
          "Pt",
          "Pt",
          "Pt",
          "Pt",
          "H",
          "H"
        ],
        "Energy": -199.59418318,
        "Forces": [
          [
            0.000546,
            -0.000448,
            0.366963
          ],
          [
            0.059512,
            -0.002447,
            0.325368
          ],
          [
            -0.010385,
            -0.013413,
            0.364752
          ],
          [
            -0.018709,
            0.012942,
            0.347577
          ],
          [
            0.010101,
            0.012383,
            0.366407
          ],
          [
            0.019548,
            -0.013877,
            0.348848
          ],
          [
            0.000676,
            -0.00039,
            0.365943
          ],
          [
            -0.058182,
            0.001476,
            0.325295
          ],
          [
            -0.004089,
            -0.00087,
            0.382678
          ],
          [
            0.006344,
            0.00016,
            0.365154
          ],
          [
            0.009245,
            -0.012691,
            0.348484
          ],
          [
            -0.05104,
            0.016405,
            0.311608
          ],
          [
            0.003732,
            0.000248,
            0.383338
          ],
          [
            -0.006513,
            -0.000993,
            0.364517
          ],
          [
            -0.008221,
            0.011014,
            0.348886
          ],
          [
            0.053026,
            -0.016603,
            0.310336
          ],
          [
            0.013225,
            0.005901,
            -0.362948
          ],
          [
            0.041553,
            -0.037353,
            -0.311996
          ],
          [
            -0.023764,
            -0.006643,
            -0.428101
          ],
          [
            -0.040119,
            -0.001491,
            -0.362904
          ],
          [
            -0.036153,
            0.040047,
            -0.311513
          ],
          [
            -0.012651,
            -0.001761,
            -0.360126
          ],
          [
            0.033631,
            0.002237,
            -0.365461
          ],
          [
            0.020545,
            0.007444,
            -0.427379
          ],
          [
            0.036792,
            -0.040123,
            -0.323857
          ],
          [
            0.024215,
            0.079536,
            -0.350076
          ],
          [
            -0.046386,
            -0.025299,
            -0.385351
          ],
          [
            -0.022605,
            0.045749,
            -0.407274
          ],
          [
            -0.035412,
            0.049348,
            -0.321277
          ],
          [
            -0.019584,
            -0.077073,
            -0.347869
          ],
          [
            0.039947,
            0.026263,
            -0.386776
          ],
          [
            0.019916,
            -0.044373,
            -0.406414
          ],
          [
            -0.013607,
            -0.009231,
            0.000878
          ],
          [
            -0.008849,
            0.007486,
            -0.006106
          ],
          [
            0.003188,
            -2.3e-05,
            0.010754
          ],
          [
            0.000419,
            0.000336,
            0.013495
          ],
          [
            0.008944,
            -0.011014,
            -0.004646
          ],
          [
            0.011761,
            0.008105,
            -0.004564
          ],
          [
            0.001674,
            -8.9e-05,
            0.011122
          ],
          [
            -0.002727,
            0.001102,
            0.010095
          ],
          [
            0.01096,
            0.008731,
            -0.009885
          ],
          [
            0.01066,
            -0.011281,
            -0.008678
          ],
          [
            0.000533,
            0.001996,
            0.011708
          ],
          [
            0.002393,
            -0.000883,
            0.011785
          ],
          [
            -0.002561,
            -0.001542,
            0.00824
          ],
          [
            -0.001065,
            -0.001852,
            0.010911
          ],
          [
            -0.011609,
            0.010611,
            -0.003428
          ],
          [
            -0.013235,
            -0.008501,
            -0.003334
          ],
          [
            -0.002708,
            0.006026,
            0.012419
          ],
          [
            0.006049,
            0.014581,
            0.021177
          ],
          [
            0.001806,
            5.8e-05,
            0.008807
          ],
          [
            -0.00504,
            -0.005984,
            0.013672
          ],
          [
            -0.007945,
            -0.013372,
            0.023661
          ],
          [
            -0.000578,
            -0.01129,
            0.005749
          ],
          [
            0.002504,
            0.005614,
            0.016648
          ],
          [
            -0.000378,
            0.0018,
            0.011334
          ],
          [
            0.005818,
            0.003413,
            0.015623
          ],
          [
            -0.001403,
            -0.025302,
            0.015482
          ],
          [
            -0.005091,
            0.007917,
            0.00741
          ],
          [
            0.000938,
            -0.000331,
            0.01014
          ],
          [
            -0.008543,
            -0.007154,
            0.016815
          ],
          [
            -0.000557,
            0.02302,
            0.017686
          ],
          [
            0.002072,
            -0.00581,
            0.011482
          ],
          [
            0.000337,
            0.000411,
            0.017913
          ],
          [
            0.016506,
            0.000669,
            -0.017119
          ],
          [
            0.000591,
            -0.003523,
            -0.024082
          ]
        ],
        "Lattice": [
          [
            11.254311534,
            0.0,
            0.0
          ],
          [
            0.0,
            11.254311534,
            0.0
          ],
          [
            0.0,
            0.0,
            19.51702499
          ]
        ],
        "NumAtoms": 66,
        "Positions": [
          [
            4.22037,
            1.40679,
            0.0
          ],
          [
            4.22037,
            7.03394,
            0.0
          ],
          [
            9.84752,
            1.40679,
            0.0
          ],
          [
            9.84752,
            7.03394,
            0.0
          ],
          [
            4.22037,
            4.22037,
            0.0
          ],
          [
            4.22037,
            9.84752,
            0.0
          ],
          [
            9.84752,
            4.22037,
            0.0
          ],
          [
            9.84752,
            9.84752,
            0.0
          ],
          [
            1.40679,
            1.40679,
            0.0
          ],
          [
            1.40679,
            7.03394,
            0.0
          ],
          [
            7.03394,
            1.40679,
            0.0
          ],
          [
            7.03394,
            7.03394,
            0.0
          ],
          [
            1.40679,
            4.22037,
            0.0
          ],
          [
            1.40679,
            9.84752,
            0.0
          ],
          [
            7.03394,
            4.22037,
            0.0
          ],
          [
            7.03394,
            9.84752,
            0.0
          ],
          [
            0.0,
            0.0,
            1.98957
          ],
          [
            0.0,
            5.62716,
            1.98957
          ],
          [
            5.62716,
            0.0,
            1.98957
          ],
          [
            5.62716,
            5.62716,
            1.98957
          ],
          [
            2.81358,
            0.0,
            1.98957
          ],
          [
            2.81358,
            5.62716,
            1.98957
          ],
          [
            8.44073,
            0.0,
            1.98957
          ],
          [
            8.44073,
            5.62716,
            1.98957
          ],
          [
            0.0,
            2.81358,
            1.98957
          ],
          [
            0.0,
            8.44073,
            1.98957
          ],
          [
            5.62716,
            2.81358,
            1.98957
          ],
          [
            5.62716,
            8.44073,
            1.98957
          ],
          [
            2.81358,
            2.81358,
            1.98957
          ],
          [
            2.81358,
            8.44073,
            1.98957
          ],
          [
            8.44073,
            2.81358,
            1.98957
          ],
          [
            8.44073,
            8.44073,
            1.98957
          ],
          [
            1.40497,
            1.42036,
            3.97
          ],
          [
            1.41267,
            7.02233,
            3.95312
          ],
          [
            7.03034,
            1.40784,
            3.9348
          ],
          [
            7.0325,
            7.03325,
            3.93391
          ],
          [
            4.20973,
            1.42052,
            3.95042
          ],
          [
            4.21102,
            7.02354,
            3.95041
          ],
          [
            9.85791,
            1.40658,
            3.95584
          ],
          [
            9.85448,
            7.03312,
            3.93819
          ],
          [
            1.40863,
            4.20939,
            3.97154
          ],
          [
            1.40098,
            9.86141,
            3.95332
          ],
          [
            7.03535,
            4.21953,
            3.93467
          ],
          [
            7.03383,
            9.84874,
            3.93407
          ],
          [
            4.20885,
            4.22225,
            3.95762
          ],
          [
            4.21356,
            9.84948,
            3.93845
          ],
          [
            9.8577,
            4.20865,
            3.94916
          ],
          [
            9.85649,
            9.85861,
            3.94909
          ],
          [
            11.25171,
            11.23027,
            5.95551
          ],
          [
            11.24108,
            5.62577,
            5.8757
          ],
          [
            5.62594,
            11.25236,
            5.87026
          ],
          [
            5.64331,
            5.63303,
            5.86844
          ],
          [
            2.82584,
            0.00466,
            5.87535
          ],
          [
            2.81454,
            5.65543,
            5.95922
          ],
          [
            8.42364,
            11.24935,
            5.86675
          ],
          [
            8.44061,
            5.62979,
            5.86862
          ],
          [
            11.23604,
            2.83433,
            5.95814
          ],
          [
            11.25401,
            8.45091,
            5.87132
          ],
          [
            5.64063,
            2.81129,
            5.87442
          ],
          [
            5.62807,
            8.44517,
            5.86379
          ],
          [
            2.82897,
            2.79718,
            5.95925
          ],
          [
            2.81402,
            8.43353,
            5.87158
          ],
          [
            8.42577,
            2.81675,
            5.87234
          ],
          [
            8.4393,
            8.43725,
            5.86154
          ],
          [
            11.20974,
            1.40335,
            6.99124
          ],
          [
            2.82548,
            4.22767,
            6.99521
          ]
        ],
        "Stress": [
          [
            -34.58891,
            0.0103,
            0.0199
          ],
          [
            0.0103,
            -34.92919,
            -0.02869
          ],
          [
            0.0199,
            -0.02869,
            -7.54754
          ]
        ],
        "computation_code": "VASP",
        "pseudopotential_information": [
          [
            "PAW_PBE",
            "Pt",
            "04Feb2005"
          ],
          [
            "PAW_PBE",
            "H",
            "15Jun2001"
          ]
        ]
      }
    ],
    "EnergyStyle": "electronvolt",
    "ForcesStyle": "electronvoltperangstrom",
    "LatticeStyle": "angstrom",
    "PositionsStyle": "angstrom",
    "StressStyle": "kB"
  }
}