{
  "Dataset": {
    "AtomTypeStyle": "chemicalsymbol",
    "Data": [
      {
        "AtomTypes": [
          "Pt",
          "Pt",
          "Pt",
          "Pt",
          "Pt",
          "Pt",
          "Pt",
          "Pt",
          "Pt",
          "Pt",
          "Pt",
          "Pt",
          "Pt",
          "Pt",
          "Pt",
          "Pt",
          "Pt",
          "Pt",
          "Pt",
          "Pt",
          "Pt",
          "Pt",
          "Pt",
          "Pt",
          "Pt",
          "Pt",
          "Pt",
          "Pt",
          "Pt",
          "Pt",
          "Pt",
          "Pt",
          "Pt",
          "Pt",
          "Pt",
          "Pt",
          "Pt",
          "Pt",
          "Pt",
          "Pt",
          "Pt",
          "Pt",
          "Pt",
          "Pt",
          "Pt",
          "Pt",
          "Pt",
          "Pt",
          "Pt",
          "Pt",
          "Pt",
          "Pt",
          "Pt",
          "Pt",
          "Pt",
          "Pt",
          "Pt",
          "Pt",
          "Pt",
          "Pt",
          "Pt",
          "Pt",
          "Pt",
          "Pt",
          "H",
          "H"
        ],
        "Energy": -199.56477787,
        "Forces": [
          [
            0.009063,
            -0.009062,
            0.388616
          ],
          [
            0.01134,
            -0.004316,
            0.358405
          ],
          [
            0.004316,
            -0.01134,
            0.358405
          ],
          [
            -0.051783,
            0.051783,
            0.292284
          ],
          [
            0.005401,
            0.01263,
            0.379128
          ],
          [
            0.003397,
            0.007472,
            0.36759
          ],
          [
            0.001183,
            0.026354,
            0.346953
          ],
          [
            -0.003541,
            -0.064502,
            0.302548
          ],
          [
            -0.012629,
            -0.005401,
            0.379128
          ],
          [
            -0.026354,
            -0.001183,
            0.346953
          ],
          [
            -0.007473,
            -0.003397,
            0.36759
          ],
          [
            0.064503,
            0.003541,
            0.302548
          ],
          [
            -0.004841,
            0.004841,
            0.370242
          ],
          [
            -0.01323,
            -0.000422,
            0.352361
          ],
          [
            0.000421,
            0.013229,
            0.352362
          ],
          [
            0.024488,
            -0.024489,
            0.343988
          ],
          [
            0.004768,
            0.005891,
            -0.408048
          ],
          [
            0.018056,
            -0.018055,
            -0.42337
          ],
          [
            -0.021887,
            0.021888,
            -0.371129
          ],
          [
            -0.005892,
            -0.004768,
            -0.408048
          ],
          [
            -0.015682,
            0.06341,
            -0.31967
          ],
          [
            -0.003749,
            -0.096859,
            -0.315276
          ],
          [
            0.01873,
            0.036589,
            -0.435054
          ],
          [
            0.036236,
            -0.032533,
            -0.424811
          ],
          [
            0.096859,
            0.003749,
            -0.315277
          ],
          [
            0.032534,
            -0.036236,
            -0.42481
          ],
          [
            -0.06341,
            0.015683,
            -0.319669
          ],
          [
            -0.036589,
            -0.01873,
            -0.435054
          ],
          [
            0.038437,
            -0.038437,
            -0.300479
          ],
          [
            0.02716,
            0.044421,
            -0.333958
          ],
          [
            -0.044421,
            -0.02716,
            -0.333959
          ],
          [
            -0.027276,
            0.027276,
            -0.365414
          ],
          [
            -0.01002,
            -0.010532,
            0.005032
          ],
          [
            -0.007122,
            0.00524,
            0.026234
          ],
          [
            0.009856,
            -0.016833,
            0.003309
          ],
          [
            0.002935,
            0.001997,
            0.033437
          ],
          [
            -0.004257,
            0.004256,
            0.024745
          ],
          [
            0.006386,
            0.002233,
            0.025792
          ],
          [
            -0.002233,
            -0.006387,
            0.025793
          ],
          [
            -0.000851,
            0.000852,
            0.037569
          ],
          [
            -0.025737,
            0.025737,
            -0.016394
          ],
          [
            -0.017588,
            -0.01408,
            0.003799
          ],
          [
            0.01408,
            0.017587,
            0.003799
          ],
          [
            0.004222,
            -0.004222,
            0.030785
          ],
          [
            0.010532,
            0.010019,
            0.005032
          ],
          [
            0.016833,
            -0.009856,
            0.003309
          ],
          [
            -0.00524,
            0.007121,
            0.026234
          ],
          [
            -0.001996,
            -0.002935,
            0.033438
          ],
          [
            -0.004605,
            -0.000695,
            -0.002258
          ],
          [
            -0.002435,
            0.002435,
            -0.009869
          ],
          [
            -0.000334,
            0.000334,
            0.006304
          ],
          [
            0.000695,
            0.004604,
            -0.002258
          ],
          [
            -0.000752,
            0.078711,
            0.062839
          ],
          [
            0.000245,
            0.037654,
            0.00411
          ],
          [
            -0.001677,
            -0.002865,
            -0.006149
          ],
          [
            0.001604,
            0.002814,
            0.000744
          ],
          [
            -0.037653,
            -0.000245,
            0.004109
          ],
          [
            -0.002814,
            -0.001604,
            0.000744
          ],
          [
            -0.07871,
            0.000752,
            0.06284
          ],
          [
            0.002864,
            0.001678,
            -0.006148
          ],
          [
            0.05853,
            -0.058531,
            0.082786
          ],
          [
            -0.000384,
            -0.029037,
            0.003392
          ],
          [
            0.029038,
            0.000384,
            0.003392
          ],
          [
            -0.00139,
            0.00139,
            0.007392
          ],
          [
            -0.007993,
            0.002163,
            -0.07948
          ],
          [
            -0.002162,
            0.007993,
            -0.07948
          ]
        ],
        "Lattice": [
          [
            11.254311534,
            0.0,
            0.0
          ],
          [
            0.0,
            11.254311534,
            0.0
          ],
          [
            0.0,
            0.0,
            19.51702499
          ]
        ],
        "NumAtoms": 66,
        "Positions": [
          [
            4.22037,
            1.40679,
            0.0
          ],
          [
            4.22037,
            7.03394,
            0.0
          ],
          [
            9.84752,
            1.40679,
            0.0
          ],
          [
            9.84752,
            7.03394,
            0.0
          ],
          [
            4.22037,
            4.22037,
            0.0
          ],
          [
            4.22037,
            9.84752,
            0.0
          ],
          [
            9.84752,
            4.22037,
            0.0
          ],
          [
            9.84752,
            9.84752,
            0.0
          ],
          [
            1.40679,
            1.40679,
            0.0
          ],
          [
            1.40679,
            7.03394,
            0.0
          ],
          [
            7.03394,
            1.40679,
            0.0
          ],
          [
            7.03394,
            7.03394,
            0.0
          ],
          [
            1.40679,
            4.22037,
            0.0
          ],
          [
            1.40679,
            9.84752,
            0.0
          ],
          [
            7.03394,
            4.22037,
            0.0
          ],
          [
            7.03394,
            9.84752,
            0.0
          ],
          [
            0.0,
            0.0,
            1.98957
          ],
          [
            0.0,
            5.62716,
            1.98957
          ],
          [
            5.62716,
            0.0,
            1.98957
          ],
          [
            5.62716,
            5.62716,
            1.98957
          ],
          [
            2.81358,
            0.0,
            1.98957
          ],
          [
            2.81358,
            5.62716,
            1.98957
          ],
          [
            8.44073,
            0.0,
            1.98957
          ],
          [
            8.44073,
            5.62716,
            1.98957
          ],
          [
            0.0,
            2.81358,
            1.98957
          ],
          [
            0.0,
            8.44073,
            1.98957
          ],
          [
            5.62716,
            2.81358,
            1.98957
          ],
          [
            5.62716,
            8.44073,
            1.98957
          ],
          [
            2.81358,
            2.81358,
            1.98957
          ],
          [
            2.81358,
            8.44073,
            1.98957
          ],
          [
            8.44073,
            2.81358,
            1.98957
          ],
          [
            8.44073,
            8.44073,
            1.98957
          ],
          [
            1.42793,
            1.41289,
            3.96898
          ],
          [
            1.41047,
            7.02471,
            3.93939
          ],
          [
            7.01973,
            1.41594,
            3.95226
          ],
          [
            7.03062,
            7.03171,
            3.93341
          ],
          [
            4.2112,
            1.41595,
            3.97779
          ],
          [
            4.21722,
            7.03107,
            3.93886
          ],
          [
            9.8504,
            1.40994,
            3.93886
          ],
          [
            9.85049,
            7.03097,
            3.93396
          ],
          [
            1.42844,
            4.19872,
            3.96416
          ],
          [
            1.41076,
            9.85591,
            3.94397
          ],
          [
            7.02555,
            4.21639,
            3.94397
          ],
          [
            7.02731,
            9.85416,
            3.93419
          ],
          [
            4.21427,
            4.19922,
            3.96898
          ],
          [
            4.21121,
            9.86173,
            3.95226
          ],
          [
            9.85676,
            4.21668,
            3.93939
          ],
          [
            9.84976,
            9.85085,
            3.93341
          ],
          [
            11.23534,
            11.24676,
            5.87581
          ],
          [
            11.25378,
            5.62769,
            5.87663
          ],
          [
            5.63635,
            11.24511,
            5.88001
          ],
          [
            5.63471,
            5.64613,
            5.87581
          ],
          [
            2.80204,
            11.20863,
            5.94576
          ],
          [
            2.81203,
            5.62665,
            5.87845
          ],
          [
            8.44169,
            11.25303,
            5.87149
          ],
          [
            8.44574,
            5.62751,
            5.86406
          ],
          [
            0.0005,
            2.81513,
            5.87845
          ],
          [
            11.25396,
            8.43572,
            5.86406
          ],
          [
            5.67284,
            2.82511,
            5.94576
          ],
          [
            5.62844,
            8.43977,
            5.87149
          ],
          [
            2.78548,
            2.84167,
            6.06425
          ],
          [
            2.81155,
            8.44032,
            5.87221
          ],
          [
            8.44115,
            2.81561,
            5.87221
          ],
          [
            8.43949,
            8.44198,
            5.85551
          ],
          [
            2.65704,
            1.35057,
            7.01278
          ],
          [
            4.27659,
            2.97012,
            7.01278
          ]
        ],
        "Stress": [
          [
            -34.79478,
            0.1305,
            -0.14042
          ],
          [
            0.1305,
            -34.79478,
            0.14042
          ],
          [
            -0.14042,
            0.14042,
            -7.65414
          ]
        ],
        "computation_code": "VASP",
        "pseudopotential_information": [
          [
            "PAW_PBE",
            "Pt",
            "04Feb2005"
          ],
          [
            "PAW_PBE",
            "H",
            "15Jun2001"
          ]
        ]
      }
    ],
    "EnergyStyle": "electronvolt",
    "ForcesStyle": "electronvoltperangstrom",
    "LatticeStyle": "angstrom",
    "PositionsStyle": "angstrom",
    "StressStyle": "kB"
  }
}