{
  "Dataset": {
    "AtomTypeStyle": "chemicalsymbol",
    "Data": [
      {
        "AtomTypes": [
          "Pt",
          "Pt",
          "Pt",
          "Pt",
          "Pt",
          "Pt",
          "Pt",
          "Pt",
          "Pt",
          "Pt",
          "Pt",
          "Pt",
          "Pt",
          "Pt",
          "Pt",
          "Pt",
          "Pt",
          "Pt",
          "Pt",
          "Pt",
          "Pt",
          "Pt",
          "Pt",
          "Pt",
          "Pt",
          "Pt",
          "Pt",
          "Pt",
          "Pt",
          "Pt",
          "Pt",
          "Pt",
          "Pt",
          "Pt",
          "Pt",
          "Pt",
          "Pt",
          "Pt",
          "Pt",
          "Pt",
          "Pt",
          "Pt",
          "Pt",
          "Pt",
          "Pt",
          "Pt",
          "Pt",
          "Pt",
          "Pt",
          "Pt",
          "Pt",
          "Pt",
          "Pt",
          "Pt",
          "Pt",
          "Pt",
          "Pt",
          "Pt",
          "Pt",
          "Pt",
          "Pt",
          "Pt",
          "Pt",
          "Pt",
          "H"
        ],
        "Energy": -195.63206416,
        "Forces": [
          [
            -0.00507,
            0.0,
            0.352329
          ],
          [
            0.054703,
            0.0,
            0.312984
          ],
          [
            -0.003813,
            0.0,
            0.368243
          ],
          [
            -0.012174,
            0.0,
            0.351173
          ],
          [
            0.004509,
            0.0131,
            0.341745
          ],
          [
            0.004509,
            -0.0131,
            0.341745
          ],
          [
            -0.005541,
            0.000559,
            0.356386
          ],
          [
            -0.005541,
            -0.000559,
            0.356386
          ],
          [
            0.003813,
            0.0,
            0.368243
          ],
          [
            0.012174,
            0.0,
            0.351173
          ],
          [
            0.00507,
            0.0,
            0.352329
          ],
          [
            -0.054703,
            0.0,
            0.312984
          ],
          [
            0.005541,
            0.000559,
            0.356386
          ],
          [
            0.005541,
            -0.000559,
            0.356386
          ],
          [
            -0.004509,
            0.0131,
            0.341745
          ],
          [
            -0.004509,
            -0.0131,
            0.341745
          ],
          [
            -0.0,
            0.031804,
            -0.31335
          ],
          [
            -0.0,
            -0.048572,
            -0.309688
          ],
          [
            -0.0,
            0.013438,
            -0.381659
          ],
          [
            -0.0,
            -0.014699,
            -0.359257
          ],
          [
            -0.037542,
            -0.009479,
            -0.363857
          ],
          [
            -0.016737,
            0.029229,
            -0.406417
          ],
          [
            0.037542,
            -0.009479,
            -0.363857
          ],
          [
            0.016737,
            0.029229,
            -0.406417
          ],
          [
            -0.0,
            -0.031804,
            -0.31335
          ],
          [
            -0.0,
            0.048572,
            -0.309688
          ],
          [
            -0.0,
            -0.013438,
            -0.381659
          ],
          [
            -0.0,
            0.014699,
            -0.359257
          ],
          [
            -0.037542,
            0.009479,
            -0.363857
          ],
          [
            -0.016737,
            -0.029229,
            -0.406417
          ],
          [
            0.037542,
            0.009479,
            -0.363857
          ],
          [
            0.016737,
            -0.029229,
            -0.406417
          ],
          [
            -0.000719,
            0.0,
            0.007199
          ],
          [
            0.002284,
            0.0,
            0.008146
          ],
          [
            0.001042,
            0.0,
            0.011085
          ],
          [
            -0.001585,
            0.0,
            0.01215
          ],
          [
            -0.001042,
            0.0,
            0.011085
          ],
          [
            0.001585,
            0.0,
            0.01215
          ],
          [
            0.000719,
            0.0,
            0.007199
          ],
          [
            -0.002284,
            0.0,
            0.008146
          ],
          [
            -0.003279,
            0.005243,
            0.010851
          ],
          [
            -0.003279,
            -0.005243,
            0.010851
          ],
          [
            -0.001578,
            -0.001073,
            0.010938
          ],
          [
            -0.001578,
            0.001073,
            0.010938
          ],
          [
            0.001578,
            -0.001073,
            0.010938
          ],
          [
            0.001578,
            0.001073,
            0.010938
          ],
          [
            0.003279,
            0.005243,
            0.010851
          ],
          [
            0.003279,
            -0.005243,
            0.010851
          ],
          [
            -0.0,
            -0.003865,
            0.003357
          ],
          [
            -0.0,
            0.003843,
            0.005185
          ],
          [
            -0.0,
            0.00166,
            0.004721
          ],
          [
            -0.0,
            -0.00029,
            0.007827
          ],
          [
            -0.003819,
            -0.000415,
            0.007679
          ],
          [
            -0.000743,
            -0.003079,
            0.00602
          ],
          [
            0.003819,
            -0.000415,
            0.007679
          ],
          [
            0.000743,
            -0.003079,
            0.00602
          ],
          [
            -0.0,
            0.003865,
            0.003357
          ],
          [
            -0.0,
            -0.003843,
            0.005185
          ],
          [
            -0.0,
            -0.00166,
            0.004721
          ],
          [
            -0.0,
            0.00029,
            0.007827
          ],
          [
            -0.003819,
            0.000415,
            0.007679
          ],
          [
            -0.000743,
            0.003079,
            0.00602
          ],
          [
            0.003819,
            0.000415,
            0.007679
          ],
          [
            0.000743,
            0.003079,
            0.00602
          ],
          [
            -0.0,
            0.0,
            -0.014272
          ]
        ],
        "Lattice": [
          [
            11.254311534,
            0.0,
            0.0
          ],
          [
            0.0,
            11.254311534,
            0.0
          ],
          [
            0.0,
            0.0,
            19.51702499
          ]
        ],
        "NumAtoms": 65,
        "Positions": [
          [
            4.22037,
            1.40679,
            0.0
          ],
          [
            4.22037,
            7.03394,
            0.0
          ],
          [
            9.84752,
            1.40679,
            0.0
          ],
          [
            9.84752,
            7.03394,
            0.0
          ],
          [
            4.22037,
            4.22037,
            0.0
          ],
          [
            4.22037,
            9.84752,
            0.0
          ],
          [
            9.84752,
            4.22037,
            0.0
          ],
          [
            9.84752,
            9.84752,
            0.0
          ],
          [
            1.40679,
            1.40679,
            0.0
          ],
          [
            1.40679,
            7.03394,
            0.0
          ],
          [
            7.03394,
            1.40679,
            0.0
          ],
          [
            7.03394,
            7.03394,
            0.0
          ],
          [
            1.40679,
            4.22037,
            0.0
          ],
          [
            1.40679,
            9.84752,
            0.0
          ],
          [
            7.03394,
            4.22037,
            0.0
          ],
          [
            7.03394,
            9.84752,
            0.0
          ],
          [
            0.0,
            0.0,
            1.98957
          ],
          [
            0.0,
            5.62716,
            1.98957
          ],
          [
            5.62716,
            0.0,
            1.98957
          ],
          [
            5.62716,
            5.62716,
            1.98957
          ],
          [
            2.81358,
            0.0,
            1.98957
          ],
          [
            2.81358,
            5.62716,
            1.98957
          ],
          [
            8.44073,
            0.0,
            1.98957
          ],
          [
            8.44073,
            5.62716,
            1.98957
          ],
          [
            0.0,
            2.81358,
            1.98957
          ],
          [
            0.0,
            8.44073,
            1.98957
          ],
          [
            5.62716,
            2.81358,
            1.98957
          ],
          [
            5.62716,
            8.44073,
            1.98957
          ],
          [
            2.81358,
            2.81358,
            1.98957
          ],
          [
            2.81358,
            8.44073,
            1.98957
          ],
          [
            8.44073,
            2.81358,
            1.98957
          ],
          [
            8.44073,
            8.44073,
            1.98957
          ],
          [
            1.39876,
            1.40679,
            3.96213
          ],
          [
            1.40425,
            7.03394,
            3.94477
          ],
          [
            7.03569,
            1.40679,
            3.94124
          ],
          [
            7.03642,
            7.03394,
            3.94067
          ],
          [
            4.21862,
            1.40679,
            3.94124
          ],
          [
            4.21789,
            7.03394,
            3.94067
          ],
          [
            9.85555,
            1.40679,
            3.96213
          ],
          [
            9.85006,
            7.03394,
            3.94477
          ],
          [
            1.40018,
            4.20972,
            3.9535
          ],
          [
            1.40018,
            9.85817,
            3.9535
          ],
          [
            7.03739,
            4.21973,
            3.93987
          ],
          [
            7.03739,
            9.84816,
            3.93987
          ],
          [
            4.21692,
            4.21973,
            3.93987
          ],
          [
            4.21692,
            9.84816,
            3.93987
          ],
          [
            9.85413,
            4.20972,
            3.9535
          ],
          [
            9.85413,
            9.85817,
            3.9535
          ],
          [
            0.0,
            11.23082,
            5.95769
          ],
          [
            0.0,
            5.62214,
            5.87634
          ],
          [
            5.62716,
            11.25303,
            5.87397
          ],
          [
            5.62716,
            5.62653,
            5.86712
          ],
          [
            2.82775,
            11.24973,
            5.87757
          ],
          [
            2.81475,
            5.62939,
            5.87428
          ],
          [
            8.42656,
            11.24973,
            5.87757
          ],
          [
            8.43956,
            5.62939,
            5.87428
          ],
          [
            0.0,
            2.83707,
            5.95769
          ],
          [
            0.0,
            8.44575,
            5.87634
          ],
          [
            5.62716,
            2.81486,
            5.87397
          ],
          [
            5.62716,
            8.44136,
            5.86712
          ],
          [
            2.82775,
            2.81816,
            5.87757
          ],
          [
            2.81475,
            8.4385,
            5.87428
          ],
          [
            8.42656,
            2.81816,
            5.87757
          ],
          [
            8.43956,
            8.4385,
            5.87428
          ],
          [
            0.0,
            1.40679,
            6.99095
          ]
        ],
        "Stress": [
          [
            -34.52473,
            0.0,
            0.0
          ],
          [
            0.0,
            -34.6835,
            0.0
          ],
          [
            0.0,
            0.0,
            -7.50934
          ]
        ],
        "computation_code": "VASP",
        "pseudopotential_information": [
          [
            "PAW_PBE",
            "Pt",
            "04Feb2005"
          ],
          [
            "PAW_PBE",
            "H",
            "15Jun2001"
          ]
        ]
      }
    ],
    "EnergyStyle": "electronvolt",
    "ForcesStyle": "electronvoltperangstrom",
    "LatticeStyle": "angstrom",
    "PositionsStyle": "angstrom",
    "StressStyle": "kB"
  }
}