{
  "Dataset": {
    "AtomTypeStyle": "chemicalsymbol",
    "Data": [
      {
        "AtomTypes": [
          "Pt",
          "Pt",
          "Pt",
          "Pt",
          "Pt",
          "Pt",
          "Pt",
          "Pt",
          "Pt",
          "Pt",
          "Pt",
          "Pt",
          "Pt",
          "Pt",
          "Pt",
          "Pt",
          "Pt",
          "Pt",
          "Pt",
          "Pt",
          "Pt",
          "Pt",
          "Pt",
          "Pt",
          "Pt",
          "Pt",
          "Pt",
          "Pt",
          "Pt",
          "Pt",
          "Pt",
          "Pt",
          "Pt",
          "Pt",
          "Pt",
          "Pt",
          "Pt",
          "Pt",
          "Pt",
          "Pt",
          "Pt",
          "Pt",
          "Pt",
          "Pt",
          "Pt",
          "Pt",
          "Pt",
          "Pt",
          "Pt",
          "Pt",
          "Pt",
          "Pt",
          "Pt",
          "Pt",
          "Pt",
          "Pt",
          "Pt",
          "Pt",
          "Pt",
          "Pt",
          "Pt",
          "Pt",
          "Pt",
          "Pt",
          "H",
          "H",
          "H",
          "H",
          "H",
          "H",
          "H",
          "H",
          "H",
          "H",
          "H"
        ],
        "Energy": -235.11244972,
        "Forces": [
          [
            0.004104,
            -0.023216,
            0.350806
          ],
          [
            -0.051192,
            0.026177,
            0.386422
          ],
          [
            0.012604,
            -0.025167,
            0.331642
          ],
          [
            0.018666,
            0.016804,
            0.356945
          ],
          [
            0.002432,
            -0.014054,
            0.44107
          ],
          [
            -0.002745,
            0.009535,
            0.344088
          ],
          [
            0.000514,
            0.00249,
            0.430964
          ],
          [
            -0.002156,
            0.003348,
            0.324396
          ],
          [
            -0.012604,
            -0.025167,
            0.331642
          ],
          [
            -0.018666,
            0.016804,
            0.356945
          ],
          [
            -0.004104,
            -0.023216,
            0.350806
          ],
          [
            0.051192,
            0.026177,
            0.386422
          ],
          [
            -0.000514,
            0.00249,
            0.430964
          ],
          [
            0.002156,
            0.003348,
            0.324396
          ],
          [
            -0.002432,
            -0.014054,
            0.44107
          ],
          [
            0.002745,
            0.009535,
            0.344088
          ],
          [
            -0.0,
            -0.023203,
            -0.407673
          ],
          [
            -0.0,
            0.058241,
            -0.391097
          ],
          [
            -0.0,
            -0.044281,
            -0.382064
          ],
          [
            -0.0,
            0.008664,
            -0.348207
          ],
          [
            0.016315,
            0.009026,
            -0.390334
          ],
          [
            0.014879,
            -0.016701,
            -0.326278
          ],
          [
            -0.016315,
            0.009026,
            -0.390334
          ],
          [
            -0.014879,
            -0.016701,
            -0.326278
          ],
          [
            -0.0,
            0.009993,
            -0.371645
          ],
          [
            -0.0,
            -0.034764,
            -0.458596
          ],
          [
            -0.0,
            0.021485,
            -0.349799
          ],
          [
            -0.0,
            0.008792,
            -0.380612
          ],
          [
            0.021315,
            -0.017777,
            -0.362129
          ],
          [
            0.0112,
            0.034159,
            -0.350205
          ],
          [
            -0.021315,
            -0.017777,
            -0.362129
          ],
          [
            -0.0112,
            0.034159,
            -0.350205
          ],
          [
            0.004807,
            -0.00046,
            -0.003572
          ],
          [
            0.002343,
            0.001366,
            -0.005858
          ],
          [
            0.005902,
            -0.000982,
            0.005886
          ],
          [
            -0.002435,
            0.00137,
            -0.00017
          ],
          [
            -0.005902,
            -0.000982,
            0.005886
          ],
          [
            0.002435,
            0.00137,
            -0.00017
          ],
          [
            -0.004807,
            -0.00046,
            -0.003572
          ],
          [
            -0.002343,
            0.001366,
            -0.005858
          ],
          [
            -0.001288,
            -0.008017,
            0.004173
          ],
          [
            0.002305,
            0.003458,
            0.000885
          ],
          [
            0.001919,
            -0.000223,
            0.001824
          ],
          [
            0.003886,
            -0.000836,
            -0.002357
          ],
          [
            -0.001919,
            -0.000223,
            0.001824
          ],
          [
            -0.003886,
            -0.000836,
            -0.002357
          ],
          [
            0.001288,
            -0.008017,
            0.004173
          ],
          [
            -0.002305,
            0.003458,
            0.000885
          ],
          [
            -0.0,
            0.002191,
            -0.004345
          ],
          [
            -0.0,
            -0.003309,
            -0.002027
          ],
          [
            -0.0,
            0.0039,
            -0.003289
          ],
          [
            -0.0,
            -0.003092,
            0.007727
          ],
          [
            -0.002528,
            -0.002659,
            0.004294
          ],
          [
            0.001996,
            -0.003113,
            -0.000491
          ],
          [
            0.002528,
            -0.002659,
            0.004294
          ],
          [
            -0.001996,
            -0.003113,
            -0.000491
          ],
          [
            -0.0,
            -0.002855,
            0.008121
          ],
          [
            -0.0,
            0.001503,
            0.007559
          ],
          [
            -0.0,
            0.003121,
            0.003632
          ],
          [
            -0.0,
            -0.002173,
            9.2e-05
          ],
          [
            -0.006652,
            -0.002086,
            -0.004715
          ],
          [
            -0.000594,
            0.001022,
            -0.001247
          ],
          [
            0.006652,
            -0.002086,
            -0.004715
          ],
          [
            0.000594,
            0.001022,
            -0.001247
          ],
          [
            -0.0,
            -0.000502,
            -0.003019
          ],
          [
            -0.000457,
            0.000785,
            0.003192
          ],
          [
            0.015563,
            0.00248,
            -0.005752
          ],
          [
            -0.0,
            2.7e-05,
            0.001775
          ],
          [
            -0.00427,
            0.001121,
            0.000277
          ],
          [
            -0.0,
            0.007604,
            0.007245
          ],
          [
            -0.0,
            -0.001231,
            0.002456
          ],
          [
            0.000457,
            0.000785,
            0.003192
          ],
          [
            -0.0,
            -0.005811,
            -0.003746
          ],
          [
            0.00427,
            0.001121,
            0.000277
          ],
          [
            -0.015563,
            0.00248,
            -0.005752
          ]
        ],
        "Lattice": [
          [
            11.254311534,
            0.0,
            0.0
          ],
          [
            0.0,
            11.254311534,
            0.0
          ],
          [
            0.0,
            0.0,
            19.51702499
          ]
        ],
        "NumAtoms": 75,
        "Positions": [
          [
            4.22037,
            1.40679,
            0.0
          ],
          [
            4.22037,
            7.03394,
            0.0
          ],
          [
            9.84752,
            1.40679,
            0.0
          ],
          [
            9.84752,
            7.03394,
            0.0
          ],
          [
            4.22037,
            4.22037,
            0.0
          ],
          [
            4.22037,
            9.84752,
            0.0
          ],
          [
            9.84752,
            4.22037,
            0.0
          ],
          [
            9.84752,
            9.84752,
            0.0
          ],
          [
            1.40679,
            1.40679,
            0.0
          ],
          [
            1.40679,
            7.03394,
            0.0
          ],
          [
            7.03394,
            1.40679,
            0.0
          ],
          [
            7.03394,
            7.03394,
            0.0
          ],
          [
            1.40679,
            4.22037,
            0.0
          ],
          [
            1.40679,
            9.84752,
            0.0
          ],
          [
            7.03394,
            4.22037,
            0.0
          ],
          [
            7.03394,
            9.84752,
            0.0
          ],
          [
            0.0,
            0.0,
            1.98957
          ],
          [
            0.0,
            5.62716,
            1.98957
          ],
          [
            5.62716,
            0.0,
            1.98957
          ],
          [
            5.62716,
            5.62716,
            1.98957
          ],
          [
            2.81358,
            0.0,
            1.98957
          ],
          [
            2.81358,
            5.62716,
            1.98957
          ],
          [
            8.44073,
            0.0,
            1.98957
          ],
          [
            8.44073,
            5.62716,
            1.98957
          ],
          [
            0.0,
            2.81358,
            1.98957
          ],
          [
            0.0,
            8.44073,
            1.98957
          ],
          [
            5.62716,
            2.81358,
            1.98957
          ],
          [
            5.62716,
            8.44073,
            1.98957
          ],
          [
            2.81358,
            2.81358,
            1.98957
          ],
          [
            2.81358,
            8.44073,
            1.98957
          ],
          [
            8.44073,
            2.81358,
            1.98957
          ],
          [
            8.44073,
            8.44073,
            1.98957
          ],
          [
            1.41441,
            1.42807,
            3.9477
          ],
          [
            1.40634,
            7.01676,
            3.96126
          ],
          [
            7.03093,
            1.42711,
            3.95838
          ],
          [
            7.03305,
            7.01333,
            3.96
          ],
          [
            4.22338,
            1.42711,
            3.95838
          ],
          [
            4.22126,
            7.01333,
            3.96
          ],
          [
            9.8399,
            1.42807,
            3.9477
          ],
          [
            9.84797,
            7.01676,
            3.96126
          ],
          [
            1.4128,
            4.23235,
            3.96632
          ],
          [
            1.41266,
            9.83688,
            3.94338
          ],
          [
            7.03242,
            4.2192,
            3.97972
          ],
          [
            7.03117,
            9.84754,
            3.95818
          ],
          [
            4.22189,
            4.2192,
            3.97972
          ],
          [
            4.22314,
            9.84754,
            3.95818
          ],
          [
            9.84151,
            4.23235,
            3.96632
          ],
          [
            9.84165,
            9.83688,
            3.94338
          ],
          [
            0.0,
            -0.00483,
            5.85509
          ],
          [
            0.0,
            5.63298,
            6.00779
          ],
          [
            5.62716,
            11.2307,
            5.93213
          ],
          [
            5.62716,
            5.62746,
            6.00931
          ],
          [
            2.8031,
            11.23518,
            5.92438
          ],
          [
            2.81252,
            5.6262,
            6.00452
          ],
          [
            8.45122,
            11.23518,
            5.92438
          ],
          [
            8.44179,
            5.6262,
            6.00452
          ],
          [
            0.0,
            2.79028,
            5.93713
          ],
          [
            0.0,
            8.47187,
            5.935
          ],
          [
            5.62716,
            2.81124,
            6.00426
          ],
          [
            5.62716,
            8.4651,
            5.93478
          ],
          [
            2.80051,
            2.81035,
            6.00707
          ],
          [
            2.81215,
            8.46789,
            5.92924
          ],
          [
            8.4538,
            2.81035,
            6.00707
          ],
          [
            8.44216,
            8.46789,
            5.92924
          ],
          [
            5.62716,
            4.21888,
            7.06684
          ],
          [
            2.81305,
            7.07693,
            7.00958
          ],
          [
            8.47907,
            1.36231,
            7.01874
          ],
          [
            5.62716,
            7.07739,
            7.01601
          ],
          [
            2.80641,
            4.21806,
            7.0656
          ],
          [
            0.0,
            4.17747,
            7.00846
          ],
          [
            5.62716,
            1.36445,
            7.01513
          ],
          [
            8.44126,
            7.07693,
            7.00958
          ],
          [
            0.0,
            7.08522,
            7.01205
          ],
          [
            8.4479,
            4.21806,
            7.0656
          ],
          [
            2.77524,
            1.36231,
            7.01874
          ]
        ],
        "Stress": [
          [
            -34.84648,
            0.0,
            0.0
          ],
          [
            0.0,
            -36.89049,
            -0.00696
          ],
          [
            0.0,
            -0.00696,
            -8.80481
          ]
        ],
        "computation_code": "VASP",
        "pseudopotential_information": [
          [
            "PAW_PBE",
            "Pt",
            "04Feb2005"
          ],
          [
            "PAW_PBE",
            "H",
            "15Jun2001"
          ]
        ]
      }
    ],
    "EnergyStyle": "electronvolt",
    "ForcesStyle": "electronvoltperangstrom",
    "LatticeStyle": "angstrom",
    "PositionsStyle": "angstrom",
    "StressStyle": "kB"
  }
}