{
  "Dataset": {
    "AtomTypeStyle": "chemicalsymbol",
    "Data": [
      {
        "AtomTypes": [
          "Pt",
          "Pt",
          "Pt",
          "Pt",
          "Pt",
          "Pt",
          "Pt",
          "Pt",
          "Pt",
          "Pt",
          "Pt",
          "Pt",
          "Pt",
          "Pt",
          "Pt",
          "Pt",
          "Pt",
          "Pt",
          "Pt",
          "Pt",
          "Pt",
          "Pt",
          "Pt",
          "Pt",
          "Pt",
          "Pt",
          "Pt",
          "Pt",
          "Pt",
          "Pt",
          "Pt",
          "Pt",
          "Pt",
          "Pt",
          "Pt",
          "Pt",
          "Pt",
          "Pt",
          "Pt",
          "Pt",
          "Pt",
          "Pt",
          "Pt",
          "Pt",
          "Pt",
          "Pt",
          "Pt",
          "Pt",
          "Pt",
          "Pt",
          "Pt",
          "Pt",
          "Pt",
          "Pt",
          "Pt",
          "Pt",
          "Pt",
          "Pt",
          "Pt",
          "Pt",
          "Pt",
          "Pt",
          "Pt",
          "Pt",
          "H",
          "H",
          "H",
          "H",
          "H"
        ],
        "Energy": -211.46641201,
        "Forces": [
          [
            -0.068684,
            0.0,
            0.361346
          ],
          [
            -0.069282,
            0.0,
            0.371614
          ],
          [
            0.022793,
            0.0,
            0.31471
          ],
          [
            0.074551,
            0.0,
            0.341363
          ],
          [
            -0.001618,
            -0.000831,
            0.38843
          ],
          [
            -0.001618,
            0.000831,
            0.38843
          ],
          [
            0.004931,
            -0.003152,
            0.367725
          ],
          [
            0.004931,
            0.003152,
            0.367725
          ],
          [
            -0.018262,
            0.0,
            0.31469
          ],
          [
            -0.015146,
            0.0,
            0.328752
          ],
          [
            0.067137,
            0.0,
            0.37529
          ],
          [
            0.0061,
            0.0,
            0.41192
          ],
          [
            -0.006165,
            -0.000663,
            0.349156
          ],
          [
            -0.006165,
            0.000663,
            0.349156
          ],
          [
            0.003499,
            -0.004518,
            0.391232
          ],
          [
            0.003499,
            0.004518,
            0.391232
          ],
          [
            0.01018,
            0.057437,
            -0.441975
          ],
          [
            0.004408,
            -0.013672,
            -0.421551
          ],
          [
            -0.015612,
            0.023498,
            -0.32571
          ],
          [
            -0.002896,
            -0.054652,
            -0.319341
          ],
          [
            0.06082,
            -0.008903,
            -0.329909
          ],
          [
            0.050714,
            0.016146,
            -0.357356
          ],
          [
            -0.053042,
            -0.026038,
            -0.312038
          ],
          [
            -0.05324,
            -0.009429,
            -0.347078
          ],
          [
            0.01018,
            -0.057437,
            -0.441975
          ],
          [
            0.004408,
            0.013672,
            -0.421551
          ],
          [
            -0.015612,
            -0.023498,
            -0.32571
          ],
          [
            -0.002896,
            0.054652,
            -0.319341
          ],
          [
            0.06082,
            0.008903,
            -0.329909
          ],
          [
            0.050714,
            -0.016146,
            -0.357356
          ],
          [
            -0.053042,
            0.026038,
            -0.312038
          ],
          [
            -0.05324,
            0.009429,
            -0.347078
          ],
          [
            -0.032028,
            0.0,
            -0.082526
          ],
          [
            0.004094,
            0.0,
            0.013708
          ],
          [
            0.038331,
            0.0,
            0.009563
          ],
          [
            -0.001208,
            0.0,
            0.002826
          ],
          [
            0.024608,
            0.0,
            -0.088071
          ],
          [
            -0.00621,
            0.0,
            0.007453
          ],
          [
            -0.028912,
            0.0,
            0.013751
          ],
          [
            0.003321,
            0.0,
            0.007896
          ],
          [
            -0.010747,
            0.016751,
            -0.020423
          ],
          [
            -0.010747,
            -0.016751,
            -0.020423
          ],
          [
            0.009971,
            -0.002048,
            0.006762
          ],
          [
            0.009971,
            0.002048,
            0.006762
          ],
          [
            0.006096,
            0.015291,
            -0.018769
          ],
          [
            0.006096,
            -0.015291,
            -0.018769
          ],
          [
            -0.003352,
            -0.006326,
            0.011038
          ],
          [
            -0.003352,
            0.006326,
            0.011038
          ],
          [
            0.005755,
            0.00032,
            0.014924
          ],
          [
            0.00185,
            -0.005889,
            0.0162
          ],
          [
            -0.001524,
            -0.002042,
            0.011487
          ],
          [
            -0.003545,
            -0.001151,
            0.008523
          ],
          [
            0.002739,
            -0.01215,
            -0.052257
          ],
          [
            -0.001908,
            0.000849,
            0.00926
          ],
          [
            0.002009,
            0.006844,
            -0.002349
          ],
          [
            0.000568,
            -0.000739,
            0.011891
          ],
          [
            0.005755,
            -0.00032,
            0.014924
          ],
          [
            0.00185,
            0.005889,
            0.0162
          ],
          [
            -0.001524,
            0.002042,
            0.011487
          ],
          [
            -0.003545,
            0.001151,
            0.008523
          ],
          [
            0.002739,
            0.01215,
            -0.052257
          ],
          [
            -0.001908,
            -0.000849,
            0.00926
          ],
          [
            0.002009,
            -0.006844,
            -0.002349
          ],
          [
            0.000568,
            0.000739,
            0.011891
          ],
          [
            -0.002418,
            0.0,
            0.001631
          ],
          [
            0.007156,
            0.0,
            0.005045
          ],
          [
            0.007571,
            0.0,
            0.012168
          ],
          [
            -0.031355,
            0.0,
            0.010756
          ],
          [
            -0.001942,
            0.0,
            -0.00963
          ]
        ],
        "Lattice": [
          [
            11.254311534,
            0.0,
            0.0
          ],
          [
            0.0,
            11.254311534,
            0.0
          ],
          [
            0.0,
            0.0,
            19.51702499
          ]
        ],
        "NumAtoms": 69,
        "Positions": [
          [
            4.22037,
            1.40679,
            0.0
          ],
          [
            4.22037,
            7.03394,
            0.0
          ],
          [
            9.84752,
            1.40679,
            0.0
          ],
          [
            9.84752,
            7.03394,
            0.0
          ],
          [
            4.22037,
            4.22037,
            0.0
          ],
          [
            4.22037,
            9.84752,
            0.0
          ],
          [
            9.84752,
            4.22037,
            0.0
          ],
          [
            9.84752,
            9.84752,
            0.0
          ],
          [
            1.40679,
            1.40679,
            0.0
          ],
          [
            1.40679,
            7.03394,
            0.0
          ],
          [
            7.03394,
            1.40679,
            0.0
          ],
          [
            7.03394,
            7.03394,
            0.0
          ],
          [
            1.40679,
            4.22037,
            0.0
          ],
          [
            1.40679,
            9.84752,
            0.0
          ],
          [
            7.03394,
            4.22037,
            0.0
          ],
          [
            7.03394,
            9.84752,
            0.0
          ],
          [
            0.0,
            0.0,
            1.98957
          ],
          [
            0.0,
            5.62716,
            1.98957
          ],
          [
            5.62716,
            0.0,
            1.98957
          ],
          [
            5.62716,
            5.62716,
            1.98957
          ],
          [
            2.81358,
            0.0,
            1.98957
          ],
          [
            2.81358,
            5.62716,
            1.98957
          ],
          [
            8.44073,
            0.0,
            1.98957
          ],
          [
            8.44073,
            5.62716,
            1.98957
          ],
          [
            0.0,
            2.81358,
            1.98957
          ],
          [
            0.0,
            8.44073,
            1.98957
          ],
          [
            5.62716,
            2.81358,
            1.98957
          ],
          [
            5.62716,
            8.44073,
            1.98957
          ],
          [
            2.81358,
            2.81358,
            1.98957
          ],
          [
            2.81358,
            8.44073,
            1.98957
          ],
          [
            8.44073,
            2.81358,
            1.98957
          ],
          [
            8.44073,
            8.44073,
            1.98957
          ],
          [
            1.41669,
            1.40679,
            3.94506
          ],
          [
            1.41653,
            7.03394,
            3.94388
          ],
          [
            7.02605,
            1.40679,
            3.95883
          ],
          [
            7.03024,
            7.03394,
            3.95905
          ],
          [
            4.22414,
            1.40679,
            3.96705
          ],
          [
            4.2239,
            7.03394,
            3.96127
          ],
          [
            9.84332,
            1.40679,
            3.94389
          ],
          [
            9.83736,
            7.03394,
            3.94271
          ],
          [
            1.41715,
            4.22336,
            3.93833
          ],
          [
            1.41715,
            9.84453,
            3.93833
          ],
          [
            7.02851,
            4.21966,
            3.97427
          ],
          [
            7.02851,
            9.84823,
            3.97427
          ],
          [
            4.22901,
            4.22599,
            3.96643
          ],
          [
            4.22901,
            9.8419,
            3.96643
          ],
          [
            9.83425,
            4.22035,
            3.94185
          ],
          [
            9.83425,
            9.84753,
            3.94185
          ],
          [
            0.01062,
            11.2501,
            5.86592
          ],
          [
            0.00115,
            5.61758,
            5.86053
          ],
          [
            5.61888,
            11.23002,
            5.95192
          ],
          [
            5.62578,
            5.60008,
            5.94921
          ],
          [
            2.79823,
            11.24603,
            5.8908
          ],
          [
            2.80038,
            5.59824,
            5.94444
          ],
          [
            8.455,
            11.22826,
            5.93706
          ],
          [
            8.45395,
            5.60019,
            5.93941
          ],
          [
            0.01062,
            2.81778,
            5.86592
          ],
          [
            0.00115,
            8.45031,
            5.86053
          ],
          [
            5.61888,
            2.83787,
            5.95192
          ],
          [
            5.62578,
            8.46781,
            5.94921
          ],
          [
            2.79823,
            2.82186,
            5.8908
          ],
          [
            2.80038,
            8.46965,
            5.94444
          ],
          [
            8.455,
            2.83963,
            5.93706
          ],
          [
            8.45395,
            8.4677,
            5.93941
          ],
          [
            2.75482,
            7.03394,
            6.96436
          ],
          [
            8.5002,
            1.40679,
            6.96437
          ],
          [
            8.50043,
            7.03394,
            6.96429
          ],
          [
            5.62099,
            1.40679,
            6.98099
          ],
          [
            5.62682,
            7.03394,
            6.97624
          ]
        ],
        "Stress": [
          [
            -34.95005,
            0.0,
            -0.02701
          ],
          [
            0.0,
            -35.73033,
            0.0
          ],
          [
            -0.02701,
            0.0,
            -8.51249
          ]
        ],
        "computation_code": "VASP",
        "pseudopotential_information": [
          [
            "PAW_PBE",
            "Pt",
            "04Feb2005"
          ],
          [
            "PAW_PBE",
            "H",
            "15Jun2001"
          ]
        ]
      }
    ],
    "EnergyStyle": "electronvolt",
    "ForcesStyle": "electronvoltperangstrom",
    "LatticeStyle": "angstrom",
    "PositionsStyle": "angstrom",
    "StressStyle": "kB"
  }
}