{
  "Dataset": {
    "AtomTypeStyle": "chemicalsymbol",
    "Data": [
      {
        "AtomTypes": [
          "Pt",
          "Pt",
          "Pt",
          "Pt",
          "Pt",
          "Pt",
          "Pt",
          "Pt",
          "Pt",
          "Pt",
          "Pt",
          "Pt",
          "Pt",
          "Pt",
          "Pt",
          "Pt",
          "Pt",
          "Pt",
          "Pt",
          "Pt",
          "Pt",
          "Pt",
          "Pt",
          "Pt",
          "Pt",
          "Pt",
          "Pt",
          "Pt",
          "Pt",
          "Pt",
          "Pt",
          "Pt",
          "Pt",
          "Pt",
          "Pt",
          "Pt",
          "Pt",
          "Pt",
          "Pt",
          "Pt",
          "Pt",
          "Pt",
          "Pt",
          "Pt",
          "Pt",
          "Pt",
          "Pt",
          "Pt",
          "Pt",
          "Pt",
          "Pt",
          "Pt",
          "Pt",
          "Pt",
          "Pt",
          "Pt",
          "Pt",
          "Pt",
          "Pt",
          "Pt",
          "Pt",
          "Pt",
          "Pt",
          "Pt",
          "H",
          "H"
        ],
        "Energy": -199.59378211,
        "Forces": [
          [
            0.000562,
            -0.000432,
            0.366456
          ],
          [
            0.05969,
            -0.002512,
            0.324967
          ],
          [
            -0.010505,
            -0.013347,
            0.364692
          ],
          [
            -0.018545,
            0.012837,
            0.347585
          ],
          [
            0.010001,
            0.01224,
            0.366509
          ],
          [
            0.019151,
            -0.013675,
            0.349104
          ],
          [
            0.000756,
            -0.000326,
            0.365536
          ],
          [
            -0.058217,
            0.001512,
            0.32507
          ],
          [
            -0.004031,
            -0.000857,
            0.382414
          ],
          [
            0.006107,
            0.000177,
            0.365
          ],
          [
            0.009138,
            -0.01259,
            0.34838
          ],
          [
            -0.051284,
            0.016324,
            0.311569
          ],
          [
            0.003636,
            0.000278,
            0.383136
          ],
          [
            -0.006394,
            -0.001045,
            0.364359
          ],
          [
            -0.008139,
            0.010961,
            0.34872
          ],
          [
            0.053312,
            -0.016556,
            0.31037
          ],
          [
            0.012184,
            0.004836,
            -0.361373
          ],
          [
            0.042032,
            -0.037218,
            -0.308753
          ],
          [
            -0.02282,
            -0.007712,
            -0.4265
          ],
          [
            -0.040211,
            -0.000924,
            -0.359362
          ],
          [
            -0.035854,
            0.039271,
            -0.309757
          ],
          [
            -0.012006,
            -0.001623,
            -0.358009
          ],
          [
            0.033581,
            0.001923,
            -0.362539
          ],
          [
            0.019359,
            0.008261,
            -0.426059
          ],
          [
            0.036973,
            -0.040047,
            -0.321103
          ],
          [
            0.023447,
            0.08024,
            -0.348181
          ],
          [
            -0.046392,
            -0.025478,
            -0.383112
          ],
          [
            -0.02141,
            0.046527,
            -0.404775
          ],
          [
            -0.035355,
            0.050258,
            -0.31903
          ],
          [
            -0.019008,
            -0.076698,
            -0.346679
          ],
          [
            0.039817,
            0.026121,
            -0.384207
          ],
          [
            0.018827,
            -0.044793,
            -0.404572
          ],
          [
            -0.011728,
            -0.004157,
            0.002447
          ],
          [
            -0.006072,
            0.002226,
            -0.007322
          ],
          [
            0.003524,
            9e-06,
            -0.001639
          ],
          [
            -0.002244,
            0.000588,
            0.000924
          ],
          [
            0.004363,
            -0.006681,
            -0.008689
          ],
          [
            0.00828,
            0.00183,
            -0.00643
          ],
          [
            0.00344,
            3.6e-05,
            0.002978
          ],
          [
            -0.000499,
            0.00152,
            -0.001638
          ],
          [
            0.006962,
            0.005969,
            -0.012869
          ],
          [
            0.005691,
            -0.008389,
            -0.014208
          ],
          [
            0.000612,
            0.002841,
            -9.1e-05
          ],
          [
            0.001249,
            -0.001527,
            0.000433
          ],
          [
            -0.004383,
            0.000415,
            0.000467
          ],
          [
            0.000178,
            -0.002845,
            -0.000734
          ],
          [
            -0.006536,
            0.00569,
            -0.006705
          ],
          [
            -0.0085,
            -0.003396,
            -0.007417
          ],
          [
            -0.001202,
            -0.041239,
            -0.010741
          ],
          [
            0.009055,
            0.009263,
            0.026946
          ],
          [
            0.001788,
            0.000482,
            0.016634
          ],
          [
            -0.008904,
            -0.004485,
            0.021178
          ],
          [
            -0.010705,
            -0.005722,
            0.031719
          ],
          [
            4.5e-05,
            0.035136,
            -0.01928
          ],
          [
            0.005503,
            0.00479,
            0.023934
          ],
          [
            0.000298,
            -0.000188,
            0.020248
          ],
          [
            0.008733,
            0.047856,
            -0.008072
          ],
          [
            -0.001151,
            -0.020298,
            0.023267
          ],
          [
            -0.006897,
            0.007799,
            0.015114
          ],
          [
            0.000135,
            -0.001729,
            0.01721
          ],
          [
            -0.010323,
            -0.052283,
            -0.005013
          ],
          [
            -0.000999,
            0.015411,
            0.024831
          ],
          [
            0.004682,
            -0.005096,
            0.019986
          ],
          [
            0.001012,
            0.00344,
            0.027568
          ],
          [
            0.015493,
            0.000702,
            0.021903
          ],
          [
            0.0007,
            -0.003901,
            0.013209
          ]
        ],
        "Lattice": [
          [
            11.254311534,
            0.0,
            0.0
          ],
          [
            0.0,
            11.254311534,
            0.0
          ],
          [
            0.0,
            0.0,
            19.51702499
          ]
        ],
        "NumAtoms": 66,
        "Positions": [
          [
            4.22037,
            1.40679,
            0.0
          ],
          [
            4.22037,
            7.03394,
            0.0
          ],
          [
            9.84752,
            1.40679,
            0.0
          ],
          [
            9.84752,
            7.03394,
            0.0
          ],
          [
            4.22037,
            4.22037,
            0.0
          ],
          [
            4.22037,
            9.84752,
            0.0
          ],
          [
            9.84752,
            4.22037,
            0.0
          ],
          [
            9.84752,
            9.84752,
            0.0
          ],
          [
            1.40679,
            1.40679,
            0.0
          ],
          [
            1.40679,
            7.03394,
            0.0
          ],
          [
            7.03394,
            1.40679,
            0.0
          ],
          [
            7.03394,
            7.03394,
            0.0
          ],
          [
            1.40679,
            4.22037,
            0.0
          ],
          [
            1.40679,
            9.84752,
            0.0
          ],
          [
            7.03394,
            4.22037,
            0.0
          ],
          [
            7.03394,
            9.84752,
            0.0
          ],
          [
            0.0,
            0.0,
            1.98957
          ],
          [
            0.0,
            5.62716,
            1.98957
          ],
          [
            5.62716,
            0.0,
            1.98957
          ],
          [
            5.62716,
            5.62716,
            1.98957
          ],
          [
            2.81358,
            0.0,
            1.98957
          ],
          [
            2.81358,
            5.62716,
            1.98957
          ],
          [
            8.44073,
            0.0,
            1.98957
          ],
          [
            8.44073,
            5.62716,
            1.98957
          ],
          [
            0.0,
            2.81358,
            1.98957
          ],
          [
            0.0,
            8.44073,
            1.98957
          ],
          [
            5.62716,
            2.81358,
            1.98957
          ],
          [
            5.62716,
            8.44073,
            1.98957
          ],
          [
            2.81358,
            2.81358,
            1.98957
          ],
          [
            2.81358,
            8.44073,
            1.98957
          ],
          [
            8.44073,
            2.81358,
            1.98957
          ],
          [
            8.44073,
            8.44073,
            1.98957
          ],
          [
            1.40518,
            1.42025,
            3.96988
          ],
          [
            1.41269,
            7.02248,
            3.95334
          ],
          [
            7.03026,
            1.40785,
            3.93533
          ],
          [
            7.03261,
            7.03322,
            3.9344
          ],
          [
            4.20979,
            1.42051,
            3.95079
          ],
          [
            4.21096,
            7.02375,
            3.95064
          ],
          [
            9.85774,
            1.40657,
            3.95606
          ],
          [
            9.85439,
            7.03307,
            3.93868
          ],
          [
            1.40864,
            4.20935,
            3.97197
          ],
          [
            1.40106,
            9.86148,
            3.95385
          ],
          [
            7.03531,
            4.21943,
            3.93514
          ],
          [
            7.03384,
            9.84882,
            3.93453
          ],
          [
            4.20902,
            4.22217,
            3.95792
          ],
          [
            4.21351,
            9.84959,
            3.93894
          ],
          [
            9.85766,
            4.20871,
            3.94946
          ],
          [
            9.85648,
            9.8585,
            3.94939
          ],
          [
            11.25168,
            11.2331,
            5.95669
          ],
          [
            11.24076,
            5.62576,
            5.87488
          ],
          [
            5.6259,
            11.25233,
            5.86958
          ],
          [
            5.64366,
            5.63308,
            5.86769
          ],
          [
            2.82619,
            0.00449,
            5.8743
          ],
          [
            2.81458,
            5.65277,
            5.96059
          ],
          [
            8.42339,
            11.24928,
            5.86591
          ],
          [
            8.44057,
            5.62987,
            5.86777
          ],
          [
            11.23579,
            2.83143,
            5.9593
          ],
          [
            11.25399,
            8.45115,
            5.87052
          ],
          [
            5.64086,
            2.81112,
            5.87376
          ],
          [
            5.62811,
            8.44524,
            5.86313
          ],
          [
            2.82929,
            2.80021,
            5.96021
          ],
          [
            2.81407,
            8.43345,
            5.87073
          ],
          [
            8.42553,
            2.81686,
            5.87155
          ],
          [
            8.43924,
            8.43708,
            5.86055
          ],
          [
            11.20943,
            1.40334,
            6.9892
          ],
          [
            2.82546,
            4.22777,
            6.99344
          ]
        ],
        "Stress": [
          [
            -34.54224,
            0.0096,
            0.01869
          ],
          [
            0.0096,
            -34.78702,
            -0.02757
          ],
          [
            0.01869,
            -0.02757,
            -7.43854
          ]
        ],
        "computation_code": "VASP",
        "pseudopotential_information": [
          [
            "PAW_PBE",
            "Pt",
            "04Feb2005"
          ],
          [
            "PAW_PBE",
            "H",
            "15Jun2001"
          ]
        ]
      }
    ],
    "EnergyStyle": "electronvolt",
    "ForcesStyle": "electronvoltperangstrom",
    "LatticeStyle": "angstrom",
    "PositionsStyle": "angstrom",
    "StressStyle": "kB"
  }
}