{
  "Dataset": {
    "AtomTypeStyle": "chemicalsymbol",
    "Data": [
      {
        "AtomTypes": [
          "Pt",
          "Pt",
          "Pt",
          "Pt",
          "Pt",
          "Pt",
          "Pt",
          "Pt",
          "Pt",
          "Pt",
          "Pt",
          "Pt",
          "Pt",
          "Pt",
          "Pt",
          "Pt",
          "Pt",
          "Pt",
          "Pt",
          "Pt",
          "Pt",
          "Pt",
          "Pt",
          "Pt",
          "Pt",
          "Pt",
          "Pt",
          "Pt",
          "Pt",
          "Pt",
          "Pt",
          "Pt",
          "Pt",
          "Pt",
          "Pt",
          "Pt",
          "Pt",
          "Pt",
          "Pt",
          "Pt",
          "Pt",
          "Pt",
          "Pt",
          "Pt",
          "Pt",
          "Pt",
          "Pt",
          "Pt",
          "Pt",
          "Pt",
          "Pt",
          "Pt",
          "Pt",
          "Pt",
          "Pt",
          "Pt",
          "Pt",
          "Pt",
          "Pt",
          "Pt",
          "Pt",
          "Pt",
          "Pt",
          "Pt",
          "H"
        ],
        "Energy": -195.63210207,
        "Forces": [
          [
            -0.004678,
            -0.0,
            0.351398
          ],
          [
            0.055305,
            -0.0,
            0.311836
          ],
          [
            -0.004134,
            -0.0,
            0.36778
          ],
          [
            -0.012563,
            -0.0,
            0.35055
          ],
          [
            0.004436,
            0.013052,
            0.341479
          ],
          [
            0.004436,
            -0.013052,
            0.341479
          ],
          [
            -0.005433,
            0.000643,
            0.356445
          ],
          [
            -0.005433,
            -0.000643,
            0.356445
          ],
          [
            0.004134,
            -0.0,
            0.36778
          ],
          [
            0.012563,
            -0.0,
            0.35055
          ],
          [
            0.004678,
            -0.0,
            0.351398
          ],
          [
            -0.055305,
            -0.0,
            0.311836
          ],
          [
            0.005433,
            0.000643,
            0.356445
          ],
          [
            0.005433,
            -0.000643,
            0.356445
          ],
          [
            -0.004436,
            0.013052,
            0.341479
          ],
          [
            -0.004436,
            -0.013052,
            0.341479
          ],
          [
            0.0,
            0.031357,
            -0.316626
          ],
          [
            0.0,
            -0.05043,
            -0.309895
          ],
          [
            0.0,
            0.012827,
            -0.386372
          ],
          [
            0.0,
            -0.014932,
            -0.362069
          ],
          [
            -0.039218,
            -0.011301,
            -0.365422
          ],
          [
            -0.01909,
            0.026931,
            -0.407075
          ],
          [
            0.039218,
            -0.011301,
            -0.365422
          ],
          [
            0.01909,
            0.026931,
            -0.407075
          ],
          [
            0.0,
            -0.031357,
            -0.316626
          ],
          [
            0.0,
            0.05043,
            -0.309895
          ],
          [
            0.0,
            -0.012827,
            -0.386372
          ],
          [
            0.0,
            0.014932,
            -0.362069
          ],
          [
            -0.039218,
            0.011301,
            -0.365422
          ],
          [
            -0.01909,
            -0.026931,
            -0.407075
          ],
          [
            0.039218,
            0.011301,
            -0.365422
          ],
          [
            0.01909,
            -0.026931,
            -0.407075
          ],
          [
            -0.001609,
            -0.0,
            0.010488
          ],
          [
            0.001084,
            -0.0,
            0.009223
          ],
          [
            0.003956,
            -0.0,
            0.010738
          ],
          [
            -0.001599,
            -0.0,
            0.01137
          ],
          [
            -0.003956,
            -0.0,
            0.010738
          ],
          [
            0.001599,
            -0.0,
            0.01137
          ],
          [
            0.001609,
            -0.0,
            0.010488
          ],
          [
            -0.001084,
            -0.0,
            0.009223
          ],
          [
            0.008449,
            0.007748,
            -0.00398
          ],
          [
            0.008449,
            -0.007748,
            -0.00398
          ],
          [
            -0.00123,
            0.001065,
            0.010995
          ],
          [
            -0.00123,
            -0.001065,
            0.010995
          ],
          [
            0.00123,
            0.001065,
            0.010995
          ],
          [
            0.00123,
            -0.001065,
            0.010995
          ],
          [
            -0.008449,
            0.007748,
            -0.00398
          ],
          [
            -0.008449,
            -0.007748,
            -0.00398
          ],
          [
            0.0,
            0.005346,
            0.011933
          ],
          [
            0.0,
            0.018242,
            0.015526
          ],
          [
            0.0,
            0.000363,
            0.00906
          ],
          [
            0.0,
            -0.000734,
            0.014189
          ],
          [
            -0.004461,
            0.001388,
            0.012666
          ],
          [
            0.000444,
            -0.002391,
            0.010016
          ],
          [
            0.004461,
            0.001388,
            0.012666
          ],
          [
            -0.000444,
            -0.002391,
            0.010016
          ],
          [
            0.0,
            -0.005346,
            0.011933
          ],
          [
            0.0,
            -0.018242,
            0.015526
          ],
          [
            0.0,
            -0.000363,
            0.00906
          ],
          [
            0.0,
            0.000734,
            0.014189
          ],
          [
            -0.004461,
            -0.001388,
            0.012666
          ],
          [
            0.000444,
            0.002391,
            0.010016
          ],
          [
            0.004461,
            -0.001388,
            0.012666
          ],
          [
            -0.000444,
            0.002391,
            0.010016
          ],
          [
            0.0,
            -0.0,
            -0.018758
          ]
        ],
        "Lattice": [
          [
            11.254311534,
            0.0,
            0.0
          ],
          [
            0.0,
            11.254311534,
            0.0
          ],
          [
            0.0,
            0.0,
            19.51702499
          ]
        ],
        "NumAtoms": 65,
        "Positions": [
          [
            4.22037,
            1.40679,
            0.0
          ],
          [
            4.22037,
            7.03394,
            0.0
          ],
          [
            9.84752,
            1.40679,
            0.0
          ],
          [
            9.84752,
            7.03394,
            0.0
          ],
          [
            4.22037,
            4.22037,
            0.0
          ],
          [
            4.22037,
            9.84752,
            0.0
          ],
          [
            9.84752,
            4.22037,
            0.0
          ],
          [
            9.84752,
            9.84752,
            0.0
          ],
          [
            1.40679,
            1.40679,
            0.0
          ],
          [
            1.40679,
            7.03394,
            0.0
          ],
          [
            7.03394,
            1.40679,
            0.0
          ],
          [
            7.03394,
            7.03394,
            0.0
          ],
          [
            1.40679,
            4.22037,
            0.0
          ],
          [
            1.40679,
            9.84752,
            0.0
          ],
          [
            7.03394,
            4.22037,
            0.0
          ],
          [
            7.03394,
            9.84752,
            0.0
          ],
          [
            0.0,
            0.0,
            1.98957
          ],
          [
            0.0,
            5.62716,
            1.98957
          ],
          [
            5.62716,
            0.0,
            1.98957
          ],
          [
            5.62716,
            5.62716,
            1.98957
          ],
          [
            2.81358,
            0.0,
            1.98957
          ],
          [
            2.81358,
            5.62716,
            1.98957
          ],
          [
            8.44073,
            0.0,
            1.98957
          ],
          [
            8.44073,
            5.62716,
            1.98957
          ],
          [
            0.0,
            2.81358,
            1.98957
          ],
          [
            0.0,
            8.44073,
            1.98957
          ],
          [
            5.62716,
            2.81358,
            1.98957
          ],
          [
            5.62716,
            8.44073,
            1.98957
          ],
          [
            2.81358,
            2.81358,
            1.98957
          ],
          [
            2.81358,
            8.44073,
            1.98957
          ],
          [
            8.44073,
            2.81358,
            1.98957
          ],
          [
            8.44073,
            8.44073,
            1.98957
          ],
          [
            1.39891,
            1.40679,
            3.96144
          ],
          [
            1.40421,
            7.03394,
            3.94425
          ],
          [
            7.03537,
            1.40679,
            3.9407
          ],
          [
            7.03651,
            7.03394,
            3.9401
          ],
          [
            4.21894,
            1.40679,
            3.9407
          ],
          [
            4.2178,
            7.03394,
            3.9401
          ],
          [
            9.8554,
            1.40679,
            3.96144
          ],
          [
            9.8501,
            7.03394,
            3.94425
          ],
          [
            1.39949,
            4.20924,
            3.95413
          ],
          [
            1.39949,
            9.85865,
            3.95413
          ],
          [
            7.03746,
            4.2196,
            3.93933
          ],
          [
            7.03746,
            9.84829,
            3.93933
          ],
          [
            4.21685,
            4.2196,
            3.93933
          ],
          [
            4.21685,
            9.84829,
            3.93933
          ],
          [
            9.85482,
            4.20924,
            3.95413
          ],
          [
            9.85482,
            9.85865,
            3.95413
          ],
          [
            0.0,
            11.23115,
            5.95717
          ],
          [
            0.0,
            5.62069,
            5.875
          ],
          [
            5.62716,
            11.25301,
            5.87318
          ],
          [
            5.62716,
            5.62664,
            5.86594
          ],
          [
            2.8281,
            11.24958,
            5.8765
          ],
          [
            2.8147,
            5.62951,
            5.8734
          ],
          [
            8.42621,
            11.24958,
            5.8765
          ],
          [
            8.43961,
            5.62951,
            5.8734
          ],
          [
            0.0,
            2.83674,
            5.95717
          ],
          [
            0.0,
            8.4472,
            5.875
          ],
          [
            5.62716,
            2.81488,
            5.87318
          ],
          [
            5.62716,
            8.44125,
            5.86594
          ],
          [
            2.8281,
            2.81831,
            5.8765
          ],
          [
            2.8147,
            8.43838,
            5.8734
          ],
          [
            8.42621,
            2.81831,
            5.8765
          ],
          [
            8.43961,
            8.43838,
            5.8734
          ],
          [
            0.0,
            1.40679,
            6.9916
          ]
        ],
        "Stress": [
          [
            -34.40051,
            0.0,
            0.0
          ],
          [
            0.0,
            -34.56704,
            0.0
          ],
          [
            0.0,
            0.0,
            -7.35942
          ]
        ],
        "computation_code": "VASP",
        "pseudopotential_information": [
          [
            "PAW_PBE",
            "Pt",
            "04Feb2005"
          ],
          [
            "PAW_PBE",
            "H",
            "15Jun2001"
          ]
        ]
      }
    ],
    "EnergyStyle": "electronvolt",
    "ForcesStyle": "electronvoltperangstrom",
    "LatticeStyle": "angstrom",
    "PositionsStyle": "angstrom",
    "StressStyle": "kB"
  }
}