{
  "Dataset": {
    "AtomTypeStyle": "chemicalsymbol",
    "Data": [
      {
        "AtomTypes": [
          "Pt",
          "Pt",
          "Pt",
          "Pt",
          "Pt",
          "Pt",
          "Pt",
          "Pt",
          "Pt",
          "Pt",
          "Pt",
          "Pt",
          "Pt",
          "Pt",
          "Pt",
          "Pt",
          "Pt",
          "Pt",
          "Pt",
          "Pt",
          "Pt",
          "Pt",
          "Pt",
          "Pt",
          "Pt",
          "Pt",
          "Pt",
          "Pt",
          "Pt",
          "Pt",
          "Pt",
          "Pt",
          "Pt",
          "Pt",
          "Pt",
          "Pt",
          "Pt",
          "Pt",
          "Pt",
          "Pt",
          "Pt",
          "Pt",
          "Pt",
          "Pt",
          "Pt",
          "Pt",
          "Pt",
          "Pt",
          "Pt",
          "Pt",
          "Pt",
          "Pt",
          "Pt",
          "Pt",
          "Pt",
          "Pt",
          "Pt",
          "Pt",
          "Pt",
          "Pt",
          "Pt",
          "Pt",
          "Pt",
          "Pt",
          "Pt",
          "Pt",
          "Pt",
          "Pt",
          "Pt",
          "Pt",
          "Pt",
          "Pt",
          "Pt",
          "Pt",
          "Pt",
          "Pt",
          "Pt",
          "Pt",
          "Pt",
          "Pt",
          "H",
          "H",
          "H",
          "H",
          "H",
          "H",
          "H",
          "H",
          "H",
          "H",
          "H",
          "H",
          "H"
        ],
        "Energy": -282.75350829,
        "Forces": [
          [
            -0.024089,
            0.043763,
            0.637339
          ],
          [
            -0.024089,
            -0.043763,
            0.637339
          ],
          [
            0.015495,
            -0.006743,
            0.628039
          ],
          [
            0.015495,
            0.006743,
            0.628039
          ],
          [
            -0.003746,
            -0.002446,
            0.608071
          ],
          [
            -0.003746,
            0.002446,
            0.608071
          ],
          [
            0.015376,
            -0.008523,
            0.582663
          ],
          [
            0.015376,
            0.008523,
            0.582663
          ],
          [
            0.014127,
            -0.0,
            0.88845
          ],
          [
            -0.008443,
            -0.0,
            0.597986
          ],
          [
            0.005627,
            -0.0,
            0.59789
          ],
          [
            0.016335,
            -0.0,
            0.611057
          ],
          [
            0.002557,
            -0.0,
            0.615179
          ],
          [
            -0.00217,
            -0.0,
            0.603668
          ],
          [
            -0.011788,
            -0.0,
            0.912964
          ],
          [
            -0.009454,
            -0.0,
            0.922135
          ],
          [
            0.041378,
            -0.008006,
            -0.612792
          ],
          [
            0.193563,
            -0.078143,
            -0.665396
          ],
          [
            -0.256374,
            -0.062586,
            -0.693598
          ],
          [
            -0.242377,
            -0.092095,
            -0.677762
          ],
          [
            -0.012217,
            -0.004709,
            -0.619527
          ],
          [
            -0.026404,
            -0.017194,
            -0.599692
          ],
          [
            0.228497,
            -0.088235,
            -0.684182
          ],
          [
            0.061937,
            -0.176947,
            -0.730359
          ],
          [
            0.193563,
            0.078143,
            -0.665396
          ],
          [
            0.041378,
            0.008006,
            -0.612792
          ],
          [
            -0.242377,
            0.092095,
            -0.677762
          ],
          [
            -0.256374,
            0.062586,
            -0.693598
          ],
          [
            -0.026404,
            0.017194,
            -0.599692
          ],
          [
            -0.012217,
            0.004709,
            -0.619527
          ],
          [
            0.061937,
            0.176947,
            -0.730359
          ],
          [
            0.228497,
            0.088235,
            -0.684182
          ],
          [
            0.010664,
            -0.0,
            0.041799
          ],
          [
            0.003069,
            -0.0,
            -0.010672
          ],
          [
            -0.001317,
            -0.0,
            0.00132
          ],
          [
            -0.00417,
            -0.0,
            0.003025
          ],
          [
            0.029022,
            -0.0,
            -0.011923
          ],
          [
            -0.00304,
            -0.0,
            0.001674
          ],
          [
            -0.026951,
            -0.0,
            -0.007674
          ],
          [
            -0.002624,
            -0.0,
            0.014208
          ],
          [
            0.001109,
            0.009066,
            -0.022857
          ],
          [
            0.001109,
            -0.009066,
            -0.022857
          ],
          [
            -0.002378,
            -0.000991,
            0.00156
          ],
          [
            -0.002378,
            0.000991,
            0.00156
          ],
          [
            0.014961,
            0.014951,
            -0.003155
          ],
          [
            0.014961,
            -0.014951,
            -0.003155
          ],
          [
            -0.007683,
            0.008957,
            0.009675
          ],
          [
            -0.007683,
            -0.008957,
            0.009675
          ],
          [
            0.022686,
            0.019203,
            0.003188
          ],
          [
            -0.013447,
            0.00639,
            -0.021014
          ],
          [
            0.003515,
            -0.005049,
            -0.005472
          ],
          [
            -0.000753,
            -0.008621,
            -0.000457
          ],
          [
            0.003881,
            -0.00625,
            -0.000671
          ],
          [
            -0.00201,
            -0.00778,
            0.000889
          ],
          [
            -0.02237,
            0.030411,
            5e-05
          ],
          [
            0.001438,
            0.00701,
            -0.026756
          ],
          [
            -0.013447,
            -0.00639,
            -0.021014
          ],
          [
            0.022686,
            -0.019203,
            0.003188
          ],
          [
            -0.000753,
            0.008621,
            -0.000457
          ],
          [
            0.003515,
            0.005049,
            -0.005472
          ],
          [
            -0.00201,
            0.00778,
            0.000889
          ],
          [
            0.003881,
            0.00625,
            -0.000671
          ],
          [
            0.001438,
            -0.00701,
            -0.026756
          ],
          [
            -0.02237,
            -0.030411,
            5e-05
          ],
          [
            0.003272,
            -0.036888,
            -0.003488
          ],
          [
            0.003272,
            0.036888,
            -0.003488
          ],
          [
            -0.001994,
            0.001723,
            -0.000245
          ],
          [
            -0.001994,
            -0.001723,
            -0.000245
          ],
          [
            0.013396,
            0.009141,
            0.001325
          ],
          [
            0.013396,
            -0.009141,
            0.001325
          ],
          [
            -0.012749,
            0.010815,
            0.005374
          ],
          [
            -0.012749,
            -0.010815,
            0.005374
          ],
          [
            0.00414,
            -0.0,
            -0.000505
          ],
          [
            0.002231,
            -0.0,
            -0.002798
          ],
          [
            -0.000194,
            -0.0,
            0.00346
          ],
          [
            -0.003242,
            -0.0,
            0.000256
          ],
          [
            -0.000243,
            -0.0,
            0.001903
          ],
          [
            -0.001899,
            -0.0,
            0.005562
          ],
          [
            0.004154,
            -0.0,
            0.000545
          ],
          [
            0.00167,
            -0.0,
            -0.008484
          ],
          [
            0.009033,
            0.007406,
            0.005054
          ],
          [
            0.009033,
            -0.007406,
            0.005054
          ],
          [
            -0.007177,
            0.009012,
            0.005967
          ],
          [
            -0.007177,
            -0.009012,
            0.005967
          ],
          [
            -0.017983,
            -0.00145,
            -0.000498
          ],
          [
            -0.017983,
            0.00145,
            -0.000498
          ],
          [
            0.015711,
            -0.037675,
            -0.019882
          ],
          [
            0.015711,
            0.037675,
            -0.019882
          ],
          [
            -0.007743,
            -0.0,
            0.005186
          ],
          [
            0.005454,
            -0.0,
            0.003939
          ],
          [
            -0.007907,
            -0.0,
            0.007712
          ],
          [
            -0.0027,
            -0.0,
            -0.002999
          ],
          [
            0.011837,
            -0.0,
            0.00236
          ]
        ],
        "Lattice": [
          [
            15.916,
            0.0,
            0.0
          ],
          [
            0.0,
            11.254308681,
            0.0
          ],
          [
            0.0,
            0.0,
            19.826639638
          ]
        ],
        "NumAtoms": 93,
        "Positions": [
          [
            0.0,
            2.81358,
            0.0
          ],
          [
            0.0,
            8.44073,
            0.0
          ],
          [
            7.958,
            2.81358,
            0.0
          ],
          [
            7.958,
            8.44073,
            0.0
          ],
          [
            3.979,
            2.81358,
            0.0
          ],
          [
            3.979,
            8.44073,
            0.0
          ],
          [
            11.937,
            2.81358,
            0.0
          ],
          [
            11.937,
            8.44073,
            0.0
          ],
          [
            0.0,
            0.0,
            0.0
          ],
          [
            0.0,
            5.62715,
            0.0
          ],
          [
            7.958,
            0.0,
            0.0
          ],
          [
            7.958,
            5.62715,
            0.0
          ],
          [
            3.979,
            0.0,
            0.0
          ],
          [
            3.979,
            5.62715,
            0.0
          ],
          [
            11.937,
            0.0,
            0.0
          ],
          [
            11.937,
            5.62715,
            0.0
          ],
          [
            1.9895,
            4.22036,
            1.40678
          ],
          [
            1.9895,
            9.84752,
            1.40678
          ],
          [
            9.9475,
            4.22036,
            1.40678
          ],
          [
            9.9475,
            9.84752,
            1.40678
          ],
          [
            5.9685,
            4.22036,
            1.40678
          ],
          [
            5.9685,
            9.84752,
            1.40678
          ],
          [
            13.9265,
            4.22036,
            1.40678
          ],
          [
            13.9265,
            9.84752,
            1.40678
          ],
          [
            1.9895,
            1.40679,
            1.40678
          ],
          [
            1.9895,
            7.03395,
            1.40678
          ],
          [
            9.9475,
            1.40679,
            1.40678
          ],
          [
            9.9475,
            7.03395,
            1.40678
          ],
          [
            5.9685,
            1.40679,
            1.40678
          ],
          [
            5.9685,
            7.03395,
            1.40678
          ],
          [
            13.9265,
            1.40679,
            1.40678
          ],
          [
            13.9265,
            7.03395,
            1.40678
          ],
          [
            0.00084,
            0.0,
            2.77404
          ],
          [
            0.00593,
            5.62715,
            2.83836
          ],
          [
            7.95055,
            0.0,
            2.83927
          ],
          [
            7.95101,
            5.62715,
            2.83772
          ],
          [
            3.97627,
            0.0,
            2.84043
          ],
          [
            3.98097,
            5.62715,
            2.84024
          ],
          [
            11.94115,
            0.0,
            2.77079
          ],
          [
            11.9381,
            5.62715,
            2.77538
          ],
          [
            0.01619,
            2.81382,
            2.83891
          ],
          [
            0.01619,
            8.44049,
            2.83891
          ],
          [
            7.94491,
            2.81285,
            2.84152
          ],
          [
            7.94491,
            8.44146,
            2.84152
          ],
          [
            3.98128,
            2.81286,
            2.84183
          ],
          [
            3.98128,
            8.44145,
            2.84183
          ],
          [
            11.93049,
            2.81707,
            2.82018
          ],
          [
            11.93049,
            8.43724,
            2.82018
          ],
          [
            1.99565,
            4.22209,
            4.33927
          ],
          [
            2.00201,
            9.84046,
            4.33656
          ],
          [
            9.92552,
            4.21432,
            4.32809
          ],
          [
            9.93022,
            9.84597,
            4.32308
          ],
          [
            5.96476,
            4.21749,
            4.34025
          ],
          [
            5.96468,
            9.84887,
            4.34056
          ],
          [
            13.94557,
            4.21745,
            4.32497
          ],
          [
            13.93524,
            9.83323,
            4.32153
          ],
          [
            2.00201,
            1.41385,
            4.33656
          ],
          [
            1.99565,
            7.03222,
            4.33927
          ],
          [
            9.93022,
            1.40834,
            4.32308
          ],
          [
            9.92552,
            7.03999,
            4.32809
          ],
          [
            5.96468,
            1.40544,
            4.34056
          ],
          [
            5.96476,
            7.03682,
            4.34025
          ],
          [
            13.93524,
            1.42108,
            4.32153
          ],
          [
            13.94557,
            7.03686,
            4.32497
          ],
          [
            0.01517,
            2.81143,
            5.58968
          ],
          [
            0.01517,
            8.44288,
            5.58968
          ],
          [
            7.94468,
            2.81099,
            5.59952
          ],
          [
            7.94468,
            8.44332,
            5.59952
          ],
          [
            3.98165,
            2.81522,
            5.59811
          ],
          [
            3.98165,
            8.43909,
            5.59811
          ],
          [
            11.93272,
            2.81789,
            5.54898
          ],
          [
            11.93272,
            8.43641,
            5.54898
          ],
          [
            0.0047,
            0.0,
            5.49526
          ],
          [
            0.00509,
            5.62715,
            5.59391
          ],
          [
            7.95455,
            0.0,
            5.59437
          ],
          [
            7.95099,
            5.62715,
            5.58769
          ],
          [
            3.9793,
            0.0,
            5.5894
          ],
          [
            3.98185,
            5.62715,
            5.59056
          ],
          [
            11.9376,
            0.0,
            5.47788
          ],
          [
            11.93386,
            5.62715,
            5.48002
          ],
          [
            3.98326,
            2.81756,
            7.17042
          ],
          [
            3.98326,
            8.43675,
            7.17042
          ],
          [
            11.93353,
            2.81801,
            7.12782
          ],
          [
            11.93353,
            8.4363,
            7.12782
          ],
          [
            7.92855,
            2.81368,
            7.17199
          ],
          [
            7.92855,
            8.44063,
            7.17199
          ],
          [
            0.02863,
            2.78647,
            7.16567
          ],
          [
            0.02863,
            8.46784,
            7.16567
          ],
          [
            3.97501,
            0.0,
            7.1616
          ],
          [
            7.97038,
            0.0,
            7.16604
          ],
          [
            15.90213,
            5.62715,
            7.16521
          ],
          [
            3.97792,
            5.62715,
            7.16297
          ],
          [
            7.97447,
            5.62715,
            7.15931
          ]
        ],
        "Stress": [
          [
            -36.02825,
            0.0,
            -0.00678
          ],
          [
            0.0,
            -49.29372,
            0.0
          ],
          [
            -0.00678,
            0.0,
            -7.5833
          ]
        ],
        "computation_code": "VASP",
        "pseudopotential_information": [
          [
            "PAW_PBE",
            "Pt",
            "04Feb2005"
          ],
          [
            "PAW_PBE",
            "H",
            "15Jun2001"
          ]
        ]
      }
    ],
    "EnergyStyle": "electronvolt",
    "ForcesStyle": "electronvoltperangstrom",
    "LatticeStyle": "angstrom",
    "PositionsStyle": "angstrom",
    "StressStyle": "kB"
  }
}