{
  "Dataset": {
    "AtomTypeStyle": "chemicalsymbol",
    "Data": [
      {
        "AtomTypes": [
          "Pt",
          "Pt",
          "Pt",
          "Pt",
          "Pt",
          "Pt",
          "Pt",
          "Pt",
          "Pt",
          "Pt",
          "Pt",
          "Pt",
          "Pt",
          "Pt",
          "Pt",
          "Pt",
          "Pt",
          "Pt",
          "Pt",
          "Pt",
          "Pt",
          "Pt",
          "Pt",
          "Pt",
          "Pt",
          "Pt",
          "Pt",
          "Pt",
          "Pt",
          "Pt",
          "Pt",
          "Pt",
          "Pt",
          "Pt",
          "Pt",
          "Pt",
          "Pt",
          "Pt",
          "Pt",
          "Pt",
          "Pt",
          "Pt",
          "Pt",
          "Pt",
          "Pt",
          "Pt",
          "Pt",
          "Pt",
          "Pt",
          "Pt",
          "Pt",
          "Pt",
          "Pt",
          "Pt",
          "Pt",
          "Pt",
          "Pt",
          "Pt",
          "Pt",
          "Pt",
          "Pt",
          "Pt",
          "Pt",
          "Pt",
          "Pt",
          "Pt",
          "Pt",
          "Pt",
          "Pt",
          "Pt",
          "Pt",
          "Pt",
          "Pt",
          "Pt",
          "Pt",
          "Pt",
          "Pt",
          "Pt",
          "Pt",
          "Pt"
        ],
        "Energy": -231.85174443,
        "Forces": [
          [
            -0.002434,
            -0.0,
            0.941762
          ],
          [
            -0.003541,
            -0.0,
            0.934481
          ],
          [
            0.002434,
            -0.0,
            0.941762
          ],
          [
            0.003541,
            -0.0,
            0.934481
          ],
          [
            -0.0,
            -0.0,
            0.943302
          ],
          [
            -0.0,
            -0.0,
            0.936822
          ],
          [
            -0.0,
            -0.0,
            0.939915
          ],
          [
            -0.0,
            -0.0,
            0.941311
          ],
          [
            -0.001445,
            0.000584,
            0.93964
          ],
          [
            -0.001445,
            -0.000584,
            0.93964
          ],
          [
            0.001445,
            0.000584,
            0.93964
          ],
          [
            0.001445,
            -0.000584,
            0.93964
          ],
          [
            -0.0,
            -0.001414,
            0.942748
          ],
          [
            -0.0,
            0.001414,
            0.942748
          ],
          [
            -0.0,
            0.0001,
            0.939521
          ],
          [
            -0.0,
            -0.0001,
            0.939521
          ],
          [
            0.017957,
            0.000687,
            -0.932627
          ],
          [
            0.023824,
            0.003637,
            -0.937953
          ],
          [
            -0.002125,
            -0.000327,
            -0.940699
          ],
          [
            -0.002078,
            0.000522,
            -0.942057
          ],
          [
            -0.017957,
            0.000687,
            -0.932627
          ],
          [
            -0.023824,
            0.003637,
            -0.937953
          ],
          [
            0.002125,
            -0.000327,
            -0.940699
          ],
          [
            0.002078,
            0.000522,
            -0.942057
          ],
          [
            0.017957,
            -0.000687,
            -0.932627
          ],
          [
            0.023824,
            -0.003637,
            -0.937953
          ],
          [
            -0.002125,
            0.000327,
            -0.940699
          ],
          [
            -0.002078,
            -0.000522,
            -0.942057
          ],
          [
            -0.017957,
            -0.000687,
            -0.932627
          ],
          [
            -0.023824,
            -0.003637,
            -0.937953
          ],
          [
            0.002125,
            0.000327,
            -0.940699
          ],
          [
            0.002078,
            -0.000522,
            -0.942057
          ],
          [
            -0.002563,
            0.000905,
            -0.001679
          ],
          [
            -0.002563,
            -0.000905,
            -0.001679
          ],
          [
            0.002563,
            0.000905,
            -0.001679
          ],
          [
            0.002563,
            -0.000905,
            -0.001679
          ],
          [
            -0.0,
            -0.000951,
            -0.015461
          ],
          [
            -0.0,
            0.000951,
            -0.015461
          ],
          [
            -0.0,
            0.001132,
            -0.002786
          ],
          [
            -0.0,
            -0.001132,
            -0.002786
          ],
          [
            0.001634,
            -0.0,
            -0.007232
          ],
          [
            -0.000573,
            -0.0,
            0.00734
          ],
          [
            -0.001634,
            -0.0,
            -0.007232
          ],
          [
            0.000573,
            -0.0,
            0.00734
          ],
          [
            -0.0,
            -0.0,
            -0.007584
          ],
          [
            -0.0,
            -0.0,
            -0.003645
          ],
          [
            -0.0,
            -0.0,
            -0.007648
          ],
          [
            -0.0,
            -0.0,
            -0.006827
          ],
          [
            0.002137,
            -0.005358,
            4.6e-05
          ],
          [
            -0.004762,
            0.00077,
            0.004874
          ],
          [
            -0.001928,
            -0.000701,
            0.002696
          ],
          [
            0.005462,
            0.001256,
            -7.5e-05
          ],
          [
            -0.002137,
            -0.005358,
            4.6e-05
          ],
          [
            0.004762,
            0.00077,
            0.004874
          ],
          [
            0.001928,
            -0.000701,
            0.002696
          ],
          [
            -0.005462,
            0.001256,
            -7.5e-05
          ],
          [
            0.002137,
            0.005358,
            4.6e-05
          ],
          [
            -0.004762,
            -0.00077,
            0.004874
          ],
          [
            -0.001928,
            0.000701,
            0.002696
          ],
          [
            0.005462,
            -0.001256,
            -7.5e-05
          ],
          [
            -0.002137,
            0.005358,
            4.6e-05
          ],
          [
            0.004762,
            -0.00077,
            0.004874
          ],
          [
            0.001928,
            0.000701,
            0.002696
          ],
          [
            -0.005462,
            -0.001256,
            -7.5e-05
          ],
          [
            0.00151,
            -0.0,
            0.00176
          ],
          [
            -0.00953,
            -0.0,
            0.003885
          ],
          [
            -0.00151,
            -0.0,
            0.00176
          ],
          [
            0.00953,
            -0.0,
            0.003885
          ],
          [
            -0.0,
            -0.0,
            0.00506
          ],
          [
            -0.0,
            -0.0,
            -0.00869
          ],
          [
            -0.0,
            -0.0,
            0.005287
          ],
          [
            -0.0,
            -0.0,
            0.007311
          ],
          [
            0.001188,
            0.001467,
            0.003612
          ],
          [
            0.001188,
            -0.001467,
            0.003612
          ],
          [
            -0.001188,
            0.001467,
            0.003612
          ],
          [
            -0.001188,
            -0.001467,
            0.003612
          ],
          [
            -0.0,
            0.010174,
            -0.015352
          ],
          [
            -0.0,
            -0.010174,
            -0.015352
          ],
          [
            -0.0,
            0.004206,
            0.005473
          ],
          [
            -0.0,
            -0.004206,
            0.005473
          ]
        ],
        "Lattice": [
          [
            15.916,
            0.0,
            0.0
          ],
          [
            0.0,
            11.254308681,
            0.0
          ],
          [
            0.0,
            0.0,
            19.826639638
          ]
        ],
        "NumAtoms": 80,
        "Positions": [
          [
            0.0,
            2.81358,
            0.0
          ],
          [
            0.0,
            8.44073,
            0.0
          ],
          [
            7.958,
            2.81358,
            0.0
          ],
          [
            7.958,
            8.44073,
            0.0
          ],
          [
            3.979,
            2.81358,
            0.0
          ],
          [
            3.979,
            8.44073,
            0.0
          ],
          [
            11.937,
            2.81358,
            0.0
          ],
          [
            11.937,
            8.44073,
            0.0
          ],
          [
            0.0,
            0.0,
            0.0
          ],
          [
            0.0,
            5.62715,
            0.0
          ],
          [
            7.958,
            0.0,
            0.0
          ],
          [
            7.958,
            5.62715,
            0.0
          ],
          [
            3.979,
            0.0,
            0.0
          ],
          [
            3.979,
            5.62715,
            0.0
          ],
          [
            11.937,
            0.0,
            0.0
          ],
          [
            11.937,
            5.62715,
            0.0
          ],
          [
            1.9895,
            4.22036,
            1.40678
          ],
          [
            1.9895,
            9.84752,
            1.40678
          ],
          [
            9.9475,
            4.22036,
            1.40678
          ],
          [
            9.9475,
            9.84752,
            1.40678
          ],
          [
            5.9685,
            4.22036,
            1.40678
          ],
          [
            5.9685,
            9.84752,
            1.40678
          ],
          [
            13.9265,
            4.22036,
            1.40678
          ],
          [
            13.9265,
            9.84752,
            1.40678
          ],
          [
            1.9895,
            1.40679,
            1.40678
          ],
          [
            1.9895,
            7.03395,
            1.40678
          ],
          [
            9.9475,
            1.40679,
            1.40678
          ],
          [
            9.9475,
            7.03395,
            1.40678
          ],
          [
            5.9685,
            1.40679,
            1.40678
          ],
          [
            5.9685,
            7.03395,
            1.40678
          ],
          [
            13.9265,
            1.40679,
            1.40678
          ],
          [
            13.9265,
            7.03395,
            1.40678
          ],
          [
            0.00132,
            0.00019,
            2.77288
          ],
          [
            0.00132,
            5.62697,
            2.77288
          ],
          [
            7.95668,
            0.00019,
            2.77288
          ],
          [
            7.95668,
            5.62697,
            2.77288
          ],
          [
            3.979,
            0.00068,
            2.77841
          ],
          [
            3.979,
            5.62647,
            2.77841
          ],
          [
            11.937,
            11.25383,
            2.77274
          ],
          [
            11.937,
            5.62763,
            2.77274
          ],
          [
            0.0007,
            2.81358,
            2.7737
          ],
          [
            0.00125,
            8.44073,
            2.7719
          ],
          [
            7.9573,
            2.81358,
            2.7737
          ],
          [
            7.95675,
            8.44073,
            2.7719
          ],
          [
            3.979,
            2.81358,
            2.77571
          ],
          [
            3.979,
            8.44073,
            2.77626
          ],
          [
            11.937,
            2.81358,
            2.77332
          ],
          [
            11.937,
            8.44073,
            2.77315
          ],
          [
            1.99229,
            4.22132,
            4.31796
          ],
          [
            1.99359,
            9.84742,
            4.3153
          ],
          [
            9.94724,
            4.22087,
            4.31509
          ],
          [
            9.94501,
            9.84683,
            4.31529
          ],
          [
            5.96571,
            4.22132,
            4.31796
          ],
          [
            5.96441,
            9.84742,
            4.3153
          ],
          [
            13.92676,
            4.22087,
            4.31509
          ],
          [
            13.92899,
            9.84683,
            4.31529
          ],
          [
            1.99229,
            1.40583,
            4.31796
          ],
          [
            1.99359,
            7.03404,
            4.3153
          ],
          [
            9.94724,
            1.40628,
            4.31509
          ],
          [
            9.94501,
            7.03464,
            4.31529
          ],
          [
            5.96571,
            1.40583,
            4.31796
          ],
          [
            5.96441,
            7.03404,
            4.3153
          ],
          [
            13.92676,
            1.40628,
            4.31509
          ],
          [
            13.92899,
            7.03464,
            4.31529
          ],
          [
            0.00116,
            2.81358,
            5.4786
          ],
          [
            0.00451,
            8.44073,
            5.47854
          ],
          [
            7.95684,
            2.81358,
            5.4786
          ],
          [
            7.95349,
            8.44073,
            5.47854
          ],
          [
            3.979,
            2.81358,
            5.48457
          ],
          [
            3.979,
            8.44073,
            5.48955
          ],
          [
            11.937,
            2.81358,
            5.47837
          ],
          [
            11.937,
            8.44073,
            5.47743
          ],
          [
            0.00185,
            -0.00054,
            5.47843
          ],
          [
            0.00185,
            5.6277,
            5.47843
          ],
          [
            7.95615,
            -0.00054,
            5.47843
          ],
          [
            7.95615,
            5.6277,
            5.47843
          ],
          [
            3.979,
            -0.0025,
            5.491
          ],
          [
            3.979,
            5.62966,
            5.491
          ],
          [
            11.937,
            11.2522,
            5.47766
          ],
          [
            11.937,
            5.62927,
            5.47766
          ]
        ],
        "Stress": [
          [
            -19.47466,
            0.0,
            0.0
          ],
          [
            0.0,
            -41.215,
            0.0
          ],
          [
            0.0,
            0.0,
            -9.85536
          ]
        ],
        "computation_code": "VASP",
        "pseudopotential_information": [
          [
            "PAW_PBE",
            "Pt",
            "04Feb2005"
          ]
        ]
      }
    ],
    "EnergyStyle": "electronvolt",
    "ForcesStyle": "electronvoltperangstrom",
    "LatticeStyle": "angstrom",
    "PositionsStyle": "angstrom",
    "StressStyle": "kB"
  }
}