{
  "Dataset": {
    "AtomTypeStyle": "chemicalsymbol",
    "Data": [
      {
        "AtomTypes": [
          "Pt",
          "Pt",
          "Pt",
          "Pt",
          "Pt",
          "Pt",
          "Pt",
          "Pt",
          "Pt",
          "Pt",
          "Pt",
          "Pt",
          "Pt",
          "Pt",
          "Pt",
          "Pt",
          "Pt",
          "Pt",
          "Pt",
          "Pt",
          "Pt",
          "Pt",
          "Pt",
          "Pt",
          "Pt",
          "Pt",
          "Pt",
          "Pt",
          "Pt",
          "Pt",
          "Pt",
          "Pt",
          "Pt",
          "Pt",
          "Pt",
          "Pt",
          "Pt",
          "Pt",
          "Pt",
          "Pt",
          "Pt",
          "Pt",
          "Pt",
          "Pt",
          "Pt",
          "Pt",
          "Pt",
          "Pt",
          "Pt",
          "Pt",
          "Pt",
          "Pt",
          "Pt",
          "Pt",
          "Pt",
          "Pt",
          "Pt",
          "Pt",
          "Pt",
          "Pt",
          "Pt",
          "Pt",
          "Pt",
          "Pt",
          "Pt",
          "Pt",
          "Pt",
          "Pt",
          "Pt",
          "Pt",
          "Pt",
          "Pt",
          "Pt",
          "Pt",
          "Pt",
          "Pt",
          "Pt",
          "Pt",
          "Pt",
          "Pt"
        ],
        "Energy": -231.85078166,
        "Forces": [
          [
            -0.004923,
            0.0,
            0.939787
          ],
          [
            -0.005321,
            0.0,
            0.937679
          ],
          [
            0.004923,
            0.0,
            0.939787
          ],
          [
            0.005321,
            0.0,
            0.937679
          ],
          [
            -0.0,
            0.0,
            0.942892
          ],
          [
            -0.0,
            0.0,
            0.93106
          ],
          [
            -0.0,
            0.0,
            0.934778
          ],
          [
            -0.0,
            0.0,
            0.942669
          ],
          [
            -0.002751,
            0.000233,
            0.938624
          ],
          [
            -0.002751,
            -0.000233,
            0.938624
          ],
          [
            0.002751,
            0.000233,
            0.938624
          ],
          [
            0.002751,
            -0.000233,
            0.938624
          ],
          [
            -0.0,
            1.5e-05,
            0.940127
          ],
          [
            -0.0,
            -1.5e-05,
            0.940127
          ],
          [
            -0.0,
            -0.000836,
            0.938941
          ],
          [
            -0.0,
            0.000836,
            0.938941
          ],
          [
            0.033312,
            0.001186,
            -0.931042
          ],
          [
            0.030475,
            0.005617,
            -0.938691
          ],
          [
            -0.003743,
            -0.001213,
            -0.939093
          ],
          [
            -0.003622,
            4.8e-05,
            -0.940286
          ],
          [
            -0.033312,
            0.001186,
            -0.931042
          ],
          [
            -0.030475,
            0.005617,
            -0.938691
          ],
          [
            0.003743,
            -0.001213,
            -0.939093
          ],
          [
            0.003622,
            4.8e-05,
            -0.940286
          ],
          [
            0.033312,
            -0.001186,
            -0.931042
          ],
          [
            0.030475,
            -0.005617,
            -0.938691
          ],
          [
            -0.003743,
            0.001213,
            -0.939093
          ],
          [
            -0.003622,
            -4.8e-05,
            -0.940286
          ],
          [
            -0.033312,
            -0.001186,
            -0.931042
          ],
          [
            -0.030475,
            -0.005617,
            -0.938691
          ],
          [
            0.003743,
            0.001213,
            -0.939093
          ],
          [
            0.003622,
            -4.8e-05,
            -0.940286
          ],
          [
            -0.008042,
            -0.00626,
            0.008162
          ],
          [
            -0.008042,
            0.00626,
            0.008162
          ],
          [
            0.008042,
            -0.00626,
            0.008162
          ],
          [
            0.008042,
            0.00626,
            0.008162
          ],
          [
            -0.0,
            -0.005734,
            -0.009445
          ],
          [
            -0.0,
            0.005734,
            -0.009445
          ],
          [
            -0.0,
            0.003113,
            0.000572
          ],
          [
            -0.0,
            -0.003113,
            0.000572
          ],
          [
            -0.014785,
            0.0,
            0.003562
          ],
          [
            -0.003478,
            0.0,
            -0.001011
          ],
          [
            0.014785,
            0.0,
            0.003562
          ],
          [
            0.003478,
            0.0,
            -0.001011
          ],
          [
            -0.0,
            0.0,
            -0.010416
          ],
          [
            -0.0,
            0.0,
            0.011138
          ],
          [
            -0.0,
            0.0,
            0.01065
          ],
          [
            -0.0,
            0.0,
            -0.001903
          ],
          [
            -0.003769,
            -0.003652,
            -0.006165
          ],
          [
            -0.00815,
            -5.9e-05,
            0.003776
          ],
          [
            -0.001506,
            0.002665,
            4.6e-05
          ],
          [
            0.007008,
            -0.001419,
            0.000469
          ],
          [
            0.003769,
            -0.003652,
            -0.006165
          ],
          [
            0.00815,
            -5.9e-05,
            0.003776
          ],
          [
            0.001506,
            0.002665,
            4.6e-05
          ],
          [
            -0.007008,
            -0.001419,
            0.000469
          ],
          [
            -0.003769,
            0.003652,
            -0.006165
          ],
          [
            -0.00815,
            5.9e-05,
            0.003776
          ],
          [
            -0.001506,
            -0.002665,
            4.6e-05
          ],
          [
            0.007008,
            0.001419,
            0.000469
          ],
          [
            0.003769,
            0.003652,
            -0.006165
          ],
          [
            0.00815,
            5.9e-05,
            0.003776
          ],
          [
            0.001506,
            -0.002665,
            4.6e-05
          ],
          [
            -0.007008,
            0.001419,
            0.000469
          ],
          [
            0.008909,
            0.0,
            -0.006935
          ],
          [
            -0.023667,
            0.0,
            0.010812
          ],
          [
            -0.008909,
            0.0,
            -0.006935
          ],
          [
            0.023667,
            0.0,
            0.010812
          ],
          [
            -0.0,
            0.0,
            0.016671
          ],
          [
            -0.0,
            0.0,
            -0.012981
          ],
          [
            -0.0,
            0.0,
            -0.005914
          ],
          [
            -0.0,
            0.0,
            -0.000304
          ],
          [
            -0.002353,
            -0.002479,
            0.00314
          ],
          [
            -0.002353,
            0.002479,
            0.00314
          ],
          [
            0.002353,
            -0.002479,
            0.00314
          ],
          [
            0.002353,
            0.002479,
            0.00314
          ],
          [
            -0.0,
            0.019389,
            -0.029401
          ],
          [
            -0.0,
            -0.019389,
            -0.029401
          ],
          [
            -0.0,
            0.004836,
            -0.00174
          ],
          [
            -0.0,
            -0.004836,
            -0.00174
          ]
        ],
        "Lattice": [
          [
            15.916,
            0.0,
            0.0
          ],
          [
            0.0,
            11.254308681,
            0.0
          ],
          [
            0.0,
            0.0,
            19.826639638
          ]
        ],
        "NumAtoms": 80,
        "Positions": [
          [
            0.0,
            2.81358,
            0.0
          ],
          [
            0.0,
            8.44073,
            0.0
          ],
          [
            7.958,
            2.81358,
            0.0
          ],
          [
            7.958,
            8.44073,
            0.0
          ],
          [
            3.979,
            2.81358,
            0.0
          ],
          [
            3.979,
            8.44073,
            0.0
          ],
          [
            11.937,
            2.81358,
            0.0
          ],
          [
            11.937,
            8.44073,
            0.0
          ],
          [
            0.0,
            0.0,
            0.0
          ],
          [
            0.0,
            5.62715,
            0.0
          ],
          [
            7.958,
            0.0,
            0.0
          ],
          [
            7.958,
            5.62715,
            0.0
          ],
          [
            3.979,
            0.0,
            0.0
          ],
          [
            3.979,
            5.62715,
            0.0
          ],
          [
            11.937,
            0.0,
            0.0
          ],
          [
            11.937,
            5.62715,
            0.0
          ],
          [
            1.9895,
            4.22036,
            1.40678
          ],
          [
            1.9895,
            9.84752,
            1.40678
          ],
          [
            9.9475,
            4.22036,
            1.40678
          ],
          [
            9.9475,
            9.84752,
            1.40678
          ],
          [
            5.9685,
            4.22036,
            1.40678
          ],
          [
            5.9685,
            9.84752,
            1.40678
          ],
          [
            13.9265,
            4.22036,
            1.40678
          ],
          [
            13.9265,
            9.84752,
            1.40678
          ],
          [
            1.9895,
            1.40679,
            1.40678
          ],
          [
            1.9895,
            7.03395,
            1.40678
          ],
          [
            9.9475,
            1.40679,
            1.40678
          ],
          [
            9.9475,
            7.03395,
            1.40678
          ],
          [
            5.9685,
            1.40679,
            1.40678
          ],
          [
            5.9685,
            7.03395,
            1.40678
          ],
          [
            13.9265,
            1.40679,
            1.40678
          ],
          [
            13.9265,
            7.03395,
            1.40678
          ],
          [
            0.00259,
            0.00151,
            2.77179
          ],
          [
            0.00259,
            5.62564,
            2.77179
          ],
          [
            7.95541,
            0.00151,
            2.77179
          ],
          [
            7.95541,
            5.62564,
            2.77179
          ],
          [
            3.979,
            0.00163,
            2.77981
          ],
          [
            3.979,
            5.62552,
            2.77981
          ],
          [
            11.937,
            11.25331,
            2.7727
          ],
          [
            11.937,
            5.62816,
            2.7727
          ],
          [
            0.00352,
            2.81358,
            2.77314
          ],
          [
            0.00195,
            8.44073,
            2.77198
          ],
          [
            7.95448,
            2.81358,
            2.77314
          ],
          [
            7.95605,
            8.44073,
            2.77198
          ],
          [
            3.979,
            2.81358,
            2.77699
          ],
          [
            3.979,
            8.44073,
            2.77493
          ],
          [
            11.937,
            2.81358,
            2.77197
          ],
          [
            11.937,
            8.44073,
            2.77319
          ],
          [
            1.99498,
            4.22074,
            4.32089
          ],
          [
            1.99545,
            9.84855,
            4.31469
          ],
          [
            9.94767,
            4.22056,
            4.31495
          ],
          [
            9.94375,
            9.84694,
            4.3155
          ],
          [
            5.96303,
            4.22074,
            4.32089
          ],
          [
            5.96255,
            9.84855,
            4.31469
          ],
          [
            13.92633,
            4.22056,
            4.31495
          ],
          [
            13.93025,
            9.84694,
            4.3155
          ],
          [
            1.99498,
            1.40642,
            4.32089
          ],
          [
            1.99545,
            7.03291,
            4.31469
          ],
          [
            9.94767,
            1.4066,
            4.31495
          ],
          [
            9.94375,
            7.03452,
            4.3155
          ],
          [
            5.96303,
            1.40642,
            4.32089
          ],
          [
            5.96255,
            7.03291,
            4.31469
          ],
          [
            13.92633,
            1.4066,
            4.31495
          ],
          [
            13.93025,
            7.03452,
            4.3155
          ],
          [
            0.00049,
            2.81358,
            5.47884
          ],
          [
            0.00843,
            8.44073,
            5.47652
          ],
          [
            7.95751,
            2.81358,
            5.47884
          ],
          [
            7.94957,
            8.44073,
            5.47652
          ],
          [
            3.979,
            2.81358,
            5.48816
          ],
          [
            3.979,
            8.44073,
            5.49067
          ],
          [
            11.937,
            2.81358,
            5.47914
          ],
          [
            11.937,
            8.44073,
            5.47747
          ],
          [
            0.00298,
            0.00097,
            5.47726
          ],
          [
            0.00298,
            5.62618,
            5.47726
          ],
          [
            7.95502,
            0.00097,
            5.47726
          ],
          [
            7.95502,
            5.62618,
            5.47726
          ],
          [
            3.979,
            -0.00474,
            5.49686
          ],
          [
            3.979,
            5.6319,
            5.49686
          ],
          [
            11.937,
            11.25111,
            5.47804
          ],
          [
            11.937,
            5.63035,
            5.47804
          ]
        ],
        "Stress": [
          [
            -19.54072,
            0.0,
            0.0
          ],
          [
            0.0,
            -41.26844,
            0.0
          ],
          [
            0.0,
            0.0,
            -9.95228
          ]
        ],
        "computation_code": "VASP",
        "pseudopotential_information": [
          [
            "PAW_PBE",
            "Pt",
            "04Feb2005"
          ]
        ]
      }
    ],
    "EnergyStyle": "electronvolt",
    "ForcesStyle": "electronvoltperangstrom",
    "LatticeStyle": "angstrom",
    "PositionsStyle": "angstrom",
    "StressStyle": "kB"
  }
}