{
  "Dataset": {
    "AtomTypeStyle": "chemicalsymbol",
    "Data": [
      {
        "AtomTypes": [
          "Pt",
          "Pt",
          "Pt",
          "Pt",
          "Pt",
          "Pt",
          "Pt",
          "Pt",
          "Pt",
          "Pt",
          "Pt",
          "Pt",
          "Pt",
          "Pt",
          "Pt",
          "Pt",
          "Pt",
          "Pt",
          "Pt",
          "Pt",
          "Pt",
          "Pt",
          "Pt",
          "Pt",
          "Pt",
          "Pt",
          "Pt",
          "Pt",
          "Pt",
          "Pt",
          "Pt",
          "Pt",
          "Pt",
          "Pt",
          "Pt",
          "Pt",
          "Pt",
          "Pt",
          "Pt",
          "Pt",
          "Pt",
          "Pt",
          "Pt",
          "Pt",
          "Pt",
          "Pt",
          "Pt",
          "Pt",
          "Pt",
          "Pt",
          "Pt",
          "Pt",
          "Pt",
          "Pt",
          "Pt",
          "Pt",
          "Pt",
          "Pt",
          "Pt",
          "Pt",
          "Pt",
          "Pt",
          "Pt",
          "Pt",
          "O",
          "O",
          "O",
          "O",
          "O",
          "O",
          "O",
          "O",
          "O",
          "O",
          "O",
          "O",
          "O"
        ],
        "Energy": -396.87021739,
        "Forces": [
          [
            0.016303,
            0.004482,
            -0.263929
          ],
          [
            0.010242,
            0.005908,
            0.032965
          ],
          [
            0.010327,
            0.00596,
            -0.273884
          ],
          [
            0.012036,
            0.011872,
            -0.26393
          ],
          [
            0.034555,
            -0.002058,
            -0.026931
          ],
          [
            -0.057935,
            -0.020335,
            -0.222615
          ],
          [
            -0.030542,
            0.002333,
            -0.213453
          ],
          [
            0.031765,
            0.014001,
            -0.244143
          ],
          [
            0.028036,
            0.02052,
            -0.244143
          ],
          [
            -0.046548,
            -0.039995,
            -0.222614
          ],
          [
            -0.013224,
            -0.027608,
            -0.213454
          ],
          [
            0.015522,
            0.030964,
            -0.026932
          ],
          [
            -0.032406,
            0.026788,
            -0.25343
          ],
          [
            0.0141,
            0.008153,
            -0.286067
          ],
          [
            0.011416,
            0.006602,
            -0.278833
          ],
          [
            0.006985,
            -0.041441,
            -0.253428
          ],
          [
            0.010669,
            -0.020933,
            0.28978
          ],
          [
            -0.073895,
            -0.042661,
            0.152051
          ],
          [
            -0.019575,
            -0.011299,
            0.090437
          ],
          [
            -0.012798,
            0.019714,
            0.289783
          ],
          [
            0.056654,
            0.0509,
            0.120169
          ],
          [
            0.013237,
            0.002258,
            0.28402
          ],
          [
            -0.072344,
            -0.022141,
            0.254306
          ],
          [
            -0.005464,
            0.056393,
            0.259207
          ],
          [
            -0.004624,
            -0.026888,
            0.174638
          ],
          [
            0.01618,
            0.009338,
            0.181762
          ],
          [
            0.025703,
            0.014839,
            0.252497
          ],
          [
            -0.025596,
            0.009439,
            0.174637
          ],
          [
            0.046105,
            -0.032932,
            0.259216
          ],
          [
            0.008573,
            0.010334,
            0.284028
          ],
          [
            -0.05535,
            -0.051583,
            0.254312
          ],
          [
            0.0724,
            0.023611,
            0.120178
          ],
          [
            0.001558,
            0.005509,
            -0.007183
          ],
          [
            -0.003941,
            -0.002277,
            -0.003712
          ],
          [
            -0.009812,
            -0.005665,
            0.014461
          ],
          [
            0.005549,
            -0.001405,
            -0.007182
          ],
          [
            0.013194,
            0.009343,
            0.00949
          ],
          [
            0.009372,
            0.010295,
            0.007101
          ],
          [
            -0.000602,
            0.002388,
            -0.01873
          ],
          [
            0.003532,
            -0.005527,
            0.008469
          ],
          [
            -0.003021,
            0.005821,
            0.008469
          ],
          [
            0.013602,
            0.002968,
            0.007102
          ],
          [
            0.001767,
            -0.001715,
            -0.018729
          ],
          [
            0.014687,
            0.006755,
            0.009491
          ],
          [
            -0.007349,
            -0.003772,
            0.006362
          ],
          [
            -0.000402,
            -0.000233,
            -0.012057
          ],
          [
            0.000901,
            0.000519,
            0.010949
          ],
          [
            -0.006941,
            -0.004479,
            0.006361
          ],
          [
            -0.01376,
            0.013163,
            -0.012517
          ],
          [
            0.013271,
            0.000343,
            -0.018933
          ],
          [
            0.020104,
            -0.011724,
            -0.000772
          ],
          [
            0.016327,
            0.011595,
            -0.015722
          ],
          [
            -0.020776,
            -0.006596,
            0.006028
          ],
          [
            -0.010263,
            -0.005925,
            -0.011951
          ],
          [
            -0.022427,
            -0.012949,
            -0.00141
          ],
          [
            -0.016099,
            -0.014697,
            0.006025
          ],
          [
            0.018207,
            0.008342,
            -0.015722
          ],
          [
            0.006936,
            0.011324,
            -0.018931
          ],
          [
            -0.000101,
            0.023274,
            -0.000773
          ],
          [
            0.004522,
            -0.018495,
            -0.01252
          ],
          [
            -0.000688,
            -0.005076,
            -0.013764
          ],
          [
            -0.016958,
            -0.00979,
            0.015501
          ],
          [
            0.002504,
            0.001445,
            -0.027668
          ],
          [
            -0.00474,
            0.001941,
            -0.013763
          ],
          [
            0.006545,
            -0.004951,
            -0.004561
          ],
          [
            -0.009496,
            0.004202,
            -0.029616
          ],
          [
            0.01664,
            0.005706,
            -0.014631
          ],
          [
            1.7e-05,
            -0.007732,
            0.015295
          ],
          [
            0.013263,
            0.01156,
            -0.014634
          ],
          [
            -0.006689,
            0.00388,
            0.015296
          ],
          [
            -0.001106,
            -0.010328,
            -0.029615
          ],
          [
            -0.001013,
            0.008143,
            -0.00456
          ],
          [
            -0.005099,
            -0.018237,
            0.01164
          ],
          [
            -0.018345,
            0.004702,
            0.01164
          ],
          [
            0.005338,
            0.003081,
            0.001254
          ],
          [
            -0.006039,
            -0.003487,
            -0.00621
          ],
          [
            0.007323,
            0.004229,
            -0.021267
          ]
        ],
        "Lattice": [
          [
            11.285424233,
            0.0,
            0.0
          ],
          [
            5.642712116,
            9.773464079,
            0.0
          ],
          [
            0.0,
            0.0,
            21.542621611
          ]
        ],
        "NumAtoms": 77,
        "Positions": [
          [
            4.23246,
            2.44361,
            0.0
          ],
          [
            7.05381,
            7.33034,
            0.0
          ],
          [
            9.87517,
            2.44361,
            0.0
          ],
          [
            12.69653,
            7.33034,
            0.0
          ],
          [
            1.41082,
            2.44361,
            0.0
          ],
          [
            4.23218,
            7.33034,
            0.0
          ],
          [
            7.05353,
            2.44361,
            0.0
          ],
          [
            9.87489,
            7.33034,
            0.0
          ],
          [
            2.82163,
            0.0,
            0.0
          ],
          [
            5.64299,
            4.88673,
            0.0
          ],
          [
            8.46434,
            0.0,
            0.0
          ],
          [
            11.2857,
            4.88673,
            0.0
          ],
          [
            0.0,
            0.0,
            0.0
          ],
          [
            2.82136,
            4.88673,
            0.0
          ],
          [
            5.64271,
            0.0,
            0.0
          ],
          [
            8.46407,
            4.88673,
            0.0
          ],
          [
            7.05406,
            4.07267,
            2.30385
          ],
          [
            9.87542,
            8.9594,
            2.30385
          ],
          [
            12.69678,
            4.07267,
            2.30385
          ],
          [
            15.51813,
            8.9594,
            2.30385
          ],
          [
            5.64325,
            1.62906,
            2.30385
          ],
          [
            8.4646,
            6.51579,
            2.30385
          ],
          [
            11.28596,
            1.62906,
            2.30385
          ],
          [
            14.10731,
            6.51579,
            2.30385
          ],
          [
            2.82161,
            1.62906,
            2.30385
          ],
          [
            5.64296,
            6.51579,
            2.30385
          ],
          [
            8.46432,
            1.62906,
            2.30385
          ],
          [
            11.28568,
            6.51579,
            2.30385
          ],
          [
            4.23243,
            4.07267,
            2.30385
          ],
          [
            7.05378,
            8.9594,
            2.30385
          ],
          [
            9.87514,
            4.07267,
            2.30385
          ],
          [
            12.6965,
            8.9594,
            2.30385
          ],
          [
            1.41724,
            0.79711,
            4.61511
          ],
          [
            4.24901,
            5.71099,
            4.59095
          ],
          [
            7.05201,
            0.81366,
            4.60392
          ],
          [
            9.86301,
            5.71554,
            4.61511
          ],
          [
            4.21329,
            0.83063,
            4.56742
          ],
          [
            7.05614,
            5.67874,
            4.62383
          ],
          [
            9.87634,
            0.82965,
            4.60974
          ],
          [
            12.69521,
            5.68775,
            4.58948
          ],
          [
            2.80927,
            3.26377,
            4.58948
          ],
          [
            5.62465,
            8.15816,
            4.62383
          ],
          [
            8.47803,
            3.2516,
            4.60974
          ],
          [
            11.29006,
            8.12023,
            4.56742
          ],
          [
            5.64363,
            3.23904,
            4.63144
          ],
          [
            8.48816,
            8.15846,
            4.6553
          ],
          [
            11.27629,
            3.25255,
            4.64976
          ],
          [
            14.09097,
            8.15474,
            4.63144
          ],
          [
            2.86781,
            0.04213,
            6.88003
          ],
          [
            5.61777,
            4.86917,
            6.83467
          ],
          [
            8.34319,
            -0.0433,
            6.93711
          ],
          [
            11.39617,
            4.85489,
            6.90326
          ],
          [
            -0.0117,
            0.03022,
            6.82769
          ],
          [
            2.73324,
            4.83586,
            6.83375
          ],
          [
            5.71708,
            0.04294,
            6.82054
          ],
          [
            8.48439,
            4.86149,
            6.82769
          ],
          [
            1.43848,
            2.55519,
            6.90326
          ],
          [
            4.20435,
            7.31728,
            6.83467
          ],
          [
            6.95545,
            2.36033,
            6.9371
          ],
          [
            9.93446,
            7.34927,
            6.88003
          ],
          [
            4.31524,
            2.36839,
            6.91548
          ],
          [
            7.051,
            7.32872,
            6.79059
          ],
          [
            9.83199,
            2.41868,
            6.88219
          ],
          [
            12.67278,
            7.43964,
            6.91548
          ],
          [
            2.83987,
            1.67973,
            8.11649
          ],
          [
            15.45944,
            8.96293,
            8.06551
          ],
          [
            8.46501,
            6.52781,
            8.031
          ],
          [
            9.91747,
            4.08291,
            8.0693
          ],
          [
            7.06439,
            8.95374,
            8.03099
          ],
          [
            11.316,
            1.6606,
            8.0693
          ],
          [
            7.02778,
            4.02007,
            8.06551
          ],
          [
            11.33869,
            6.50626,
            8.11649
          ],
          [
            4.20029,
            4.04629,
            8.05567
          ],
          [
            14.0684,
            6.50115,
            8.05567
          ],
          [
            10.02876,
            9.04793,
            8.09995
          ],
          [
            8.37584,
            1.57797,
            8.14453
          ],
          [
            5.6336,
            6.51038,
            8.04347
          ]
        ],
        "Stress": [
          [
            15.96991,
            -0.01617,
            0.00058
          ],
          [
            -0.01617,
            15.98859,
            0.00035
          ],
          [
            0.00058,
            0.00035,
            -2.0042
          ]
        ],
        "computation_code": "VASP",
        "pseudopotential_information": [
          [
            "PAW_PBE",
            "Pt",
            "04Feb2005"
          ],
          [
            "PAW_PBE",
            "O",
            "08Apr2002"
          ]
        ]
      }
    ],
    "EnergyStyle": "electronvolt",
    "ForcesStyle": "electronvoltperangstrom",
    "LatticeStyle": "angstrom",
    "PositionsStyle": "angstrom",
    "StressStyle": "kB"
  }
}