{
  "Dataset": {
    "AtomTypeStyle": "chemicalsymbol",
    "Data": [
      {
        "AtomTypes": [
          "Pt",
          "Pt",
          "Pt",
          "Pt",
          "Pt",
          "Pt",
          "Pt",
          "Pt",
          "Pt",
          "Pt",
          "Pt",
          "Pt",
          "Pt",
          "Pt",
          "Pt",
          "Pt",
          "Pt",
          "Pt",
          "Pt",
          "Pt",
          "Pt",
          "Pt",
          "Pt",
          "Pt",
          "Pt",
          "Pt",
          "Pt",
          "Pt",
          "Pt",
          "Pt",
          "Pt",
          "Pt",
          "Pt",
          "Pt",
          "Pt",
          "Pt",
          "Pt",
          "Pt",
          "Pt",
          "Pt",
          "Pt",
          "Pt",
          "Pt",
          "Pt",
          "Pt",
          "Pt",
          "Pt",
          "Pt",
          "Pt",
          "Pt",
          "Pt",
          "Pt",
          "Pt",
          "Pt",
          "Pt",
          "Pt",
          "Pt",
          "Pt",
          "Pt",
          "Pt",
          "Pt",
          "Pt",
          "Pt",
          "Pt",
          "O",
          "O"
        ],
        "Energy": -343.0253611,
        "Forces": [
          [
            0.006128,
            -0.00625,
            -0.074651
          ],
          [
            0.013767,
            -0.03174,
            -0.073455
          ],
          [
            -0.004508,
            0.08043,
            -0.06393
          ],
          [
            -0.019054,
            -0.026007,
            -0.069655
          ],
          [
            -0.01341,
            0.012819,
            -0.058569
          ],
          [
            0.003546,
            0.015134,
            -0.086151
          ],
          [
            0.01808,
            0.010409,
            -0.066041
          ],
          [
            0.002259,
            -0.028528,
            -0.05976
          ],
          [
            -0.027516,
            0.00423,
            -0.053403
          ],
          [
            0.033576,
            0.027417,
            -0.084526
          ],
          [
            0.030698,
            -0.02088,
            -0.092869
          ],
          [
            0.004871,
            -0.01498,
            -0.227197
          ],
          [
            -0.034135,
            -0.028081,
            -0.08319
          ],
          [
            -0.024297,
            0.027043,
            -0.07569
          ],
          [
            0.033385,
            0.00504,
            -0.056744
          ],
          [
            -0.003982,
            -0.012604,
            -0.218434
          ],
          [
            0.018998,
            -0.052801,
            0.191573
          ],
          [
            2.1e-05,
            -0.010939,
            0.123776
          ],
          [
            -0.029317,
            -0.05338,
            0.189954
          ],
          [
            0.012241,
            0.018538,
            0.079766
          ],
          [
            -0.018198,
            0.02819,
            0.149302
          ],
          [
            0.000251,
            -0.005791,
            0.115705
          ],
          [
            0.016673,
            0.029406,
            0.081484
          ],
          [
            0.000533,
            -0.006574,
            0.063776
          ],
          [
            -0.004143,
            0.027543,
            0.164176
          ],
          [
            -0.005256,
            -0.000505,
            0.072635
          ],
          [
            -0.007476,
            0.036349,
            0.080169
          ],
          [
            -0.004119,
            0.003218,
            0.110967
          ],
          [
            -0.01399,
            -0.050134,
            0.063888
          ],
          [
            0.041634,
            0.01008,
            0.133345
          ],
          [
            -0.006194,
            -0.004445,
            0.258896
          ],
          [
            -0.051594,
            1.7e-05,
            0.113131
          ],
          [
            0.031346,
            0.008744,
            -0.04059
          ],
          [
            -0.001709,
            -0.036335,
            -0.077063
          ],
          [
            -0.007256,
            0.007084,
            -0.029646
          ],
          [
            -0.021378,
            0.010939,
            -0.010636
          ],
          [
            0.015081,
            0.007423,
            0.041706
          ],
          [
            -0.021622,
            -0.009078,
            -0.035471
          ],
          [
            -0.014375,
            -0.021773,
            0.010918
          ],
          [
            0.021136,
            -0.007098,
            -0.066139
          ],
          [
            0.021919,
            0.010727,
            0.025148
          ],
          [
            -0.016668,
            0.014691,
            0.013643
          ],
          [
            0.010003,
            -0.011556,
            -0.034036
          ],
          [
            0.000427,
            0.027458,
            -0.017375
          ],
          [
            -0.001774,
            -0.014427,
            0.00389
          ],
          [
            0.011867,
            0.033592,
            0.035592
          ],
          [
            0.01971,
            -0.011842,
            0.009428
          ],
          [
            -0.010653,
            0.006668,
            0.035435
          ],
          [
            0.061347,
            -0.021723,
            -0.003092
          ],
          [
            -0.014771,
            -0.03552,
            0.005414
          ],
          [
            0.019871,
            -0.040139,
            -0.058623
          ],
          [
            -0.013582,
            -0.031706,
            -0.072157
          ],
          [
            -0.053963,
            -0.045328,
            -0.106936
          ],
          [
            0.046746,
            -0.066799,
            0.016403
          ],
          [
            -0.031608,
            -0.090965,
            0.022276
          ],
          [
            0.030329,
            0.013694,
            -0.087217
          ],
          [
            0.079363,
            0.061089,
            -0.00391
          ],
          [
            -0.047388,
            0.0727,
            -0.09692
          ],
          [
            -0.052783,
            -0.015633,
            0.064665
          ],
          [
            -0.009055,
            0.00973,
            -0.085397
          ],
          [
            -0.041603,
            -0.010572,
            0.141738
          ],
          [
            -0.012622,
            0.05429,
            -0.097292
          ],
          [
            0.014033,
            -0.0031,
            -0.103107
          ],
          [
            0.001133,
            0.076628,
            -0.027632
          ],
          [
            -0.042567,
            0.031004,
            0.045234
          ],
          [
            0.061595,
            0.044909,
            0.03347
          ]
        ],
        "Lattice": [
          [
            11.285424233,
            0.0,
            0.0
          ],
          [
            5.642712116,
            9.773464079,
            0.0
          ],
          [
            0.0,
            0.0,
            21.542621611
          ]
        ],
        "NumAtoms": 66,
        "Positions": [
          [
            4.23246,
            2.44361,
            0.0
          ],
          [
            7.05381,
            7.33034,
            0.0
          ],
          [
            9.87517,
            2.44361,
            0.0
          ],
          [
            12.69653,
            7.33034,
            0.0
          ],
          [
            1.41082,
            2.44361,
            0.0
          ],
          [
            4.23218,
            7.33034,
            0.0
          ],
          [
            7.05353,
            2.44361,
            0.0
          ],
          [
            9.87489,
            7.33034,
            0.0
          ],
          [
            2.82163,
            0.0,
            0.0
          ],
          [
            5.64299,
            4.88673,
            0.0
          ],
          [
            8.46434,
            0.0,
            0.0
          ],
          [
            11.2857,
            4.88673,
            0.0
          ],
          [
            0.0,
            0.0,
            0.0
          ],
          [
            2.82136,
            4.88673,
            0.0
          ],
          [
            5.64271,
            0.0,
            0.0
          ],
          [
            8.46407,
            4.88673,
            0.0
          ],
          [
            7.05406,
            4.07267,
            2.30385
          ],
          [
            9.87542,
            8.9594,
            2.30385
          ],
          [
            12.69678,
            4.07267,
            2.30385
          ],
          [
            15.51813,
            8.9594,
            2.30385
          ],
          [
            5.64325,
            1.62906,
            2.30385
          ],
          [
            8.4646,
            6.51579,
            2.30385
          ],
          [
            11.28596,
            1.62906,
            2.30385
          ],
          [
            14.10731,
            6.51579,
            2.30385
          ],
          [
            2.82161,
            1.62906,
            2.30385
          ],
          [
            5.64296,
            6.51579,
            2.30385
          ],
          [
            8.46432,
            1.62906,
            2.30385
          ],
          [
            11.28568,
            6.51579,
            2.30385
          ],
          [
            4.23243,
            4.07267,
            2.30385
          ],
          [
            7.05378,
            8.9594,
            2.30385
          ],
          [
            9.87514,
            4.07267,
            2.30385
          ],
          [
            12.6965,
            8.9594,
            2.30385
          ],
          [
            1.40871,
            0.81394,
            4.60438
          ],
          [
            4.23094,
            5.7102,
            4.58153
          ],
          [
            7.04994,
            0.81578,
            4.59399
          ],
          [
            9.8764,
            5.69249,
            4.57584
          ],
          [
            4.22329,
            0.81115,
            4.60377
          ],
          [
            7.06964,
            5.70913,
            4.57923
          ],
          [
            9.87982,
            0.82376,
            4.58335
          ],
          [
            12.67925,
            5.70674,
            4.57582
          ],
          [
            2.82868,
            3.24505,
            4.62153
          ],
          [
            5.65191,
            8.1418,
            4.59079
          ],
          [
            8.44141,
            3.25169,
            4.61956
          ],
          [
            11.28175,
            8.16471,
            4.62541
          ],
          [
            5.62256,
            3.25264,
            4.61468
          ],
          [
            8.46309,
            8.15821,
            4.62177
          ],
          [
            11.29836,
            3.2499,
            4.61569
          ],
          [
            14.10976,
            8.14255,
            4.5811
          ],
          [
            8.43186,
            9.63596,
            6.94596
          ],
          [
            5.66589,
            4.96219,
            6.87204
          ],
          [
            8.50584,
            -0.03082,
            6.88957
          ],
          [
            11.26919,
            4.91794,
            6.94255
          ],
          [
            -0.03241,
            -0.02979,
            6.91241
          ],
          [
            2.79078,
            4.96347,
            6.86803
          ],
          [
            5.67148,
            -0.11764,
            6.93132
          ],
          [
            8.47929,
            4.9129,
            6.95032
          ],
          [
            12.53994,
            2.4925,
            6.95328
          ],
          [
            4.24561,
            7.33362,
            6.93527
          ],
          [
            7.18783,
            2.50134,
            6.93305
          ],
          [
            9.87385,
            7.2681,
            6.93395
          ],
          [
            4.23308,
            2.58443,
            6.94332
          ],
          [
            7.05273,
            7.29243,
            6.95258
          ],
          [
            9.86604,
            2.46887,
            6.94323
          ],
          [
            12.70414,
            7.30043,
            6.92283
          ],
          [
            2.73285,
            1.5941,
            8.03438
          ],
          [
            5.72736,
            1.59849,
            8.04374
          ]
        ],
        "Stress": [
          [
            -37.03826,
            -6e-05,
            0.02248
          ],
          [
            -6e-05,
            -37.17864,
            0.08234
          ],
          [
            0.02248,
            0.08234,
            -0.8096
          ]
        ],
        "computation_code": "VASP",
        "pseudopotential_information": [
          [
            "PAW_PBE",
            "Pt",
            "04Feb2005"
          ],
          [
            "PAW_PBE",
            "O",
            "08Apr2002"
          ]
        ]
      }
    ],
    "EnergyStyle": "electronvolt",
    "ForcesStyle": "electronvoltperangstrom",
    "LatticeStyle": "angstrom",
    "PositionsStyle": "angstrom",
    "StressStyle": "kB"
  }
}