{
  "Dataset": {
    "AtomTypeStyle": "chemicalsymbol",
    "Data": [
      {
        "AtomTypes": [
          "Pt",
          "Pt",
          "Pt",
          "Pt",
          "Pt",
          "Pt",
          "Pt",
          "Pt",
          "Pt",
          "Pt",
          "Pt",
          "Pt",
          "Pt",
          "Pt",
          "Pt",
          "Pt",
          "Pt",
          "Pt",
          "Pt",
          "Pt",
          "Pt",
          "Pt",
          "Pt",
          "Pt",
          "Pt",
          "Pt",
          "Pt",
          "Pt",
          "Pt",
          "Pt",
          "Pt",
          "Pt",
          "Pt",
          "Pt",
          "Pt",
          "Pt",
          "Pt",
          "Pt",
          "Pt",
          "Pt",
          "Pt",
          "Pt",
          "Pt",
          "Pt",
          "Pt",
          "Pt",
          "Pt",
          "Pt",
          "Pt",
          "Pt",
          "Pt",
          "Pt",
          "Pt",
          "Pt",
          "Pt",
          "Pt",
          "Pt",
          "Pt",
          "Pt",
          "Pt",
          "Pt",
          "Pt",
          "Pt",
          "Pt",
          "O",
          "O",
          "O",
          "O",
          "O",
          "O",
          "O",
          "O",
          "O",
          "O"
        ],
        "Energy": -384.08826573,
        "Forces": [
          [
            0.002316,
            0.007955,
            -0.280914
          ],
          [
            0.007468,
            0.004305,
            0.030985
          ],
          [
            -0.05779,
            -0.033368,
            -0.018236
          ],
          [
            0.008051,
            -0.001979,
            -0.280915
          ],
          [
            0.06367,
            -0.045251,
            -0.074531
          ],
          [
            -0.025599,
            0.002929,
            -0.251887
          ],
          [
            -0.015245,
            0.036437,
            -0.248031
          ],
          [
            0.020117,
            -0.004495,
            -0.275318
          ],
          [
            0.006195,
            0.019678,
            -0.275317
          ],
          [
            -0.010233,
            -0.023625,
            -0.251888
          ],
          [
            0.023958,
            -0.031413,
            -0.248031
          ],
          [
            -0.007325,
            0.077775,
            -0.074533
          ],
          [
            0.000149,
            0.017697,
            -0.253441
          ],
          [
            0.024034,
            0.013888,
            -0.077537
          ],
          [
            -0.006193,
            -0.003564,
            -0.019198
          ],
          [
            0.015387,
            -0.008702,
            -0.253439
          ],
          [
            0.038755,
            0.021705,
            0.482129
          ],
          [
            -0.082241,
            -0.047471,
            0.312394
          ],
          [
            0.001396,
            0.000808,
            0.257846
          ],
          [
            0.03817,
            0.022717,
            0.482124
          ],
          [
            -0.003399,
            0.027314,
            0.258116
          ],
          [
            -0.01153,
            0.000669,
            0.498452
          ],
          [
            -0.056632,
            -0.052831,
            0.38009
          ],
          [
            0.007527,
            0.04755,
            0.457529
          ],
          [
            0.065821,
            -0.011035,
            0.458589
          ],
          [
            -0.021962,
            -0.012683,
            0.420791
          ],
          [
            -0.021802,
            -0.012589,
            0.381582
          ],
          [
            0.02336,
            0.062517,
            0.458567
          ],
          [
            0.044938,
            -0.017263,
            0.457537
          ],
          [
            -0.005184,
            -0.010319,
            0.498459
          ],
          [
            -0.074076,
            -0.022632,
            0.380108
          ],
          [
            0.021955,
            -0.016601,
            0.258127
          ],
          [
            -0.069089,
            -0.030072,
            -0.059841
          ],
          [
            -0.019943,
            -0.011496,
            -0.177903
          ],
          [
            -0.11649,
            -0.067287,
            -0.107004
          ],
          [
            -0.060629,
            -0.044857,
            -0.059843
          ],
          [
            0.023085,
            -0.0259,
            -0.108456
          ],
          [
            -0.009323,
            0.036406,
            -0.180639
          ],
          [
            0.073458,
            0.00194,
            -0.111422
          ],
          [
            0.05676,
            -0.102633,
            -0.133411
          ],
          [
            -0.060504,
            0.100466,
            -0.133422
          ],
          [
            0.026857,
            -0.026315,
            -0.180624
          ],
          [
            0.038439,
            0.062697,
            -0.111431
          ],
          [
            -0.010845,
            0.032973,
            -0.108406
          ],
          [
            0.008422,
            0.010459,
            0.012831
          ],
          [
            -0.040057,
            -0.023123,
            -0.163979
          ],
          [
            0.013524,
            0.007841,
            -0.178803
          ],
          [
            0.013235,
            0.002067,
            0.012837
          ],
          [
            -0.032543,
            0.257853,
            -0.052413
          ],
          [
            0.047118,
            -0.14713,
            0.024218
          ],
          [
            0.211818,
            -0.25829,
            -0.042818
          ],
          [
            0.044391,
            0.096377,
            -0.055329
          ],
          [
            0.050213,
            0.136975,
            -0.187343
          ],
          [
            -0.12493,
            -0.072123,
            -0.19597
          ],
          [
            -0.020236,
            -0.011737,
            -0.192325
          ],
          [
            0.143737,
            -0.024985,
            -0.187365
          ],
          [
            0.10565,
            -0.009776,
            -0.055315
          ],
          [
            -0.103857,
            0.114371,
            0.024227
          ],
          [
            -0.117773,
            0.312552,
            -0.042829
          ],
          [
            0.207011,
            -0.157109,
            -0.052395
          ],
          [
            0.166563,
            0.059082,
            -0.204104
          ],
          [
            -0.068003,
            -0.039264,
            -0.050545
          ],
          [
            -0.036167,
            -0.020889,
            -0.115141
          ],
          [
            0.134455,
            0.114722,
            -0.204103
          ],
          [
            -0.217072,
            -0.125924,
            -0.003867
          ],
          [
            -0.042509,
            -0.124817,
            -0.092932
          ],
          [
            -0.096654,
            -0.038055,
            0.020235
          ],
          [
            -0.011,
            0.123656,
            0.006229
          ],
          [
            -0.081307,
            -0.064687,
            0.020263
          ],
          [
            0.101596,
            -0.071355,
            0.006217
          ],
          [
            -0.12936,
            0.025619,
            -0.092891
          ],
          [
            -0.217599,
            -0.125024,
            -0.003871
          ],
          [
            0.08327,
            0.093084,
            -0.035241
          ],
          [
            0.122232,
            0.025587,
            -0.035283
          ]
        ],
        "Lattice": [
          [
            11.285424233,
            0.0,
            0.0
          ],
          [
            5.642712116,
            9.773464079,
            0.0
          ],
          [
            0.0,
            0.0,
            21.542621611
          ]
        ],
        "NumAtoms": 74,
        "Positions": [
          [
            4.23246,
            2.44361,
            0.0
          ],
          [
            7.05381,
            7.33034,
            0.0
          ],
          [
            9.87517,
            2.44361,
            0.0
          ],
          [
            12.69653,
            7.33034,
            0.0
          ],
          [
            1.41082,
            2.44361,
            0.0
          ],
          [
            4.23218,
            7.33034,
            0.0
          ],
          [
            7.05353,
            2.44361,
            0.0
          ],
          [
            9.87489,
            7.33034,
            0.0
          ],
          [
            2.82163,
            0.0,
            0.0
          ],
          [
            5.64299,
            4.88673,
            0.0
          ],
          [
            8.46434,
            0.0,
            0.0
          ],
          [
            11.2857,
            4.88673,
            0.0
          ],
          [
            0.0,
            0.0,
            0.0
          ],
          [
            2.82136,
            4.88673,
            0.0
          ],
          [
            5.64271,
            0.0,
            0.0
          ],
          [
            8.46407,
            4.88673,
            0.0
          ],
          [
            7.05406,
            4.07267,
            2.30385
          ],
          [
            9.87542,
            8.9594,
            2.30385
          ],
          [
            12.69678,
            4.07267,
            2.30385
          ],
          [
            15.51813,
            8.9594,
            2.30385
          ],
          [
            5.64325,
            1.62906,
            2.30385
          ],
          [
            8.4646,
            6.51579,
            2.30385
          ],
          [
            11.28596,
            1.62906,
            2.30385
          ],
          [
            14.10731,
            6.51579,
            2.30385
          ],
          [
            2.82161,
            1.62906,
            2.30385
          ],
          [
            5.64296,
            6.51579,
            2.30385
          ],
          [
            8.46432,
            1.62906,
            2.30385
          ],
          [
            11.28568,
            6.51579,
            2.30385
          ],
          [
            4.23243,
            4.07267,
            2.30385
          ],
          [
            7.05378,
            8.9594,
            2.30385
          ],
          [
            9.87514,
            4.07267,
            2.30385
          ],
          [
            12.6965,
            8.9594,
            2.30385
          ],
          [
            1.39808,
            0.79498,
            4.63307
          ],
          [
            4.25501,
            5.71445,
            4.64583
          ],
          [
            7.09843,
            0.84046,
            4.63009
          ],
          [
            9.85158,
            5.70002,
            4.63307
          ],
          [
            4.21069,
            0.83568,
            4.6298
          ],
          [
            7.05908,
            5.68822,
            4.689
          ],
          [
            9.88214,
            0.82114,
            4.6673
          ],
          [
            12.68764,
            5.69911,
            4.66022
          ],
          [
            2.81533,
            3.25153,
            4.66022
          ],
          [
            5.63433,
            8.15596,
            4.689
          ],
          [
            8.47355,
            3.26088,
            4.6673
          ],
          [
            11.29314,
            8.11546,
            4.62979
          ],
          [
            5.62119,
            3.23423,
            4.62214
          ],
          [
            8.49877,
            8.16459,
            4.6823
          ],
          [
            11.29816,
            3.26517,
            4.66574
          ],
          [
            14.07559,
            8.13771,
            4.62214
          ],
          [
            2.95452,
            -0.03518,
            7.00471
          ],
          [
            5.63138,
            4.95253,
            6.95725
          ],
          [
            8.32309,
            0.05207,
            7.01038
          ],
          [
            11.36805,
            4.86535,
            6.92772
          ],
          [
            -0.00886,
            0.02118,
            6.95394
          ],
          [
            2.73923,
            4.83932,
            6.92908
          ],
          [
            5.66238,
            0.01136,
            6.84677
          ],
          [
            8.47799,
            4.86847,
            6.95394
          ],
          [
            1.43347,
            2.52562,
            6.92773
          ],
          [
            4.28335,
            7.28738,
            6.95725
          ],
          [
            7.02799,
            2.29524,
            7.01037
          ],
          [
            9.91087,
            7.46302,
            7.00471
          ],
          [
            4.36673,
            2.37761,
            7.03034
          ],
          [
            6.96961,
            7.28173,
            6.96126
          ],
          [
            9.74243,
            2.36697,
            6.99936
          ],
          [
            12.7065,
            7.47963,
            7.03034
          ],
          [
            2.88602,
            1.6437,
            8.1807
          ],
          [
            15.39206,
            8.99723,
            8.14457
          ],
          [
            8.46773,
            6.56252,
            8.12012
          ],
          [
            9.90377,
            4.03583,
            8.13343
          ],
          [
            7.09582,
            8.93874,
            8.12012
          ],
          [
            11.26837,
            1.67227,
            8.13343
          ],
          [
            7.02379,
            3.94456,
            8.14457
          ],
          [
            11.33056,
            6.56425,
            8.1807
          ],
          [
            4.22238,
            4.07691,
            8.13995
          ],
          [
            14.10597,
            6.50496,
            8.13996
          ]
        ],
        "Stress": [
          [
            -7.51884,
            0.14044,
            -0.28617
          ],
          [
            0.14044,
            -7.68094,
            -0.16518
          ],
          [
            -0.28617,
            -0.16518,
            -9.36382
          ]
        ],
        "computation_code": "VASP",
        "pseudopotential_information": [
          [
            "PAW_PBE",
            "Pt",
            "04Feb2005"
          ],
          [
            "PAW_PBE",
            "O",
            "08Apr2002"
          ]
        ]
      }
    ],
    "EnergyStyle": "electronvolt",
    "ForcesStyle": "electronvoltperangstrom",
    "LatticeStyle": "angstrom",
    "PositionsStyle": "angstrom",
    "StressStyle": "kB"
  }
}