{
  "Dataset": {
    "AtomTypeStyle": "chemicalsymbol",
    "Data": [
      {
        "AtomTypes": [
          "Pt",
          "Pt",
          "Pt",
          "Pt",
          "Pt",
          "Pt",
          "Pt",
          "Pt",
          "Pt",
          "Pt",
          "Pt",
          "Pt",
          "Pt",
          "Pt",
          "Pt",
          "Pt",
          "Pt",
          "Pt",
          "Pt",
          "Pt",
          "Pt",
          "Pt",
          "Pt",
          "Pt",
          "Pt",
          "Pt",
          "Pt",
          "Pt",
          "Pt",
          "Pt",
          "Pt",
          "Pt",
          "Pt",
          "Pt",
          "Pt",
          "Pt",
          "Pt",
          "Pt",
          "Pt",
          "Pt",
          "Pt",
          "Pt",
          "Pt",
          "Pt",
          "Pt",
          "Pt",
          "Pt",
          "Pt",
          "Pt",
          "Pt",
          "Pt",
          "Pt",
          "Pt",
          "Pt",
          "Pt",
          "Pt",
          "Pt",
          "Pt",
          "Pt",
          "Pt",
          "Pt",
          "Pt",
          "Pt",
          "Pt",
          "O",
          "O",
          "O",
          "O",
          "O",
          "O"
        ],
        "Energy": -362.19007169,
        "Forces": [
          [
            -0.015324,
            -0.008847,
            -0.23228
          ],
          [
            -0.00869,
            -0.038665,
            -0.08014
          ],
          [
            -0.03783,
            0.011807,
            -0.08014
          ],
          [
            -0.023719,
            -0.013694,
            -0.084792
          ],
          [
            0.034146,
            0.000723,
            -0.083109
          ],
          [
            0.030191,
            0.012649,
            -0.203934
          ],
          [
            0.006132,
            0.01008,
            -0.182248
          ],
          [
            0.004247,
            0.007194,
            -0.078089
          ],
          [
            0.017699,
            0.02921,
            -0.083109
          ],
          [
            0.011796,
            0.000271,
            -0.182248
          ],
          [
            0.02605,
            0.019822,
            -0.203934
          ],
          [
            0.008353,
            8.1e-05,
            -0.078089
          ],
          [
            -0.032338,
            -0.01867,
            -0.065827
          ],
          [
            0.012779,
            0.007855,
            -0.101863
          ],
          [
            0.013192,
            0.00714,
            -0.101863
          ],
          [
            -0.009254,
            -0.005343,
            -0.209086
          ],
          [
            0.00864,
            0.004988,
            0.329424
          ],
          [
            0.020489,
            -0.00877,
            0.289147
          ],
          [
            0.00265,
            0.022129,
            0.289147
          ],
          [
            -0.070382,
            -0.040635,
            0.376077
          ],
          [
            -0.000615,
            0.120909,
            0.334055
          ],
          [
            -0.037422,
            -0.07807,
            0.298084
          ],
          [
            -0.025783,
            0.011543,
            0.226556
          ],
          [
            0.09339,
            0.013285,
            0.300151
          ],
          [
            0.088103,
            0.050866,
            0.379208
          ],
          [
            -0.067748,
            -0.076087,
            0.322819
          ],
          [
            -0.099768,
            -0.020628,
            0.322819
          ],
          [
            0.039868,
            0.023018,
            0.297694
          ],
          [
            0.104403,
            -0.060987,
            0.334055
          ],
          [
            -0.002896,
            -0.0281,
            0.226556
          ],
          [
            -0.086322,
            0.006626,
            0.298084
          ],
          [
            0.058201,
            0.074236,
            0.300151
          ],
          [
            -0.166909,
            -0.096365,
            0.050197
          ],
          [
            -0.060849,
            0.251258,
            0.581301
          ],
          [
            0.187172,
            -0.178326,
            0.581301
          ],
          [
            0.089179,
            0.051487,
            -0.124701
          ],
          [
            -0.125887,
            -0.155677,
            0.336131
          ],
          [
            0.169474,
            0.088867,
            0.618645
          ],
          [
            0.175164,
            0.145476,
            0.408897
          ],
          [
            -0.206884,
            -0.092509,
            0.566666
          ],
          [
            -0.197764,
            -0.031183,
            0.336131
          ],
          [
            0.213568,
            0.078958,
            0.408897
          ],
          [
            0.161698,
            0.102335,
            0.618645
          ],
          [
            -0.183557,
            -0.132912,
            0.566666
          ],
          [
            -0.248405,
            -0.143417,
            0.547674
          ],
          [
            0.082828,
            0.251153,
            0.161666
          ],
          [
            0.258919,
            -0.053845,
            0.161666
          ],
          [
            -0.10692,
            -0.06173,
            0.022895
          ],
          [
            1.918464,
            -0.771373,
            -1.225702
          ],
          [
            -0.43644,
            -0.320038,
            -0.82286
          ],
          [
            -1.735467,
            0.49523,
            -0.690812
          ],
          [
            1.49608,
            1.042093,
            -0.741352
          ],
          [
            -0.025535,
            -0.014743,
            -1.837103
          ],
          [
            0.16353,
            0.399514,
            -0.796282
          ],
          [
            0.427754,
            -0.058136,
            -0.796282
          ],
          [
            -1.491574,
            -0.861161,
            -1.002739
          ],
          [
            0.291203,
            2.047125,
            -1.225702
          ],
          [
            -0.438852,
            -1.750573,
            -0.690812
          ],
          [
            -0.495381,
            -0.217949,
            -0.82286
          ],
          [
            1.650519,
            0.774596,
            -0.741352
          ],
          [
            1.486073,
            0.857985,
            -0.689583
          ],
          [
            -1.379812,
            -1.120821,
            -1.15831
          ],
          [
            -1.660566,
            -0.634541,
            -1.15831
          ],
          [
            -0.133926,
            -0.077322,
            -0.753214
          ],
          [
            0.702982,
            0.405867,
            1.232455
          ],
          [
            -0.928658,
            -0.536161,
            1.09803
          ],
          [
            0.237225,
            0.11387,
            0.976004
          ],
          [
            0.217227,
            0.148508,
            0.976004
          ],
          [
            0.21285,
            -0.331615,
            1.077418
          ],
          [
            -0.180762,
            0.35014,
            1.077418
          ]
        ],
        "Lattice": [
          [
            11.285424233,
            0.0,
            0.0
          ],
          [
            5.642712116,
            9.773464079,
            0.0
          ],
          [
            0.0,
            0.0,
            21.542621611
          ]
        ],
        "NumAtoms": 70,
        "Positions": [
          [
            4.23246,
            2.44361,
            0.0
          ],
          [
            7.05381,
            7.33034,
            0.0
          ],
          [
            9.87517,
            2.44361,
            0.0
          ],
          [
            12.69653,
            7.33034,
            0.0
          ],
          [
            1.41082,
            2.44361,
            0.0
          ],
          [
            4.23218,
            7.33034,
            0.0
          ],
          [
            7.05353,
            2.44361,
            0.0
          ],
          [
            9.87489,
            7.33034,
            0.0
          ],
          [
            2.82163,
            0.0,
            0.0
          ],
          [
            5.64299,
            4.88673,
            0.0
          ],
          [
            8.46434,
            0.0,
            0.0
          ],
          [
            11.2857,
            4.88673,
            0.0
          ],
          [
            0.0,
            0.0,
            0.0
          ],
          [
            2.82136,
            4.88673,
            0.0
          ],
          [
            5.64271,
            0.0,
            0.0
          ],
          [
            8.46407,
            4.88673,
            0.0
          ],
          [
            7.05406,
            4.07267,
            2.30385
          ],
          [
            9.87542,
            8.9594,
            2.30385
          ],
          [
            12.69678,
            4.07267,
            2.30385
          ],
          [
            15.51813,
            8.9594,
            2.30385
          ],
          [
            5.64325,
            1.62906,
            2.30385
          ],
          [
            8.4646,
            6.51579,
            2.30385
          ],
          [
            11.28596,
            1.62906,
            2.30385
          ],
          [
            14.10731,
            6.51579,
            2.30385
          ],
          [
            2.82161,
            1.62906,
            2.30385
          ],
          [
            5.64296,
            6.51579,
            2.30385
          ],
          [
            8.46432,
            1.62906,
            2.30385
          ],
          [
            11.28568,
            6.51579,
            2.30385
          ],
          [
            4.23243,
            4.07267,
            2.30385
          ],
          [
            7.05378,
            8.9594,
            2.30385
          ],
          [
            9.87514,
            4.07267,
            2.30385
          ],
          [
            12.6965,
            8.9594,
            2.30385
          ],
          [
            1.40927,
            0.81364,
            4.63654
          ],
          [
            4.23175,
            5.70402,
            4.64297
          ],
          [
            7.0557,
            0.8128,
            4.64297
          ],
          [
            9.87616,
            5.70201,
            4.63496
          ],
          [
            4.23137,
            0.81272,
            4.6401
          ],
          [
            7.0559,
            5.70223,
            4.64326
          ],
          [
            9.87732,
            0.81615,
            4.64072
          ],
          [
            12.69448,
            5.70009,
            4.64279
          ],
          [
            2.81952,
            3.25812,
            4.6401
          ],
          [
            5.64546,
            8.14593,
            4.64072
          ],
          [
            8.46623,
            3.25947,
            4.64326
          ],
          [
            11.28366,
            8.1437,
            4.64279
          ],
          [
            5.6408,
            3.25672,
            4.64266
          ],
          [
            8.46545,
            8.14764,
            4.63806
          ],
          [
            11.28879,
            3.25748,
            4.63806
          ],
          [
            14.10616,
            8.14419,
            4.63692
          ],
          [
            2.84742,
            -0.0108,
            7.07057
          ],
          [
            5.63927,
            4.88414,
            7.07947
          ],
          [
            8.44327,
            0.00828,
            7.07883
          ],
          [
            11.30723,
            4.90023,
            7.07811
          ],
          [
            -0.00029,
            -0.00017,
            7.06168
          ],
          [
            2.82357,
            4.89149,
            7.07945
          ],
          [
            5.64794,
            -0.00046,
            7.07945
          ],
          [
            8.44367,
            4.87496,
            7.07172
          ],
          [
            1.41436,
            2.47134,
            7.07057
          ],
          [
            4.22881,
            7.30795,
            7.07883
          ],
          [
            7.04943,
            2.44169,
            7.07947
          ],
          [
            9.89734,
            7.34223,
            7.07811
          ],
          [
            4.25096,
            2.45429,
            7.07966
          ],
          [
            7.03497,
            7.31562,
            7.07144
          ],
          [
            9.853,
            2.43465,
            7.07144
          ],
          [
            12.69457,
            7.32921,
            7.08103
          ],
          [
            2.82916,
            1.63342,
            8.20583
          ],
          [
            15.50739,
            8.95319,
            8.20417
          ],
          [
            8.46674,
            6.51708,
            8.20373
          ],
          [
            9.87733,
            4.07388,
            8.20373
          ],
          [
            7.05548,
            8.95591,
            8.20514
          ],
          [
            11.28379,
            1.63227,
            8.20514
          ]
        ],
        "Stress": [
          [
            -28.49162,
            -0.35361,
            -0.1021
          ],
          [
            -0.35361,
            -28.08332,
            -0.05895
          ],
          [
            -0.1021,
            -0.05895,
            -13.88952
          ]
        ],
        "computation_code": "VASP",
        "pseudopotential_information": [
          [
            "PAW_PBE",
            "Pt",
            "04Feb2005"
          ],
          [
            "PAW_PBE",
            "O",
            "08Apr2002"
          ]
        ]
      }
    ],
    "EnergyStyle": "electronvolt",
    "ForcesStyle": "electronvoltperangstrom",
    "LatticeStyle": "angstrom",
    "PositionsStyle": "angstrom",
    "StressStyle": "kB"
  }
}