{
  "Dataset": {
    "AtomTypeStyle": "chemicalsymbol",
    "Data": [
      {
        "AtomTypes": [
          "Pt",
          "Pt",
          "Pt",
          "Pt",
          "Pt",
          "Pt",
          "Pt",
          "Pt",
          "Pt",
          "Pt",
          "Pt",
          "Pt",
          "Pt",
          "Pt",
          "Pt",
          "Pt",
          "Pt",
          "Pt",
          "Pt",
          "Pt",
          "Pt",
          "Pt",
          "Pt",
          "Pt",
          "Pt",
          "Pt",
          "Pt",
          "Pt",
          "Pt",
          "Pt",
          "Pt",
          "Pt",
          "Pt",
          "Pt",
          "Pt",
          "Pt",
          "Pt",
          "Pt",
          "Pt",
          "Pt",
          "Pt",
          "Pt",
          "Pt",
          "Pt",
          "Pt",
          "Pt",
          "Pt",
          "Pt",
          "Pt",
          "Pt",
          "Pt",
          "Pt",
          "Pt",
          "Pt",
          "Pt",
          "Pt",
          "Pt",
          "Pt",
          "Pt",
          "Pt",
          "Pt",
          "Pt",
          "Pt",
          "Pt",
          "O",
          "O",
          "O",
          "O",
          "O",
          "O",
          "O",
          "O",
          "O",
          "O",
          "O",
          "O"
        ],
        "Energy": -392.82666472,
        "Forces": [
          [
            0.010659,
            0.028687,
            -0.266418
          ],
          [
            0.001614,
            0.000931,
            -0.012638
          ],
          [
            -0.005043,
            -0.002909,
            -0.251151
          ],
          [
            0.030173,
            -0.005112,
            -0.266419
          ],
          [
            0.034686,
            -0.012518,
            -0.043928
          ],
          [
            -0.026142,
            -0.028007,
            -0.238127
          ],
          [
            -0.030102,
            0.023171,
            -0.23099
          ],
          [
            0.009668,
            -0.012808,
            -0.256903
          ],
          [
            -0.006234,
            0.014793,
            -0.256903
          ],
          [
            -0.0373,
            -0.008619,
            -0.238127
          ],
          [
            0.005038,
            -0.037639,
            -0.230991
          ],
          [
            0.006525,
            0.036315,
            -0.04393
          ],
          [
            -0.029861,
            0.014025,
            -0.234678
          ],
          [
            0.016409,
            0.00949,
            -0.270203
          ],
          [
            0.005245,
            0.003044,
            -0.021392
          ],
          [
            -0.0028,
            -0.03285,
            -0.234676
          ],
          [
            0.028681,
            -0.016731,
            0.618736
          ],
          [
            -0.067115,
            -0.038741,
            0.43903
          ],
          [
            0.006156,
            0.003563,
            0.398427
          ],
          [
            -0.000158,
            0.033219,
            0.618738
          ],
          [
            0.054754,
            0.060007,
            0.476154
          ],
          [
            0.011576,
            -0.028608,
            0.528873
          ],
          [
            -0.068893,
            -0.014254,
            0.518771
          ],
          [
            -0.004114,
            0.032772,
            0.613084
          ],
          [
            0.034176,
            -0.032538,
            0.530495
          ],
          [
            -0.007495,
            -0.004326,
            0.495451
          ],
          [
            -0.001655,
            -0.000952,
            0.633431
          ],
          [
            -0.011093,
            0.045872,
            0.530496
          ],
          [
            0.02632,
            -0.019945,
            0.613093
          ],
          [
            -0.018992,
            0.024335,
            0.528881
          ],
          [
            -0.046797,
            -0.052531,
            0.518778
          ],
          [
            0.079334,
            0.01742,
            0.476163
          ],
          [
            -0.01446,
            0.002698,
            -0.075543
          ],
          [
            0.001481,
            0.00086,
            -0.17252
          ],
          [
            0.030053,
            0.017357,
            -0.263983
          ],
          [
            -0.004897,
            -0.013865,
            -0.075543
          ],
          [
            0.01309,
            -0.008165,
            -0.168496
          ],
          [
            -0.013337,
            -0.012168,
            -0.204744
          ],
          [
            -0.014907,
            -0.016072,
            -0.089672
          ],
          [
            0.00588,
            0.017815,
            -0.132424
          ],
          [
            0.018364,
            -0.003807,
            -0.132423
          ],
          [
            -0.017208,
            -0.005459,
            -0.204741
          ],
          [
            -0.021376,
            -0.004866,
            -0.089671
          ],
          [
            -0.00053,
            0.015424,
            -0.168497
          ],
          [
            0.006237,
            0.000941,
            -0.113906
          ],
          [
            -0.032373,
            -0.018686,
            -0.063548
          ],
          [
            -0.012592,
            -0.007265,
            -0.154166
          ],
          [
            0.00393,
            0.004938,
            -0.113907
          ],
          [
            0.028088,
            0.025995,
            -0.102448
          ],
          [
            -0.109132,
            -0.06305,
            -0.20055
          ],
          [
            0.07234,
            -0.033912,
            -0.1783
          ],
          [
            0.065234,
            0.12312,
            -0.185534
          ],
          [
            -0.072258,
            0.126282,
            -0.185997
          ],
          [
            -0.01587,
            -0.009156,
            -0.296404
          ],
          [
            -0.000243,
            -0.000136,
            -0.323754
          ],
          [
            0.073435,
            -0.125924,
            -0.186043
          ],
          [
            0.139236,
            -0.005063,
            -0.185534
          ],
          [
            -0.109172,
            -0.062979,
            -0.200549
          ],
          [
            0.006794,
            0.079606,
            -0.178305
          ],
          [
            0.036552,
            0.011333,
            -0.102449
          ],
          [
            0.025178,
            0.031567,
            -0.228061
          ],
          [
            0.042153,
            0.024348,
            -0.154943
          ],
          [
            -0.178618,
            -0.103118,
            -0.147166
          ],
          [
            0.039922,
            0.006028,
            -0.228061
          ],
          [
            -0.062279,
            -0.045603,
            0.025394
          ],
          [
            0.030064,
            0.024326,
            -0.029466
          ],
          [
            0.02611,
            0.036416,
            -0.015451
          ],
          [
            -0.066237,
            0.020157,
            -0.050344
          ],
          [
            0.044591,
            0.00441,
            -0.015455
          ],
          [
            -0.015667,
            -0.067435,
            -0.050343
          ],
          [
            0.036096,
            0.013881,
            -0.029462
          ],
          [
            -0.070637,
            -0.031125,
            0.025394
          ],
          [
            -0.017118,
            0.043772,
            -0.032038
          ],
          [
            0.029343,
            -0.036704,
            -0.032039
          ],
          [
            0.026512,
            0.015273,
            0.043315
          ],
          [
            0.051009,
            0.029455,
            0.027247
          ]
        ],
        "Lattice": [
          [
            11.285424233,
            0.0,
            0.0
          ],
          [
            5.642712116,
            9.773464079,
            0.0
          ],
          [
            0.0,
            0.0,
            21.542621611
          ]
        ],
        "NumAtoms": 76,
        "Positions": [
          [
            4.23246,
            2.44361,
            0.0
          ],
          [
            7.05381,
            7.33034,
            0.0
          ],
          [
            9.87517,
            2.44361,
            0.0
          ],
          [
            12.69653,
            7.33034,
            0.0
          ],
          [
            1.41082,
            2.44361,
            0.0
          ],
          [
            4.23218,
            7.33034,
            0.0
          ],
          [
            7.05353,
            2.44361,
            0.0
          ],
          [
            9.87489,
            7.33034,
            0.0
          ],
          [
            2.82163,
            0.0,
            0.0
          ],
          [
            5.64299,
            4.88673,
            0.0
          ],
          [
            8.46434,
            0.0,
            0.0
          ],
          [
            11.2857,
            4.88673,
            0.0
          ],
          [
            0.0,
            0.0,
            0.0
          ],
          [
            2.82136,
            4.88673,
            0.0
          ],
          [
            5.64271,
            0.0,
            0.0
          ],
          [
            8.46407,
            4.88673,
            0.0
          ],
          [
            7.05406,
            4.07267,
            2.30385
          ],
          [
            9.87542,
            8.9594,
            2.30385
          ],
          [
            12.69678,
            4.07267,
            2.30385
          ],
          [
            15.51813,
            8.9594,
            2.30385
          ],
          [
            5.64325,
            1.62906,
            2.30385
          ],
          [
            8.4646,
            6.51579,
            2.30385
          ],
          [
            11.28596,
            1.62906,
            2.30385
          ],
          [
            14.10731,
            6.51579,
            2.30385
          ],
          [
            2.82161,
            1.62906,
            2.30385
          ],
          [
            5.64296,
            6.51579,
            2.30385
          ],
          [
            8.46432,
            1.62906,
            2.30385
          ],
          [
            11.28568,
            6.51579,
            2.30385
          ],
          [
            4.23243,
            4.07267,
            2.30385
          ],
          [
            7.05378,
            8.9594,
            2.30385
          ],
          [
            9.87514,
            4.07267,
            2.30385
          ],
          [
            12.6965,
            8.9594,
            2.30385
          ],
          [
            1.41934,
            0.7869,
            4.67652
          ],
          [
            4.24695,
            5.7098,
            4.6619
          ],
          [
            7.04945,
            0.81218,
            4.69978
          ],
          [
            9.85521,
            5.72246,
            4.67652
          ],
          [
            4.20621,
            0.82694,
            4.66101
          ],
          [
            7.05378,
            5.69711,
            4.69671
          ],
          [
            9.89427,
            0.82726,
            4.68141
          ],
          [
            12.69915,
            5.68609,
            4.66455
          ],
          [
            2.80981,
            3.26801,
            4.66455
          ],
          [
            5.63938,
            8.14693,
            4.69671
          ],
          [
            8.48492,
            3.26833,
            4.68141
          ],
          [
            11.28333,
            8.11595,
            4.66101
          ],
          [
            5.6424,
            3.23032,
            4.67138
          ],
          [
            8.49328,
            8.16142,
            4.67868
          ],
          [
            11.28706,
            3.25877,
            4.69726
          ],
          [
            14.0828,
            8.15803,
            4.67138
          ],
          [
            2.83899,
            0.00514,
            6.97629
          ],
          [
            5.61807,
            4.97784,
            6.99138
          ],
          [
            8.36337,
            -0.06569,
            7.01465
          ],
          [
            11.39402,
            4.852,
            6.99689
          ],
          [
            -0.00538,
            0.00349,
            6.96158
          ],
          [
            2.74235,
            4.84112,
            6.96521
          ],
          [
            5.72545,
            0.04777,
            6.96134
          ],
          [
            8.46439,
            4.88033,
            6.96158
          ],
          [
            1.43489,
            2.55478,
            6.99689
          ],
          [
            4.29861,
            7.26321,
            6.99138
          ],
          [
            6.94615,
            2.38901,
            7.01465
          ],
          [
            9.88802,
            7.3428,
            6.97629
          ],
          [
            4.33011,
            2.38905,
            7.00758
          ],
          [
            6.9522,
            7.27168,
            7.00074
          ],
          [
            9.85564,
            2.43233,
            6.96747
          ],
          [
            12.69811,
            7.4422,
            7.00758
          ],
          [
            2.84122,
            1.67969,
            8.18129
          ],
          [
            15.47036,
            8.9228,
            8.17179
          ],
          [
            8.40975,
            6.52171,
            8.17212
          ],
          [
            9.92073,
            4.08415,
            8.16881
          ],
          [
            7.03149,
            8.90893,
            8.17212
          ],
          [
            11.3187,
            1.6628,
            8.16881
          ],
          [
            6.99848,
            4.04959,
            8.17179
          ],
          [
            11.33933,
            6.50745,
            8.18129
          ],
          [
            4.23165,
            4.07155,
            8.16881
          ],
          [
            14.10595,
            6.51567,
            8.16881
          ],
          [
            10.0046,
            9.03398,
            8.17649
          ],
          [
            8.39584,
            1.58952,
            8.18878
          ]
        ],
        "Stress": [
          [
            1.4385,
            -0.03531,
            0.14708
          ],
          [
            -0.03531,
            1.47944,
            0.08488
          ],
          [
            0.14708,
            0.08488,
            -15.02851
          ]
        ],
        "computation_code": "VASP",
        "pseudopotential_information": [
          [
            "PAW_PBE",
            "Pt",
            "04Feb2005"
          ],
          [
            "PAW_PBE",
            "O",
            "08Apr2002"
          ]
        ]
      }
    ],
    "EnergyStyle": "electronvolt",
    "ForcesStyle": "electronvoltperangstrom",
    "LatticeStyle": "angstrom",
    "PositionsStyle": "angstrom",
    "StressStyle": "kB"
  }
}