{
  "Dataset": {
    "AtomTypeStyle": "chemicalsymbol",
    "Data": [
      {
        "AtomTypes": [
          "Pt",
          "Pt",
          "Pt",
          "Pt",
          "Pt",
          "Pt",
          "Pt",
          "Pt",
          "Pt",
          "Pt",
          "Pt",
          "Pt",
          "Pt",
          "Pt",
          "Pt",
          "Pt",
          "Pt",
          "Pt",
          "Pt",
          "Pt",
          "Pt",
          "Pt",
          "Pt",
          "Pt",
          "Pt",
          "Pt",
          "Pt",
          "Pt",
          "Pt",
          "Pt",
          "Pt",
          "Pt",
          "Pt",
          "Pt",
          "Pt",
          "Pt",
          "Pt",
          "Pt",
          "Pt",
          "Pt",
          "Pt",
          "Pt",
          "Pt",
          "Pt",
          "Pt",
          "Pt",
          "Pt",
          "Pt",
          "Pt",
          "Pt",
          "Pt",
          "Pt",
          "Pt",
          "Pt",
          "Pt",
          "Pt",
          "Pt",
          "Pt",
          "Pt",
          "Pt",
          "Pt",
          "Pt",
          "Pt",
          "Pt",
          "O"
        ],
        "Energy": -336.45106044,
        "Forces": [
          [
            -0.0041,
            -0.002367,
            -0.082233
          ],
          [
            -0.02745,
            -0.025303,
            -0.082399
          ],
          [
            -0.035638,
            -0.011121,
            -0.082399
          ],
          [
            0.053398,
            0.030829,
            -0.072981
          ],
          [
            0.047205,
            -0.006662,
            -0.070211
          ],
          [
            -0.008796,
            0.021005,
            -0.085764
          ],
          [
            -0.005183,
            0.023651,
            -0.103756
          ],
          [
            -0.022008,
            -0.02706,
            -0.051066
          ],
          [
            0.017833,
            0.044212,
            -0.070211
          ],
          [
            0.017891,
            -0.016315,
            -0.103756
          ],
          [
            0.013793,
            -0.01812,
            -0.085764
          ],
          [
            -0.034439,
            -0.00553,
            -0.051066
          ],
          [
            -0.056607,
            -0.032682,
            -0.104164
          ],
          [
            0.050623,
            0.015209,
            -0.090723
          ],
          [
            0.038483,
            0.036236,
            -0.090723
          ],
          [
            -0.015984,
            -0.009228,
            -0.164274
          ],
          [
            0.082776,
            0.047791,
            0.242275
          ],
          [
            -0.088917,
            -0.045691,
            0.089172
          ],
          [
            -0.084028,
            -0.054159,
            0.089172
          ],
          [
            0.076704,
            0.044285,
            0.420321
          ],
          [
            0.01913,
            -0.077238,
            0.019589
          ],
          [
            0.009019,
            0.006252,
            0.437256
          ],
          [
            -0.000367,
            0.027706,
            0.200988
          ],
          [
            -0.065158,
            0.009512,
            0.085112
          ],
          [
            -0.089598,
            -0.051729,
            0.2537
          ],
          [
            0.092624,
            0.033565,
            0.156765
          ],
          [
            0.07538,
            0.063432,
            0.156765
          ],
          [
            -0.112561,
            -0.064987,
            0.097434
          ],
          [
            -0.057325,
            0.055186,
            0.019589
          ],
          [
            0.023811,
            -0.014171,
            0.200988
          ],
          [
            0.009924,
            0.004685,
            0.437256
          ],
          [
            -0.024342,
            -0.061185,
            0.085112
          ],
          [
            0.035906,
            0.02073,
            -0.012649
          ],
          [
            0.023485,
            -0.041435,
            -0.030246
          ],
          [
            -0.024141,
            0.041056,
            -0.030246
          ],
          [
            0.008063,
            0.004655,
            0.307549
          ],
          [
            -0.022783,
            0.032025,
            0.091311
          ],
          [
            -0.03041,
            -0.008065,
            -0.004233
          ],
          [
            -0.013951,
            -0.043281,
            0.023117
          ],
          [
            0.08815,
            0.048953,
            -0.048634
          ],
          [
            0.016343,
            -0.035743,
            0.091311
          ],
          [
            -0.044458,
            0.009558,
            0.023117
          ],
          [
            -0.022189,
            -0.022303,
            -0.004233
          ],
          [
            0.086469,
            0.051863,
            -0.048634
          ],
          [
            0.103147,
            0.059552,
            -0.090604
          ],
          [
            0.036543,
            -0.168381,
            -0.142483
          ],
          [
            -0.127551,
            0.115838,
            -0.142483
          ],
          [
            -0.018944,
            -0.010938,
            0.18922
          ],
          [
            -0.237981,
            1.09044,
            0.273808
          ],
          [
            0.432556,
            0.603347,
            0.266721
          ],
          [
            0.746156,
            -0.277189,
            -0.575187
          ],
          [
            -0.885718,
            0.124571,
            -0.468441
          ],
          [
            -0.625754,
            -0.361279,
            -0.395276
          ],
          [
            -0.032634,
            0.001558,
            0.138301
          ],
          [
            -0.014968,
            -0.029041,
            0.138301
          ],
          [
            0.477101,
            0.275454,
            -0.889117
          ],
          [
            0.825359,
            -0.751317,
            0.273808
          ],
          [
            0.133025,
            0.784785,
            -0.575187
          ],
          [
            0.738792,
            0.072931,
            0.266721
          ],
          [
            -0.334977,
            -0.82934,
            -0.468441
          ],
          [
            -1.120629,
            -0.646995,
            0.022494
          ],
          [
            0.318722,
            -0.610692,
            -0.060035
          ],
          [
            -0.369514,
            0.581368,
            -0.060035
          ],
          [
            -0.086369,
            -0.049865,
            0.320724
          ],
          [
            0.047063,
            0.027172,
            0.019659
          ]
        ],
        "Lattice": [
          [
            11.285424233,
            0.0,
            0.0
          ],
          [
            5.642712116,
            9.773464079,
            0.0
          ],
          [
            0.0,
            0.0,
            21.542621611
          ]
        ],
        "NumAtoms": 65,
        "Positions": [
          [
            4.23246,
            2.44361,
            0.0
          ],
          [
            7.05381,
            7.33034,
            0.0
          ],
          [
            9.87517,
            2.44361,
            0.0
          ],
          [
            12.69653,
            7.33034,
            0.0
          ],
          [
            1.41082,
            2.44361,
            0.0
          ],
          [
            4.23218,
            7.33034,
            0.0
          ],
          [
            7.05353,
            2.44361,
            0.0
          ],
          [
            9.87489,
            7.33034,
            0.0
          ],
          [
            2.82163,
            0.0,
            0.0
          ],
          [
            5.64299,
            4.88673,
            0.0
          ],
          [
            8.46434,
            0.0,
            0.0
          ],
          [
            11.2857,
            4.88673,
            0.0
          ],
          [
            0.0,
            0.0,
            0.0
          ],
          [
            2.82136,
            4.88673,
            0.0
          ],
          [
            5.64271,
            0.0,
            0.0
          ],
          [
            8.46407,
            4.88673,
            0.0
          ],
          [
            7.05406,
            4.07267,
            2.30385
          ],
          [
            9.87542,
            8.9594,
            2.30385
          ],
          [
            12.69678,
            4.07267,
            2.30385
          ],
          [
            15.51813,
            8.9594,
            2.30385
          ],
          [
            5.64325,
            1.62906,
            2.30385
          ],
          [
            8.4646,
            6.51579,
            2.30385
          ],
          [
            11.28596,
            1.62906,
            2.30385
          ],
          [
            14.10731,
            6.51579,
            2.30385
          ],
          [
            2.82161,
            1.62906,
            2.30385
          ],
          [
            5.64296,
            6.51579,
            2.30385
          ],
          [
            8.46432,
            1.62906,
            2.30385
          ],
          [
            11.28568,
            6.51579,
            2.30385
          ],
          [
            4.23243,
            4.07267,
            2.30385
          ],
          [
            7.05378,
            8.9594,
            2.30385
          ],
          [
            9.87514,
            4.07267,
            2.30385
          ],
          [
            12.6965,
            8.9594,
            2.30385
          ],
          [
            1.39317,
            0.80434,
            4.63605
          ],
          [
            4.22765,
            5.73964,
            4.57967
          ],
          [
            7.0845,
            0.79143,
            4.57967
          ],
          [
            9.86284,
            5.69431,
            4.66435
          ],
          [
            4.20919,
            0.81013,
            4.5941
          ],
          [
            7.086,
            5.70079,
            4.62896
          ],
          [
            9.88078,
            0.81209,
            4.63239
          ],
          [
            12.66088,
            5.68526,
            4.584
          ],
          [
            2.80618,
            3.2402,
            4.5941
          ],
          [
            5.64368,
            8.15096,
            4.63239
          ],
          [
            8.48003,
            3.28625,
            4.62896
          ],
          [
            11.25401,
            8.12201,
            4.584
          ],
          [
            5.61554,
            3.24214,
            4.56565
          ],
          [
            8.46383,
            8.13835,
            4.64949
          ],
          [
            11.27993,
            3.26072,
            4.64949
          ],
          [
            14.13603,
            8.16144,
            4.60746
          ],
          [
            8.49518,
            9.51946,
            6.95923
          ],
          [
            5.64644,
            4.8671,
            6.86284
          ],
          [
            8.34009,
            0.03906,
            7.09365
          ],
          [
            11.38407,
            4.99314,
            7.06667
          ],
          [
            0.0517,
            0.02985,
            7.02026
          ],
          [
            2.83271,
            4.88567,
            6.85959
          ],
          [
            5.64747,
            0.01036,
            6.85959
          ],
          [
            8.43068,
            4.86745,
            7.16685
          ],
          [
            12.49169,
            2.59732,
            6.95923
          ],
          [
            4.20387,
            7.2032,
            7.09365
          ],
          [
            7.03825,
            2.45642,
            6.86284
          ],
          [
            10.01622,
            7.36233,
            7.06667
          ],
          [
            4.42584,
            2.55526,
            6.98219
          ],
          [
            6.92031,
            7.35152,
            6.96305
          ],
          [
            9.82676,
            2.31741,
            6.96305
          ],
          [
            12.76696,
            7.37101,
            6.85535
          ],
          [
            2.81425,
            1.62481,
            7.87399
          ]
        ],
        "Stress": [
          [
            -40.64644,
            0.47456,
            0.07223
          ],
          [
            0.47456,
            -41.19442,
            0.0417
          ],
          [
            0.07223,
            0.0417,
            -4.77546
          ]
        ],
        "computation_code": "VASP",
        "pseudopotential_information": [
          [
            "PAW_PBE",
            "Pt",
            "04Feb2005"
          ],
          [
            "PAW_PBE",
            "O",
            "08Apr2002"
          ]
        ]
      }
    ],
    "EnergyStyle": "electronvolt",
    "ForcesStyle": "electronvoltperangstrom",
    "LatticeStyle": "angstrom",
    "PositionsStyle": "angstrom",
    "StressStyle": "kB"
  }
}