{
  "Dataset": {
    "AtomTypeStyle": "chemicalsymbol",
    "Data": [
      {
        "AtomTypes": [
          "Pt",
          "Pt",
          "Pt",
          "Pt",
          "Pt",
          "Pt",
          "Pt",
          "Pt",
          "Pt",
          "Pt",
          "Pt",
          "Pt",
          "Pt",
          "Pt",
          "Pt",
          "Pt",
          "Pt",
          "Pt",
          "Pt",
          "Pt",
          "Pt",
          "Pt",
          "Pt",
          "Pt",
          "Pt",
          "Pt",
          "Pt",
          "Pt",
          "Pt",
          "Pt",
          "Pt",
          "Pt",
          "Pt",
          "Pt",
          "Pt",
          "Pt",
          "Pt",
          "Pt",
          "Pt",
          "Pt",
          "Pt",
          "Pt",
          "Pt",
          "Pt",
          "Pt",
          "Pt",
          "Pt",
          "Pt",
          "Pt",
          "Pt",
          "Pt",
          "Pt",
          "Pt",
          "Pt",
          "Pt",
          "Pt",
          "Pt",
          "Pt",
          "Pt",
          "Pt",
          "Pt",
          "Pt",
          "Pt",
          "Pt",
          "O",
          "O",
          "O",
          "O",
          "O",
          "O",
          "O",
          "O",
          "O",
          "O"
        ],
        "Energy": -383.92777251,
        "Forces": [
          [
            -0.013217,
            0.01027,
            -0.276044
          ],
          [
            0.007853,
            0.004528,
            0.023399
          ],
          [
            -0.036222,
            -0.020915,
            -0.033034
          ],
          [
            0.002288,
            -0.016588,
            -0.276041
          ],
          [
            0.049916,
            -0.03436,
            -0.08842
          ],
          [
            -0.025103,
            0.000721,
            -0.246174
          ],
          [
            -0.005541,
            0.035517,
            -0.245082
          ],
          [
            0.022037,
            -0.012406,
            -0.272387
          ],
          [
            0.000297,
            0.0253,
            -0.272395
          ],
          [
            -0.011898,
            -0.022091,
            -0.246172
          ],
          [
            0.028018,
            -0.022547,
            -0.245087
          ],
          [
            -0.004773,
            0.060411,
            -0.08843
          ],
          [
            0.00154,
            0.016525,
            -0.248805
          ],
          [
            0.021555,
            0.012456,
            -0.079555
          ],
          [
            -0.007076,
            -0.004075,
            -0.00519
          ],
          [
            0.015071,
            -0.006912,
            -0.248805
          ],
          [
            0.014749,
            0.008161,
            0.599464
          ],
          [
            -0.030944,
            -0.017876,
            0.454277
          ],
          [
            0.0134,
            0.007737,
            0.287261
          ],
          [
            0.014442,
            0.008702,
            0.599472
          ],
          [
            0.003187,
            -0.003717,
            0.468853
          ],
          [
            -0.0203,
            -0.0041,
            0.530157
          ],
          [
            -0.062169,
            -0.055038,
            0.39901
          ],
          [
            0.006363,
            0.054402,
            0.543224
          ],
          [
            0.109918,
            -0.030067,
            0.585224
          ],
          [
            -0.03154,
            -0.018213,
            0.508287
          ],
          [
            -0.101612,
            -0.058669,
            0.566716
          ],
          [
            0.028929,
            0.110247,
            0.585226
          ],
          [
            0.050295,
            -0.021696,
            0.543241
          ],
          [
            -0.013703,
            -0.015521,
            0.530185
          ],
          [
            -0.078748,
            -0.026331,
            0.398994
          ],
          [
            -0.001641,
            0.004613,
            0.468871
          ],
          [
            0.048617,
            -0.026814,
            -0.052499
          ],
          [
            -0.012319,
            -0.007122,
            -0.136754
          ],
          [
            0.045755,
            0.026422,
            -0.286089
          ],
          [
            0.001094,
            0.055522,
            -0.052467
          ],
          [
            0.012043,
            0.032244,
            -0.256834
          ],
          [
            0.003038,
            -0.028954,
            -0.196427
          ],
          [
            -0.05541,
            -0.028197,
            -0.097005
          ],
          [
            -0.000714,
            0.080762,
            -0.105332
          ],
          [
            0.069579,
            -0.041018,
            -0.105337
          ],
          [
            -0.023546,
            0.017133,
            -0.196433
          ],
          [
            -0.052138,
            -0.033914,
            -0.096987
          ],
          [
            0.033909,
            -0.005721,
            -0.256926
          ],
          [
            0.038477,
            -0.008652,
            -0.105768
          ],
          [
            -0.02036,
            -0.01173,
            -0.018761
          ],
          [
            -0.064655,
            -0.037353,
            -0.036932
          ],
          [
            0.011767,
            0.037667,
            -0.105764
          ],
          [
            -0.020135,
            -0.081304,
            -0.153481
          ],
          [
            -0.140211,
            -0.00815,
            -0.212123
          ],
          [
            -0.313658,
            0.22755,
            -0.236757
          ],
          [
            -0.034856,
            -0.061552,
            -0.259662
          ],
          [
            -0.074575,
            0.081866,
            -0.113112
          ],
          [
            0.077695,
            0.044855,
            -0.207744
          ],
          [
            0.036408,
            0.021009,
            -0.319286
          ],
          [
            0.033611,
            -0.105522,
            -0.113111
          ],
          [
            -0.070733,
            0.000594,
            -0.259672
          ],
          [
            -0.077161,
            -0.117347,
            -0.212113
          ],
          [
            0.040242,
            -0.3854,
            -0.236759
          ],
          [
            -0.080439,
            0.023231,
            -0.153485
          ],
          [
            -0.028351,
            -0.003537,
            -0.09778
          ],
          [
            0.165877,
            0.095777,
            -0.088948
          ],
          [
            0.051573,
            0.029777,
            -0.117279
          ],
          [
            -0.017282,
            -0.022756,
            -0.097781
          ],
          [
            0.043447,
            0.060552,
            0.068149
          ],
          [
            0.149269,
            0.031075,
            0.07033
          ],
          [
            0.025821,
            -0.030745,
            -0.116372
          ],
          [
            -0.004892,
            0.090323,
            -0.099345
          ],
          [
            -0.013696,
            0.037747,
            -0.116397
          ],
          [
            0.075775,
            -0.049403,
            -0.099344
          ],
          [
            0.101554,
            0.113724,
            0.07033
          ],
          [
            0.074171,
            0.007355,
            0.068134
          ],
          [
            -0.047545,
            0.105464,
            -0.040171
          ],
          [
            0.067584,
            -0.093922,
            -0.040148
          ]
        ],
        "Lattice": [
          [
            11.285424233,
            0.0,
            0.0
          ],
          [
            5.642712116,
            9.773464079,
            0.0
          ],
          [
            0.0,
            0.0,
            21.542621611
          ]
        ],
        "NumAtoms": 74,
        "Positions": [
          [
            4.23246,
            2.44361,
            0.0
          ],
          [
            7.05381,
            7.33034,
            0.0
          ],
          [
            9.87517,
            2.44361,
            0.0
          ],
          [
            12.69653,
            7.33034,
            0.0
          ],
          [
            1.41082,
            2.44361,
            0.0
          ],
          [
            4.23218,
            7.33034,
            0.0
          ],
          [
            7.05353,
            2.44361,
            0.0
          ],
          [
            9.87489,
            7.33034,
            0.0
          ],
          [
            2.82163,
            0.0,
            0.0
          ],
          [
            5.64299,
            4.88673,
            0.0
          ],
          [
            8.46434,
            0.0,
            0.0
          ],
          [
            11.2857,
            4.88673,
            0.0
          ],
          [
            0.0,
            0.0,
            0.0
          ],
          [
            2.82136,
            4.88673,
            0.0
          ],
          [
            5.64271,
            0.0,
            0.0
          ],
          [
            8.46407,
            4.88673,
            0.0
          ],
          [
            7.05406,
            4.07267,
            2.30385
          ],
          [
            9.87542,
            8.9594,
            2.30385
          ],
          [
            12.69678,
            4.07267,
            2.30385
          ],
          [
            15.51813,
            8.9594,
            2.30385
          ],
          [
            5.64325,
            1.62906,
            2.30385
          ],
          [
            8.4646,
            6.51579,
            2.30385
          ],
          [
            11.28596,
            1.62906,
            2.30385
          ],
          [
            14.10731,
            6.51579,
            2.30385
          ],
          [
            2.82161,
            1.62906,
            2.30385
          ],
          [
            5.64296,
            6.51579,
            2.30385
          ],
          [
            8.46432,
            1.62906,
            2.30385
          ],
          [
            11.28568,
            6.51579,
            2.30385
          ],
          [
            4.23243,
            4.07267,
            2.30385
          ],
          [
            7.05378,
            8.9594,
            2.30385
          ],
          [
            9.87514,
            4.07267,
            2.30385
          ],
          [
            12.6965,
            8.9594,
            2.30385
          ],
          [
            1.38992,
            0.80247,
            4.644
          ],
          [
            4.25334,
            5.71349,
            4.67249
          ],
          [
            7.08401,
            0.83213,
            4.69695
          ],
          [
            9.85399,
            5.68921,
            4.644
          ],
          [
            4.21316,
            0.82691,
            4.67904
          ],
          [
            7.05804,
            5.69615,
            4.70966
          ],
          [
            9.89114,
            0.82593,
            4.68159
          ],
          [
            12.68984,
            5.68418,
            4.67586
          ],
          [
            2.80349,
            3.26091,
            4.67587
          ],
          [
            5.64068,
            8.15109,
            4.70966
          ],
          [
            8.48221,
            3.26629,
            4.68158
          ],
          [
            11.28678,
            8.12198,
            4.67905
          ],
          [
            5.61661,
            3.23811,
            4.64532
          ],
          [
            8.49667,
            8.16337,
            4.68165
          ],
          [
            11.30787,
            3.27078,
            4.67127
          ],
          [
            14.07666,
            8.1318,
            4.64532
          ],
          [
            2.94665,
            -0.03111,
            7.03031
          ],
          [
            5.63754,
            4.95723,
            7.00559
          ],
          [
            8.35718,
            0.03182,
            7.0418
          ],
          [
            11.37472,
            4.86142,
            6.98575
          ],
          [
            0.00869,
            0.02219,
            6.98078
          ],
          [
            2.73083,
            4.83447,
            6.98217
          ],
          [
            5.66817,
            0.0147,
            6.94316
          ],
          [
            8.48763,
            4.88316,
            6.98078
          ],
          [
            1.43341,
            2.53335,
            6.98575
          ],
          [
            4.2905,
            7.29037,
            7.00559
          ],
          [
            7.0275,
            2.33489,
            7.04179
          ],
          [
            9.91045,
            7.45416,
            7.03031
          ],
          [
            4.36681,
            2.38056,
            7.03887
          ],
          [
            6.96219,
            7.27744,
            7.00049
          ],
          [
            9.7454,
            2.36869,
            7.01999
          ],
          [
            12.7091,
            7.47822,
            7.03887
          ],
          [
            2.86447,
            1.63037,
            8.19843
          ],
          [
            15.39915,
            8.97896,
            8.17893
          ],
          [
            8.45631,
            6.56562,
            8.16867
          ],
          [
            9.89367,
            4.0324,
            8.17621
          ],
          [
            7.09279,
            8.9273,
            8.16867
          ],
          [
            11.26035,
            1.66523,
            8.17621
          ],
          [
            7.01151,
            3.95984,
            8.17892
          ],
          [
            11.30825,
            6.55225,
            8.19843
          ],
          [
            4.2361,
            4.06324,
            8.17377
          ],
          [
            14.10098,
            6.52369,
            8.17377
          ]
        ],
        "Stress": [
          [
            -10.76153,
            -0.08649,
            0.40943
          ],
          [
            -0.08649,
            -10.6617,
            0.2364
          ],
          [
            0.40943,
            0.2364,
            -14.10766
          ]
        ],
        "computation_code": "VASP",
        "pseudopotential_information": [
          [
            "PAW_PBE",
            "Pt",
            "04Feb2005"
          ],
          [
            "PAW_PBE",
            "O",
            "08Apr2002"
          ]
        ]
      }
    ],
    "EnergyStyle": "electronvolt",
    "ForcesStyle": "electronvoltperangstrom",
    "LatticeStyle": "angstrom",
    "PositionsStyle": "angstrom",
    "StressStyle": "kB"
  }
}