{
  "Dataset": {
    "AtomTypeStyle": "chemicalsymbol",
    "Data": [
      {
        "AtomTypes": [
          "Pt",
          "Pt",
          "Pt",
          "Pt",
          "Pt",
          "Pt",
          "Pt",
          "Pt",
          "Pt",
          "Pt",
          "Pt",
          "Pt",
          "Pt",
          "Pt",
          "Pt",
          "Pt",
          "Pt",
          "Pt",
          "Pt",
          "Pt",
          "Pt",
          "Pt",
          "Pt",
          "Pt",
          "Pt",
          "Pt",
          "Pt",
          "Pt",
          "Pt",
          "Pt",
          "Pt",
          "Pt",
          "Pt",
          "Pt",
          "Pt",
          "Pt",
          "Pt",
          "Pt",
          "Pt",
          "Pt",
          "Pt",
          "Pt",
          "Pt",
          "Pt",
          "Pt",
          "Pt",
          "Pt",
          "Pt",
          "Pt",
          "Pt",
          "Pt",
          "Pt",
          "Pt",
          "Pt",
          "Pt",
          "Pt",
          "Pt",
          "Pt",
          "Pt",
          "Pt",
          "Pt",
          "Pt",
          "Pt",
          "Pt",
          "O",
          "O",
          "O",
          "O",
          "O",
          "O",
          "O"
        ],
        "Energy": -369.48118498,
        "Forces": [
          [
            -0.012228,
            -0.00706,
            -0.306085
          ],
          [
            -0.024033,
            -0.053807,
            -0.074907
          ],
          [
            -0.058615,
            0.006091,
            -0.074907
          ],
          [
            -0.020419,
            -0.011789,
            -0.290339
          ],
          [
            0.058007,
            0.018813,
            -0.053213
          ],
          [
            -0.003934,
            -0.008638,
            -0.224065
          ],
          [
            -0.022767,
            -0.002847,
            -0.181824
          ],
          [
            0.045478,
            4.2e-05,
            -0.077413
          ],
          [
            0.045296,
            0.040829,
            -0.053213
          ],
          [
            -0.013849,
            -0.018293,
            -0.181824
          ],
          [
            -0.009448,
            0.000912,
            -0.224065
          ],
          [
            0.022775,
            0.039364,
            -0.077413
          ],
          [
            -0.078103,
            -0.045093,
            -0.052442
          ],
          [
            0.033485,
            0.055697,
            -0.092265
          ],
          [
            0.064978,
            0.00115,
            -0.092265
          ],
          [
            0.025636,
            0.014801,
            -0.23389
          ],
          [
            0.056263,
            0.032484,
            0.305453
          ],
          [
            -0.063614,
            -0.027786,
            -0.013047
          ],
          [
            -0.055871,
            -0.041198,
            -0.013047
          ],
          [
            0.052655,
            0.0304,
            0.203983
          ],
          [
            0.076775,
            0.08953,
            0.099677
          ],
          [
            -0.054909,
            -0.072622,
            0.244651
          ],
          [
            -0.031704,
            -4.9e-05,
            0.212762
          ],
          [
            0.074249,
            -0.022986,
            0.001981
          ],
          [
            -0.041647,
            -0.024045,
            0.227107
          ],
          [
            -0.009447,
            -0.04722,
            0.220433
          ],
          [
            -0.045617,
            0.015428,
            0.220433
          ],
          [
            -0.054236,
            -0.031313,
            0.096362
          ],
          [
            0.115923,
            0.021724,
            0.099677
          ],
          [
            -0.015894,
            -0.027432,
            0.212762
          ],
          [
            -0.090347,
            -0.011241,
            0.244651
          ],
          [
            0.017218,
            0.075794,
            0.001981
          ],
          [
            0.016011,
            0.009244,
            0.003017
          ],
          [
            -0.008523,
            -0.003351,
            0.007576
          ],
          [
            -0.007164,
            -0.005706,
            0.007576
          ],
          [
            0.012319,
            0.007113,
            0.001128
          ],
          [
            0.005151,
            -0.006423,
            0.009943
          ],
          [
            -0.015107,
            0.009159,
            -0.001131
          ],
          [
            -0.013723,
            -0.001998,
            0.006925
          ],
          [
            0.003192,
            -0.000982,
            0.015894
          ],
          [
            -0.002987,
            0.007673,
            0.009943
          ],
          [
            -0.008592,
            -0.010885,
            0.006925
          ],
          [
            0.000378,
            -0.017663,
            -0.001131
          ],
          [
            0.000746,
            0.003256,
            0.015894
          ],
          [
            0.007278,
            0.004202,
            0.011926
          ],
          [
            0.01309,
            -0.000669,
            0.006819
          ],
          [
            0.005966,
            0.011671,
            0.006819
          ],
          [
            -0.000212,
            -0.000122,
            0.017043
          ],
          [
            -0.009287,
            -0.008523,
            -0.007001
          ],
          [
            -0.026832,
            0.03422,
            -0.027699
          ],
          [
            0.000844,
            0.022289,
            -0.010928
          ],
          [
            0.008555,
            -0.012189,
            -0.000102
          ],
          [
            0.022405,
            0.012936,
            -0.003597
          ],
          [
            0.001841,
            0.001368,
            0.004672
          ],
          [
            0.002105,
            0.00091,
            0.004672
          ],
          [
            0.003027,
            0.001748,
            -0.025941
          ],
          [
            -0.012024,
            -0.003782,
            -0.007001
          ],
          [
            0.019725,
            -0.010414,
            -0.010928
          ],
          [
            0.016219,
            -0.040347,
            -0.027699
          ],
          [
            -0.006278,
            0.013504,
            -0.000102
          ],
          [
            -0.017346,
            -0.010015,
            0.009063
          ],
          [
            0.002346,
            0.014526,
            -0.002312
          ],
          [
            0.013752,
            -0.005231,
            -0.002312
          ],
          [
            -0.012497,
            -0.007215,
            0.007448
          ],
          [
            0.004715,
            0.002722,
            -0.007348
          ],
          [
            -0.00077,
            -0.000445,
            -0.021967
          ],
          [
            0.007872,
            0.012283,
            -0.013243
          ],
          [
            0.014574,
            0.000676,
            -0.013243
          ],
          [
            -0.003185,
            -0.014453,
            -0.019085
          ],
          [
            -0.014109,
            0.004469,
            -0.019085
          ],
          [
            -0.005535,
            -0.003196,
            -0.007119
          ]
        ],
        "Lattice": [
          [
            11.285424233,
            0.0,
            0.0
          ],
          [
            5.642712116,
            9.773464079,
            0.0
          ],
          [
            0.0,
            0.0,
            21.542621611
          ]
        ],
        "NumAtoms": 71,
        "Positions": [
          [
            4.23246,
            2.44361,
            0.0
          ],
          [
            7.05381,
            7.33034,
            0.0
          ],
          [
            9.87517,
            2.44361,
            0.0
          ],
          [
            12.69653,
            7.33034,
            0.0
          ],
          [
            1.41082,
            2.44361,
            0.0
          ],
          [
            4.23218,
            7.33034,
            0.0
          ],
          [
            7.05353,
            2.44361,
            0.0
          ],
          [
            9.87489,
            7.33034,
            0.0
          ],
          [
            2.82163,
            0.0,
            0.0
          ],
          [
            5.64299,
            4.88673,
            0.0
          ],
          [
            8.46434,
            0.0,
            0.0
          ],
          [
            11.2857,
            4.88673,
            0.0
          ],
          [
            0.0,
            0.0,
            0.0
          ],
          [
            2.82136,
            4.88673,
            0.0
          ],
          [
            5.64271,
            0.0,
            0.0
          ],
          [
            8.46407,
            4.88673,
            0.0
          ],
          [
            7.05406,
            4.07267,
            2.30385
          ],
          [
            9.87542,
            8.9594,
            2.30385
          ],
          [
            12.69678,
            4.07267,
            2.30385
          ],
          [
            15.51813,
            8.9594,
            2.30385
          ],
          [
            5.64325,
            1.62906,
            2.30385
          ],
          [
            8.4646,
            6.51579,
            2.30385
          ],
          [
            11.28596,
            1.62906,
            2.30385
          ],
          [
            14.10731,
            6.51579,
            2.30385
          ],
          [
            2.82161,
            1.62906,
            2.30385
          ],
          [
            5.64296,
            6.51579,
            2.30385
          ],
          [
            8.46432,
            1.62906,
            2.30385
          ],
          [
            11.28568,
            6.51579,
            2.30385
          ],
          [
            4.23243,
            4.07267,
            2.30385
          ],
          [
            7.05378,
            8.9594,
            2.30385
          ],
          [
            9.87514,
            4.07267,
            2.30385
          ],
          [
            12.6965,
            8.9594,
            2.30385
          ],
          [
            1.39296,
            0.80423,
            4.65581
          ],
          [
            4.27202,
            5.73007,
            4.6163
          ],
          [
            7.09839,
            0.83464,
            4.6163
          ],
          [
            9.84308,
            5.6829,
            4.62882
          ],
          [
            4.21408,
            0.80384,
            4.57084
          ],
          [
            7.06669,
            5.70116,
            4.63473
          ],
          [
            9.89744,
            0.83009,
            4.6305
          ],
          [
            12.66472,
            5.68626,
            4.5586
          ],
          [
            2.80319,
            3.24758,
            4.57084
          ],
          [
            5.6676,
            8.15639,
            4.6305
          ],
          [
            8.4707,
            3.26935,
            4.63473
          ],
          [
            11.2568,
            8.12484,
            4.5586
          ],
          [
            5.61588,
            3.24233,
            4.59346
          ],
          [
            8.4655,
            8.17067,
            4.6345
          ],
          [
            11.30876,
            3.246,
            4.6345
          ],
          [
            14.11206,
            8.1476,
            4.53723
          ],
          [
            2.99618,
            -0.02282,
            6.97439
          ],
          [
            5.49831,
            4.9091,
            6.97115
          ],
          [
            8.33966,
            -0.01568,
            6.93336
          ],
          [
            11.41303,
            4.99072,
            6.94974
          ],
          [
            -0.03724,
            -0.0215,
            6.92213
          ],
          [
            2.81356,
            4.93449,
            6.82876
          ],
          [
            5.68017,
            -0.03063,
            6.82876
          ],
          [
            8.43747,
            4.87138,
            6.94475
          ],
          [
            1.47833,
            2.60618,
            6.97439
          ],
          [
            4.15625,
            7.23021,
            6.93336
          ],
          [
            7.00056,
            2.30713,
            6.97115
          ],
          [
            10.02861,
            7.38862,
            6.94974
          ],
          [
            4.32237,
            2.49552,
            6.85163
          ],
          [
            6.96088,
            7.25245,
            6.93551
          ],
          [
            9.76125,
            2.40207,
            6.93551
          ],
          [
            12.71173,
            7.33912,
            6.8286
          ],
          [
            2.98065,
            1.72088,
            8.14787
          ],
          [
            15.33634,
            8.85444,
            8.13163
          ],
          [
            8.54461,
            6.58011,
            8.07171
          ],
          [
            9.97085,
            4.1098,
            8.07171
          ],
          [
            7.09326,
            8.93447,
            8.06645
          ],
          [
            11.28411,
            1.67571,
            8.06645
          ],
          [
            6.88831,
            3.97697,
            8.11296
          ]
        ],
        "Stress": [
          [
            -17.6851,
            -0.20814,
            -0.03402
          ],
          [
            -0.20814,
            -17.44476,
            -0.01964
          ],
          [
            -0.03402,
            -0.01964,
            -0.78902
          ]
        ],
        "computation_code": "VASP",
        "pseudopotential_information": [
          [
            "PAW_PBE",
            "Pt",
            "04Feb2005"
          ],
          [
            "PAW_PBE",
            "O",
            "08Apr2002"
          ]
        ]
      }
    ],
    "EnergyStyle": "electronvolt",
    "ForcesStyle": "electronvoltperangstrom",
    "LatticeStyle": "angstrom",
    "PositionsStyle": "angstrom",
    "StressStyle": "kB"
  }
}