{
  "Dataset": {
    "AtomTypeStyle": "chemicalsymbol",
    "Data": [
      {
        "AtomTypes": [
          "Pt",
          "Pt",
          "Pt",
          "Pt",
          "Pt",
          "Pt",
          "Pt",
          "Pt",
          "Pt",
          "Pt",
          "Pt",
          "Pt",
          "Pt",
          "Pt",
          "Pt",
          "Pt",
          "Pt",
          "Pt",
          "Pt",
          "Pt",
          "Pt",
          "Pt",
          "Pt",
          "Pt",
          "Pt",
          "Pt",
          "Pt",
          "Pt",
          "Pt",
          "Pt",
          "Pt",
          "Pt",
          "Pt",
          "Pt",
          "Pt",
          "Pt",
          "Pt",
          "Pt",
          "Pt",
          "Pt",
          "Pt",
          "Pt",
          "Pt",
          "Pt",
          "Pt",
          "Pt",
          "Pt",
          "Pt",
          "Pt",
          "Pt",
          "Pt",
          "Pt",
          "Pt",
          "Pt",
          "Pt",
          "Pt",
          "Pt",
          "Pt",
          "Pt",
          "Pt",
          "Pt",
          "Pt",
          "Pt",
          "Pt",
          "O",
          "O",
          "O",
          "O",
          "O",
          "O",
          "O",
          "O",
          "O",
          "O",
          "O",
          "O",
          "O"
        ],
        "Energy": -396.26900695,
        "Forces": [
          [
            -0.000484,
            0.007576,
            -0.228944
          ],
          [
            0.013616,
            0.007855,
            -0.002154
          ],
          [
            0.003924,
            0.002263,
            -0.22741
          ],
          [
            0.006323,
            -0.004212,
            -0.228944
          ],
          [
            0.011833,
            6.3e-05,
            -0.060596
          ],
          [
            -0.04709,
            -0.013314,
            -0.202933
          ],
          [
            -0.019486,
            -0.002431,
            -0.199081
          ],
          [
            0.029575,
            -0.007199,
            -0.216148
          ],
          [
            0.008581,
            0.029222,
            -0.216149
          ],
          [
            -0.035045,
            -0.034114,
            -0.202934
          ],
          [
            -0.011821,
            -0.015652,
            -0.199083
          ],
          [
            0.005998,
            0.010225,
            -0.060597
          ],
          [
            -0.020873,
            0.023157,
            -0.23093
          ],
          [
            0.004263,
            0.002473,
            -0.24553
          ],
          [
            0.011591,
            0.006703,
            -0.222684
          ],
          [
            0.009607,
            -0.029638,
            -0.230929
          ],
          [
            0.00453,
            -0.015971,
            0.582041
          ],
          [
            -0.002845,
            -0.00164,
            0.559811
          ],
          [
            0.032411,
            0.018717,
            0.342831
          ],
          [
            -0.01157,
            0.011915,
            0.582044
          ],
          [
            0.013624,
            0.011544,
            0.576692
          ],
          [
            0.012824,
            -0.010797,
            0.458737
          ],
          [
            -0.048192,
            -0.029182,
            0.443185
          ],
          [
            0.000827,
            0.021268,
            0.59248
          ],
          [
            0.057212,
            -0.026308,
            0.522483
          ],
          [
            -0.014918,
            -0.008616,
            0.458537
          ],
          [
            -0.018404,
            -0.010626,
            0.64273
          ],
          [
            0.005825,
            0.062701,
            0.522486
          ],
          [
            0.018832,
            -0.009921,
            0.592487
          ],
          [
            -0.00294,
            0.016503,
            0.458745
          ],
          [
            -0.049371,
            -0.027146,
            0.443192
          ],
          [
            0.016802,
            0.006024,
            0.576702
          ],
          [
            0.024241,
            -0.034508,
            0.052676
          ],
          [
            0.00177,
            0.001023,
            0.033289
          ],
          [
            -0.018166,
            -0.010489,
            0.032701
          ],
          [
            -0.017765,
            0.03825,
            0.052674
          ],
          [
            -0.025278,
            0.028476,
            -0.062764
          ],
          [
            0.00495,
            -0.066502,
            0.202415
          ],
          [
            -0.01405,
            0.037787,
            0.06276
          ],
          [
            0.007532,
            -0.007562,
            -0.001185
          ],
          [
            -0.002785,
            0.010307,
            -0.001181
          ],
          [
            -0.055117,
            0.037538,
            0.202409
          ],
          [
            0.025702,
            -0.031061,
            0.062758
          ],
          [
            0.012026,
            -0.036133,
            -0.062767
          ],
          [
            -8.4e-05,
            -0.043784,
            0.136406
          ],
          [
            0.060264,
            0.034793,
            0.21463
          ],
          [
            -0.003464,
            -0.001998,
            0.194453
          ],
          [
            -0.037962,
            0.021819,
            0.136406
          ],
          [
            0.007895,
            -0.125795,
            -0.014476
          ],
          [
            0.048803,
            -0.080026,
            -0.079141
          ],
          [
            -0.108948,
            -0.131919,
            -0.052248
          ],
          [
            -0.026074,
            -0.168388,
            -0.119262
          ],
          [
            0.035023,
            -0.048603,
            -0.036046
          ],
          [
            0.060282,
            0.034807,
            -0.129073
          ],
          [
            0.012763,
            0.007366,
            -0.271248
          ],
          [
            -0.024584,
            0.054636,
            -0.036053
          ],
          [
            -0.158867,
            0.061603,
            -0.119264
          ],
          [
            -0.044912,
            0.082279,
            -0.079138
          ],
          [
            -0.168717,
            -0.028395,
            -0.052246
          ],
          [
            -0.104992,
            0.069733,
            -0.014478
          ],
          [
            0.125351,
            0.022252,
            -0.052106
          ],
          [
            0.007898,
            0.004554,
            -0.090983
          ],
          [
            0.16094,
            0.092915,
            -0.08025
          ],
          [
            0.081952,
            0.097437,
            -0.052108
          ],
          [
            0.087261,
            0.102455,
            -0.205901
          ],
          [
            -0.171033,
            -0.025204,
            -0.476787
          ],
          [
            0.049494,
            -0.006168,
            -0.601797
          ],
          [
            0.193075,
            -0.020536,
            -0.470077
          ],
          [
            0.019409,
            0.045954,
            -0.601803
          ],
          [
            0.078744,
            0.177474,
            -0.470076
          ],
          [
            -0.107339,
            -0.135529,
            -0.476784
          ],
          [
            0.132359,
            0.024342,
            -0.2059
          ],
          [
            -0.140867,
            -0.154561,
            -0.429312
          ],
          [
            -0.204295,
            -0.044715,
            -0.429312
          ],
          [
            0.422095,
            0.243692,
            -0.417786
          ],
          [
            -0.186379,
            -0.107601,
            -0.10551
          ],
          [
            -0.023309,
            -0.013457,
            -0.466646
          ]
        ],
        "Lattice": [
          [
            11.285424233,
            0.0,
            0.0
          ],
          [
            5.642712116,
            9.773464079,
            0.0
          ],
          [
            0.0,
            0.0,
            21.542621611
          ]
        ],
        "NumAtoms": 77,
        "Positions": [
          [
            4.23246,
            2.44361,
            0.0
          ],
          [
            7.05381,
            7.33034,
            0.0
          ],
          [
            9.87517,
            2.44361,
            0.0
          ],
          [
            12.69653,
            7.33034,
            0.0
          ],
          [
            1.41082,
            2.44361,
            0.0
          ],
          [
            4.23218,
            7.33034,
            0.0
          ],
          [
            7.05353,
            2.44361,
            0.0
          ],
          [
            9.87489,
            7.33034,
            0.0
          ],
          [
            2.82163,
            0.0,
            0.0
          ],
          [
            5.64299,
            4.88673,
            0.0
          ],
          [
            8.46434,
            0.0,
            0.0
          ],
          [
            11.2857,
            4.88673,
            0.0
          ],
          [
            0.0,
            0.0,
            0.0
          ],
          [
            2.82136,
            4.88673,
            0.0
          ],
          [
            5.64271,
            0.0,
            0.0
          ],
          [
            8.46407,
            4.88673,
            0.0
          ],
          [
            7.05406,
            4.07267,
            2.30385
          ],
          [
            9.87542,
            8.9594,
            2.30385
          ],
          [
            12.69678,
            4.07267,
            2.30385
          ],
          [
            15.51813,
            8.9594,
            2.30385
          ],
          [
            5.64325,
            1.62906,
            2.30385
          ],
          [
            8.4646,
            6.51579,
            2.30385
          ],
          [
            11.28596,
            1.62906,
            2.30385
          ],
          [
            14.10731,
            6.51579,
            2.30385
          ],
          [
            2.82161,
            1.62906,
            2.30385
          ],
          [
            5.64296,
            6.51579,
            2.30385
          ],
          [
            8.46432,
            1.62906,
            2.30385
          ],
          [
            11.28568,
            6.51579,
            2.30385
          ],
          [
            4.23243,
            4.07267,
            2.30385
          ],
          [
            7.05378,
            8.9594,
            2.30385
          ],
          [
            9.87514,
            4.07267,
            2.30385
          ],
          [
            12.6965,
            8.9594,
            2.30385
          ],
          [
            1.41406,
            0.80112,
            4.6603
          ],
          [
            4.24287,
            5.70744,
            4.66624
          ],
          [
            7.05167,
            0.81346,
            4.69438
          ],
          [
            9.86489,
            5.71079,
            4.6603
          ],
          [
            4.21709,
            0.82335,
            4.66607
          ],
          [
            7.05552,
            5.69766,
            4.6838
          ],
          [
            9.89248,
            0.82715,
            4.66722
          ],
          [
            12.69613,
            5.68415,
            4.66201
          ],
          [
            2.80662,
            3.26636,
            4.66201
          ],
          [
            5.64072,
            8.14816,
            4.6838
          ],
          [
            8.48393,
            3.26683,
            4.66722
          ],
          [
            11.28565,
            8.12716,
            4.66607
          ],
          [
            5.64167,
            3.25681,
            4.68704
          ],
          [
            8.46903,
            8.14742,
            4.68692
          ],
          [
            11.28746,
            3.259,
            4.67448
          ],
          [
            14.10539,
            8.14416,
            4.68704
          ],
          [
            2.83573,
            0.02416,
            6.97837
          ],
          [
            5.62251,
            4.87841,
            6.98025
          ],
          [
            8.36951,
            -0.04047,
            7.03741
          ],
          [
            11.38163,
            4.85588,
            7.01878
          ],
          [
            -0.00527,
            0.02145,
            6.96795
          ],
          [
            2.72794,
            4.8328,
            7.00256
          ],
          [
            5.71457,
            0.04149,
            7.02282
          ],
          [
            8.48001,
            4.87144,
            6.96795
          ],
          [
            1.43206,
            2.54211,
            7.01879
          ],
          [
            4.21472,
            7.31677,
            6.98025
          ],
          [
            6.97106,
            2.38171,
            7.03741
          ],
          [
            9.90285,
            7.33047,
            6.97837
          ],
          [
            4.31243,
            2.37709,
            7.02711
          ],
          [
            7.05592,
            7.33156,
            6.96462
          ],
          [
            9.86157,
            2.43576,
            6.97867
          ],
          [
            12.67891,
            7.43286,
            7.02711
          ],
          [
            2.83216,
            1.65924,
            8.21642
          ],
          [
            15.46922,
            8.97381,
            8.2294
          ],
          [
            8.4604,
            6.52049,
            8.23716
          ],
          [
            9.899,
            4.08322,
            8.23025
          ],
          [
            7.05575,
            8.95341,
            8.23716
          ],
          [
            11.30702,
            1.64444,
            8.23025
          ],
          [
            7.04209,
            4.0231,
            8.2294
          ],
          [
            11.31709,
            6.50984,
            8.21642
          ],
          [
            4.2204,
            4.04917,
            8.22415
          ],
          [
            14.08095,
            6.51712,
            8.22415
          ],
          [
            9.94965,
            9.00225,
            8.23189
          ],
          [
            8.42185,
            1.60453,
            8.21599
          ],
          [
            5.63702,
            6.51236,
            8.2257
          ]
        ],
        "Stress": [
          [
            1.83762,
            -0.07554,
            0.28566
          ],
          [
            -0.07554,
            1.92487,
            0.16493
          ],
          [
            0.28566,
            0.16493,
            -25.25681
          ]
        ],
        "computation_code": "VASP",
        "pseudopotential_information": [
          [
            "PAW_PBE",
            "Pt",
            "04Feb2005"
          ],
          [
            "PAW_PBE",
            "O",
            "08Apr2002"
          ]
        ]
      }
    ],
    "EnergyStyle": "electronvolt",
    "ForcesStyle": "electronvoltperangstrom",
    "LatticeStyle": "angstrom",
    "PositionsStyle": "angstrom",
    "StressStyle": "kB"
  }
}