{
  "Dataset": {
    "AtomTypeStyle": "chemicalsymbol",
    "Data": [
      {
        "AtomTypes": [
          "Pt",
          "Pt",
          "Pt",
          "Pt",
          "Pt",
          "Pt",
          "Pt",
          "Pt",
          "Pt",
          "Pt",
          "Pt",
          "Pt",
          "Pt",
          "Pt",
          "Pt",
          "Pt",
          "Pt",
          "Pt",
          "Pt",
          "Pt",
          "Pt",
          "Pt",
          "Pt",
          "Pt",
          "Pt",
          "Pt",
          "Pt",
          "Pt",
          "Pt",
          "Pt",
          "Pt",
          "Pt",
          "Pt",
          "Pt",
          "Pt",
          "Pt",
          "Pt",
          "Pt",
          "Pt",
          "Pt",
          "Pt",
          "Pt",
          "Pt",
          "Pt",
          "Pt",
          "Pt",
          "Pt",
          "Pt",
          "Pt",
          "Pt",
          "Pt",
          "Pt",
          "Pt",
          "Pt",
          "Pt",
          "Pt",
          "Pt",
          "Pt",
          "Pt",
          "Pt",
          "Pt",
          "Pt",
          "Pt",
          "Pt",
          "O",
          "O",
          "O"
        ],
        "Energy": -348.80117508,
        "Forces": [
          [
            0.003163,
            -0.00443,
            -0.217977
          ],
          [
            0.055023,
            -0.051998,
            -0.072732
          ],
          [
            -0.037999,
            0.025082,
            -0.0902
          ],
          [
            -0.015523,
            0.024219,
            -0.072316
          ],
          [
            0.044862,
            -0.014958,
            -0.067041
          ],
          [
            -0.009577,
            0.042306,
            -0.066704
          ],
          [
            0.0015,
            -0.003008,
            -0.083656
          ],
          [
            -0.030279,
            -0.033215,
            -0.066853
          ],
          [
            0.015151,
            0.074499,
            -0.073072
          ],
          [
            -0.003984,
            -0.045064,
            -0.090222
          ],
          [
            0.001038,
            0.006927,
            -0.218151
          ],
          [
            -0.015316,
            -0.025912,
            -0.072352
          ],
          [
            -0.069475,
            -0.023081,
            -0.074001
          ],
          [
            0.03276,
            0.000293,
            -0.073531
          ],
          [
            0.044843,
            0.019267,
            -0.091083
          ],
          [
            -0.00311,
            -0.001322,
            -0.21908
          ],
          [
            0.014528,
            -0.019042,
            0.096403
          ],
          [
            -0.018675,
            -0.045415,
            0.03618
          ],
          [
            -0.031125,
            -0.024211,
            -0.019158
          ],
          [
            0.001051,
            -0.009908,
            0.251915
          ],
          [
            0.010476,
            0.031489,
            0.092149
          ],
          [
            0.004028,
            0.014283,
            0.254994
          ],
          [
            0.042839,
            0.013636,
            0.032773
          ],
          [
            0.032834,
            -0.006586,
            -0.020314
          ],
          [
            -0.011889,
            0.004862,
            0.249038
          ],
          [
            -0.02957,
            0.037869,
            0.035443
          ],
          [
            -0.029238,
            0.001487,
            0.09476
          ],
          [
            -0.009301,
            0.041018,
            -0.017546
          ],
          [
            0.032143,
            -0.004845,
            0.133365
          ],
          [
            0.00037,
            -0.001102,
            0.156396
          ],
          [
            -0.021391,
            -0.02169,
            0.133892
          ],
          [
            -0.012461,
            0.031027,
            0.135985
          ],
          [
            -0.002655,
            -0.00251,
            0.001595
          ],
          [
            0.002692,
            0.000497,
            -0.000804
          ],
          [
            0.007268,
            -0.001951,
            -0.002264
          ],
          [
            0.002139,
            -0.000789,
            0.002266
          ],
          [
            0.000744,
            9.3e-05,
            0.000378
          ],
          [
            -0.00199,
            -0.001135,
            -0.002021
          ],
          [
            -0.000342,
            0.006057,
            0.000995
          ],
          [
            -0.000725,
            0.000158,
            -0.001802
          ],
          [
            -0.000936,
            -0.000935,
            0.003543
          ],
          [
            0.004588,
            -0.002784,
            7.9e-05
          ],
          [
            -0.00152,
            -7.1e-05,
            0.002545
          ],
          [
            0.000782,
            -0.009212,
            -0.001982
          ],
          [
            -0.005208,
            -0.002553,
            0.002623
          ],
          [
            -0.003394,
            0.000796,
            0.004034
          ],
          [
            0.003345,
            -0.000325,
            0.006797
          ],
          [
            -0.000679,
            4.9e-05,
            0.007672
          ],
          [
            -0.002245,
            -0.001837,
            -0.003984
          ],
          [
            0.002447,
            -0.000701,
            -0.001962
          ],
          [
            -0.003835,
            -0.003872,
            -0.002186
          ],
          [
            -0.002898,
            -0.002094,
            -0.002965
          ],
          [
            0.0042,
            0.002837,
            0.000855
          ],
          [
            0.000238,
            -0.00207,
            -0.000311
          ],
          [
            0.000371,
            0.000934,
            -0.00155
          ],
          [
            0.000747,
            -0.007549,
            -0.010204
          ],
          [
            0.003323,
            0.001149,
            0.003997
          ],
          [
            -0.004594,
            0.002108,
            0.004073
          ],
          [
            -0.000655,
            -0.0009,
            0.002712
          ],
          [
            -0.001118,
            -0.003435,
            -0.001003
          ],
          [
            -0.003682,
            0.002473,
            0.003372
          ],
          [
            0.003361,
            -0.002209,
            -0.005862
          ],
          [
            0.007182,
            -0.000314,
            -0.000925
          ],
          [
            0.004902,
            0.000551,
            -0.003808
          ],
          [
            0.003435,
            0.000811,
            0.001771
          ],
          [
            -0.002297,
            0.002313,
            -9.6e-05
          ],
          [
            -0.000687,
            -0.006056,
            -0.002886
          ]
        ],
        "Lattice": [
          [
            11.285424233,
            0.0,
            0.0
          ],
          [
            5.642712116,
            9.773464079,
            0.0
          ],
          [
            0.0,
            0.0,
            21.542621611
          ]
        ],
        "NumAtoms": 67,
        "Positions": [
          [
            4.23246,
            2.44361,
            0.0
          ],
          [
            7.05381,
            7.33034,
            0.0
          ],
          [
            9.87517,
            2.44361,
            0.0
          ],
          [
            12.69653,
            7.33034,
            0.0
          ],
          [
            1.41082,
            2.44361,
            0.0
          ],
          [
            4.23218,
            7.33034,
            0.0
          ],
          [
            7.05353,
            2.44361,
            0.0
          ],
          [
            9.87489,
            7.33034,
            0.0
          ],
          [
            2.82163,
            0.0,
            0.0
          ],
          [
            5.64299,
            4.88673,
            0.0
          ],
          [
            8.46434,
            0.0,
            0.0
          ],
          [
            11.2857,
            4.88673,
            0.0
          ],
          [
            0.0,
            0.0,
            0.0
          ],
          [
            2.82136,
            4.88673,
            0.0
          ],
          [
            5.64271,
            0.0,
            0.0
          ],
          [
            8.46407,
            4.88673,
            0.0
          ],
          [
            7.05406,
            4.07267,
            2.30385
          ],
          [
            9.87542,
            8.9594,
            2.30385
          ],
          [
            12.69678,
            4.07267,
            2.30385
          ],
          [
            15.51813,
            8.9594,
            2.30385
          ],
          [
            5.64325,
            1.62906,
            2.30385
          ],
          [
            8.4646,
            6.51579,
            2.30385
          ],
          [
            11.28596,
            1.62906,
            2.30385
          ],
          [
            14.10731,
            6.51579,
            2.30385
          ],
          [
            2.82161,
            1.62906,
            2.30385
          ],
          [
            5.64296,
            6.51579,
            2.30385
          ],
          [
            8.46432,
            1.62906,
            2.30385
          ],
          [
            11.28568,
            6.51579,
            2.30385
          ],
          [
            4.23243,
            4.07267,
            2.30385
          ],
          [
            7.05378,
            8.9594,
            2.30385
          ],
          [
            9.87514,
            4.07267,
            2.30385
          ],
          [
            12.6965,
            8.9594,
            2.30385
          ],
          [
            1.37678,
            0.80406,
            4.62834
          ],
          [
            4.22998,
            5.74077,
            4.60161
          ],
          [
            7.09009,
            0.79936,
            4.60278
          ],
          [
            9.86468,
            5.70983,
            4.5882
          ],
          [
            4.22999,
            0.82273,
            4.57526
          ],
          [
            7.05942,
            5.70319,
            4.57694
          ],
          [
            9.86998,
            0.81224,
            4.57566
          ],
          [
            12.69531,
            5.70375,
            4.55749
          ],
          [
            2.82096,
            3.24965,
            4.58663
          ],
          [
            5.67015,
            8.12475,
            4.62826
          ],
          [
            8.46094,
            3.30309,
            4.60194
          ],
          [
            11.25346,
            8.12778,
            4.60204
          ],
          [
            5.60896,
            3.23751,
            4.60133
          ],
          [
            8.46925,
            8.18258,
            4.62866
          ],
          [
            11.31697,
            3.24334,
            4.60072
          ],
          [
            14.11519,
            8.15244,
            4.5866
          ],
          [
            8.49019,
            9.72334,
            6.91429
          ],
          [
            5.63728,
            4.87226,
            6.87095
          ],
          [
            8.36944,
            0.06024,
            6.97926
          ],
          [
            11.29025,
            4.9072,
            6.86805
          ],
          [
            0.03192,
            0.0547,
            6.91417
          ],
          [
            2.8027,
            4.88824,
            6.86712
          ],
          [
            5.66047,
            0.01015,
            6.87111
          ],
          [
            8.46203,
            4.78361,
            6.98338
          ],
          [
            12.60954,
            2.52646,
            6.97932
          ],
          [
            4.20477,
            7.22197,
            6.97897
          ],
          [
            7.05287,
            2.44919,
            6.89726
          ],
          [
            9.98458,
            7.36883,
            6.98239
          ],
          [
            4.32638,
            2.50113,
            6.9766
          ],
          [
            6.99092,
            7.33942,
            6.9164
          ],
          [
            9.85808,
            2.46169,
            6.87066
          ],
          [
            12.70544,
            7.32126,
            6.86785
          ],
          [
            2.83033,
            1.65065,
            8.08222
          ],
          [
            15.49653,
            8.96316,
            8.08412
          ],
          [
            8.47239,
            6.50552,
            8.08642
          ]
        ],
        "Stress": [
          [
            -34.03688,
            -0.00744,
            0.01428
          ],
          [
            -0.00744,
            -34.04398,
            -0.05021
          ],
          [
            0.01428,
            -0.05021,
            0.36943
          ]
        ],
        "computation_code": "VASP",
        "pseudopotential_information": [
          [
            "PAW_PBE",
            "Pt",
            "04Feb2005"
          ],
          [
            "PAW_PBE",
            "O",
            "08Apr2002"
          ]
        ]
      }
    ],
    "EnergyStyle": "electronvolt",
    "ForcesStyle": "electronvoltperangstrom",
    "LatticeStyle": "angstrom",
    "PositionsStyle": "angstrom",
    "StressStyle": "kB"
  }
}