{
  "Dataset": {
    "AtomTypeStyle": "chemicalsymbol",
    "Data": [
      {
        "AtomTypes": [
          "Pt",
          "Pt",
          "Pt",
          "Pt",
          "Pt",
          "Pt",
          "Pt",
          "Pt",
          "Pt",
          "Pt",
          "Pt",
          "Pt",
          "Pt",
          "Pt",
          "Pt",
          "Pt",
          "Pt",
          "Pt",
          "Pt",
          "Pt",
          "Pt",
          "Pt",
          "Pt",
          "Pt",
          "Pt",
          "Pt",
          "Pt",
          "Pt",
          "Pt",
          "Pt",
          "Pt",
          "Pt",
          "Pt",
          "Pt",
          "Pt",
          "Pt",
          "Pt",
          "Pt",
          "Pt",
          "Pt",
          "Pt",
          "Pt",
          "Pt",
          "Pt",
          "Pt",
          "Pt",
          "Pt",
          "Pt",
          "Pt",
          "Pt",
          "Pt",
          "Pt",
          "Pt",
          "Pt",
          "Pt",
          "Pt",
          "Pt",
          "Pt",
          "Pt",
          "Pt",
          "Pt",
          "Pt",
          "Pt",
          "Pt",
          "O",
          "O",
          "O",
          "O",
          "O",
          "O",
          "O",
          "O",
          "O",
          "O",
          "O"
        ],
        "Energy": -388.75976299,
        "Forces": [
          [
            0.004557,
            0.036834,
            -0.2735
          ],
          [
            -0.017054,
            -0.00985,
            0.026894
          ],
          [
            -0.017899,
            -0.010337,
            -0.258212
          ],
          [
            0.034183,
            -0.014478,
            -0.273504
          ],
          [
            0.010835,
            -0.038355,
            -0.058882
          ],
          [
            -0.017028,
            -0.008742,
            -0.267386
          ],
          [
            0.004311,
            0.024045,
            -0.23073
          ],
          [
            0.021821,
            -0.028307,
            -0.250689
          ],
          [
            -0.013572,
            0.033061,
            -0.250689
          ],
          [
            -0.016049,
            -0.01037,
            -0.267385
          ],
          [
            0.023004,
            -0.008279,
            -0.230721
          ],
          [
            -0.027773,
            0.028576,
            -0.058884
          ],
          [
            -0.02435,
            0.025839,
            -0.243451
          ],
          [
            0.038731,
            0.022374,
            -0.067795
          ],
          [
            0.014874,
            0.008598,
            0.008
          ],
          [
            0.010196,
            -0.03399,
            -0.243446
          ],
          [
            0.050741,
            0.000595,
            0.228304
          ],
          [
            -0.069123,
            -0.039898,
            0.196665
          ],
          [
            -0.036685,
            -0.021188,
            -0.057869
          ],
          [
            0.025881,
            0.043671,
            0.228306
          ],
          [
            0.013745,
            -0.004715,
            0.121085
          ],
          [
            0.023928,
            -0.004103,
            0.306638
          ],
          [
            -0.053362,
            -0.046387,
            0.260398
          ],
          [
            -0.016876,
            0.073009,
            0.187315
          ],
          [
            0.046855,
            -0.088482,
            0.260831
          ],
          [
            0.022558,
            0.013016,
            0.190829
          ],
          [
            -0.005292,
            -0.003074,
            0.21717
          ],
          [
            -0.053215,
            0.084796,
            0.260827
          ],
          [
            0.054794,
            -0.051128,
            0.187333
          ],
          [
            0.008417,
            0.022766,
            0.30664
          ],
          [
            -0.066861,
            -0.023019,
            0.260421
          ],
          [
            0.002787,
            0.014273,
            0.12106
          ],
          [
            -0.00263,
            0.006055,
            -0.016744
          ],
          [
            0.00496,
            0.002843,
            -0.021155
          ],
          [
            0.001151,
            0.00066,
            0.018901
          ],
          [
            0.003962,
            -0.005332,
            -0.016771
          ],
          [
            0.010854,
            -0.008338,
            0.012949
          ],
          [
            0.003579,
            0.008659,
            -0.011271
          ],
          [
            -0.008983,
            -0.016651,
            -0.011225
          ],
          [
            -0.001017,
            0.006046,
            -0.018079
          ],
          [
            0.00469,
            -0.003896,
            -0.018031
          ],
          [
            0.009343,
            -0.001228,
            -0.011239
          ],
          [
            -0.018776,
            0.000767,
            -0.010904
          ],
          [
            -0.001793,
            0.01357,
            0.013028
          ],
          [
            0.016359,
            -0.004345,
            -0.027206
          ],
          [
            0.001461,
            0.00086,
            -0.028318
          ],
          [
            -0.015047,
            -0.008699,
            -0.017853
          ],
          [
            0.004424,
            0.016335,
            -0.027224
          ],
          [
            -0.008688,
            0.034391,
            -0.02026
          ],
          [
            0.005545,
            0.037908,
            -0.002572
          ],
          [
            -0.025698,
            0.02985,
            0.006533
          ],
          [
            0.001181,
            0.003145,
            0.0299
          ],
          [
            0.009762,
            0.01268,
            -0.016638
          ],
          [
            -8e-05,
            -0.0001,
            0.020277
          ],
          [
            0.069116,
            0.039738,
            -0.019523
          ],
          [
            0.015934,
            0.001868,
            -0.016677
          ],
          [
            0.003542,
            -0.000291,
            0.029696
          ],
          [
            0.035671,
            -0.014182,
            -0.002584
          ],
          [
            0.012932,
            -0.037095,
            0.006537
          ],
          [
            0.025511,
            -0.024686,
            -0.020245
          ],
          [
            -0.008201,
            -0.01349,
            -0.005287
          ],
          [
            -0.045796,
            -0.0263,
            -0.020887
          ],
          [
            -0.017207,
            -0.00988,
            -0.011827
          ],
          [
            -0.015885,
            -0.000226,
            -0.005302
          ],
          [
            0.009222,
            -0.004261,
            -0.026869
          ],
          [
            -0.003636,
            0.002836,
            -0.009593
          ],
          [
            -0.01091,
            -0.006,
            0.003957
          ],
          [
            -0.010022,
            -0.01648,
            -0.020849
          ],
          [
            -0.010696,
            -0.006445,
            0.003805
          ],
          [
            -0.019385,
            -0.000513,
            -0.020669
          ],
          [
            0.000658,
            -0.004542,
            -0.009643
          ],
          [
            0.000961,
            0.010079,
            -0.027003
          ],
          [
            0.003026,
            -0.001931,
            0.000841
          ],
          [
            -0.00015,
            0.003533,
            0.000848
          ],
          [
            -0.006323,
            -0.003664,
            0.0096
          ]
        ],
        "Lattice": [
          [
            11.285424233,
            0.0,
            0.0
          ],
          [
            5.642712116,
            9.773464079,
            0.0
          ],
          [
            0.0,
            0.0,
            21.542621611
          ]
        ],
        "NumAtoms": 75,
        "Positions": [
          [
            4.23246,
            2.44361,
            0.0
          ],
          [
            7.05381,
            7.33034,
            0.0
          ],
          [
            9.87517,
            2.44361,
            0.0
          ],
          [
            12.69653,
            7.33034,
            0.0
          ],
          [
            1.41082,
            2.44361,
            0.0
          ],
          [
            4.23218,
            7.33034,
            0.0
          ],
          [
            7.05353,
            2.44361,
            0.0
          ],
          [
            9.87489,
            7.33034,
            0.0
          ],
          [
            2.82163,
            0.0,
            0.0
          ],
          [
            5.64299,
            4.88673,
            0.0
          ],
          [
            8.46434,
            0.0,
            0.0
          ],
          [
            11.2857,
            4.88673,
            0.0
          ],
          [
            0.0,
            0.0,
            0.0
          ],
          [
            2.82136,
            4.88673,
            0.0
          ],
          [
            5.64271,
            0.0,
            0.0
          ],
          [
            8.46407,
            4.88673,
            0.0
          ],
          [
            7.05406,
            4.07267,
            2.30385
          ],
          [
            9.87542,
            8.9594,
            2.30385
          ],
          [
            12.69678,
            4.07267,
            2.30385
          ],
          [
            15.51813,
            8.9594,
            2.30385
          ],
          [
            5.64325,
            1.62906,
            2.30385
          ],
          [
            8.4646,
            6.51579,
            2.30385
          ],
          [
            11.28596,
            1.62906,
            2.30385
          ],
          [
            14.10731,
            6.51579,
            2.30385
          ],
          [
            2.82161,
            1.62906,
            2.30385
          ],
          [
            5.64296,
            6.51579,
            2.30385
          ],
          [
            8.46432,
            1.62906,
            2.30385
          ],
          [
            11.28568,
            6.51579,
            2.30385
          ],
          [
            4.23243,
            4.07267,
            2.30385
          ],
          [
            7.05378,
            8.9594,
            2.30385
          ],
          [
            9.87514,
            4.07267,
            2.30385
          ],
          [
            12.6965,
            8.9594,
            2.30385
          ],
          [
            1.41921,
            0.77752,
            4.63207
          ],
          [
            4.2517,
            5.71254,
            4.59336
          ],
          [
            7.06029,
            0.81844,
            4.6267
          ],
          [
            9.84702,
            5.72704,
            4.63207
          ],
          [
            4.21715,
            0.82631,
            4.6116
          ],
          [
            7.05288,
            5.69529,
            4.63786
          ],
          [
            9.89491,
            0.82845,
            4.60724
          ],
          [
            12.69443,
            5.69416,
            4.59961
          ],
          [
            2.81444,
            3.25988,
            4.59962
          ],
          [
            5.63735,
            8.14706,
            4.63785
          ],
          [
            8.48626,
            3.26828,
            4.60723
          ],
          [
            11.28825,
            8.12573,
            4.61159
          ],
          [
            5.62316,
            3.24199,
            4.57765
          ],
          [
            8.48997,
            8.1595,
            4.64347
          ],
          [
            11.29737,
            3.26472,
            4.60609
          ],
          [
            14.08329,
            8.13554,
            4.57765
          ],
          [
            2.85673,
            0.00967,
            6.91527
          ],
          [
            5.62867,
            4.94843,
            6.89251
          ],
          [
            8.37544,
            0.03849,
            6.89685
          ],
          [
            11.38187,
            4.83651,
            6.85258
          ],
          [
            -0.02827,
            0.01525,
            6.89496
          ],
          [
            2.74265,
            4.84129,
            6.84096
          ],
          [
            5.75104,
            0.06256,
            6.90274
          ],
          [
            8.46314,
            4.85462,
            6.89496
          ],
          [
            1.4154,
            2.55199,
            6.85259
          ],
          [
            4.27844,
            7.28709,
            6.8925
          ],
          [
            7.04242,
            2.34736,
            6.89686
          ],
          [
            9.90082,
            7.3559,
            6.91526
          ],
          [
            4.3639,
            2.3957,
            6.9346
          ],
          [
            6.94362,
            7.26672,
            6.92869
          ],
          [
            9.74707,
            2.36965,
            6.9509
          ],
          [
            12.72076,
            7.46812,
            6.93459
          ],
          [
            2.82852,
            1.69224,
            8.08514
          ],
          [
            15.40072,
            8.98497,
            8.08423
          ],
          [
            8.41552,
            6.51582,
            8.08256
          ],
          [
            9.90681,
            4.04514,
            8.07782
          ],
          [
            7.02926,
            8.91687,
            8.08258
          ],
          [
            11.27796,
            1.67025,
            8.07781
          ],
          [
            7.0175,
            3.95819,
            8.08424
          ],
          [
            11.34385,
            6.49018,
            8.08515
          ],
          [
            4.22588,
            4.08375,
            8.07358
          ],
          [
            14.11364,
            6.50459,
            8.07358
          ],
          [
            10.03074,
            9.04907,
            8.11886
          ]
        ],
        "Stress": [
          [
            2.60158,
            -0.04383,
            -0.00815
          ],
          [
            -0.04383,
            2.65217,
            -0.00467
          ],
          [
            -0.00815,
            -0.00467,
            -1.78172
          ]
        ],
        "computation_code": "VASP",
        "pseudopotential_information": [
          [
            "PAW_PBE",
            "Pt",
            "04Feb2005"
          ],
          [
            "PAW_PBE",
            "O",
            "08Apr2002"
          ]
        ]
      }
    ],
    "EnergyStyle": "electronvolt",
    "ForcesStyle": "electronvoltperangstrom",
    "LatticeStyle": "angstrom",
    "PositionsStyle": "angstrom",
    "StressStyle": "kB"
  }
}